priority,workstream,sequence,date,type,selectionTier,selectionScore,pages,title,action,why,blockingIssue,sourceNoteStatus,sourceNoteFlags,facePageStatus,facePageMissingFields,annotationTreatment,readinessBucket,dominantIssues,packetPages,sourcePdfPages,derivativePdfUrl,sourcePacketUrl,reportLinks
"P0","Hard source follow-up","3","1993-04-01","Telcon","Hard source gap","","","Telephone call with President Boris Yeltsin of Russia, April 1, 1993, Portland, Oregon","Submit targeted archival/MDR follow-up; keep uncounted and do not create a derivative PDF until actual conversation pages are located.","No released conversation pages located; William J. Clinton Presidential Library / NSC Records Management Office PRS Files, NAID 7585721, MDR 2015-0782-M-1","Pending source problem: no derivative PDF generated because no released April 1, 1993 telcon pages were located after rechecking the Clinton Library chronology and digital collection, Google Drive, NARA Scout/Catalog, and National Security Archive. Do not substitute the nearby Vancouver summit memcons, 930401 preview cable, or April 26 telcon.","Pending source text","","Pending source text","","Hard source follow-up","Hard source gap","","","No released April 1 telcon pages located in 2015-0782-M-1","","https://www.clintonlibrary.gov/sites/default/files/finding_aids_a_z/2026-05/2015-0782-M-1.pdf","hard-source-gap-packet.html; compiler-start-here.html"
"P0","Hard source follow-up","23","1994-06-03","Telcon","Hard source gap","","","Telephone call with President Boris Yeltsin of Russia, June 3, 1994, Rome, Italy","Submit targeted archival/MDR follow-up; keep uncounted and do not create a derivative PDF until actual conversation pages are located.","Marker/withdrawal only; William J. Clinton Presidential Library / NSC Records Management Office PRS Files, NAID 7585721, MDR 2015-0782-M-1","Pending source problem: no derivative PDF generated because the source packet contains marker/withdrawal/profile pages only, not released June 3, 1994 telcon text; later Clinton Library, Google Drive, NARA Scout/Catalog, and NSA searches found confirmation/context only.","Pending source text","","Pending source text","","Hard source follow-up","Hard source gap","","","Marker/withdrawal packet pages 187-190 only; no released telcon pages","","https://www.clintonlibrary.gov/sites/default/files/finding_aids_a_z/2026-05/2015-0782-M-1.pdf","hard-source-gap-packet.html; compiler-start-here.html"
"P0","Hard source follow-up","26","1994-07-10","Memcon","Hard source gap","","","Meeting with President Boris Yeltsin of Russia, July 10, 1994, Naples Italy","Submit targeted archival/MDR follow-up; keep uncounted and do not create a derivative PDF until actual conversation pages are located.","No released conversation pages located; William J. Clinton Presidential Library / NSC Records Management Office PRS Files, NAID 7585721, MDR 2015-0782-M-1","Pending source problem: no derivative PDF generated because no released July 10, 1994 Naples memcon pages were located in the reviewed Clinton Library packet, Clinton Digital Library/public-record searches, Google Drive, NARA Scout/Catalog, or National Security Archive postings; pages 213-219 have been reassigned to the September 27, 1994 one-on-one memcon.","Pending source text","","Pending source text","","Hard source follow-up","Hard source gap","","","No released July 10, 1994 Naples memcon pages located in 2015-0782-M-1","","https://www.clintonlibrary.gov/sites/default/files/finding_aids_a_z/2026-05/2015-0782-M-1.pdf","hard-source-gap-packet.html; compiler-start-here.html"
"P0","Hard source follow-up","73","1998-09-01","Memcon","Hard source gap","","","Meetings with President Boris Yeltsin of Russia, September 1-2, 1998, Moscow, Russia","Submit targeted archival/MDR follow-up; keep uncounted and do not create a derivative PDF until actual conversation pages are located.","No released conversation pages located; William J. Clinton Presidential Library / NSC Records Management Office PRS Files, NAID 7585721, MDR 2015-0782-M-2","Pending source problem: no derivative PDF generated because no released September 1-2, 1998 Moscow memcon pages were located in the reviewed MDR packet, Google Drive search, Clinton Digital Library trip-book/audio/toast releases, NARA Scout/Catalog searches, or National Security Archive postings.","Pending source text","","Pending source text","","Hard source follow-up","Hard source gap","","","No released September 1-2, 1998 Moscow memcon pages located in 2015-0782-M-2","","https://www.clintonlibrary.gov/sites/default/files/finding_aids_a_z/2026-01/2015-0782-M-2.pdf","hard-source-gap-packet.html; compiler-start-here.html"
"P0","Hard source follow-up","77","1999-02-08","Memcon","Hard source gap","","","Meeting with President Boris Yeltsin of Russia, February 8, 1999, Amman, Jordan","Submit targeted archival/MDR follow-up; keep uncounted and do not create a derivative PDF until actual conversation pages are located.","No released conversation pages located; William J. Clinton Presidential Library / NSC Records Management Office PRS Files, NAID 7585721, MDR 2015-0782-M-2","Pending source problem: no derivative PDF generated because no released February 8, 1999 Amman memcon pages were located; public White House reporting confirms only a brief interaction, not an available conversation record.","Pending source text","","Pending source text","","Hard source follow-up","Hard source gap","","","No released February 8, 1999 Amman memcon pages located in 2015-0782-M-2","","https://www.clintonlibrary.gov/sites/default/files/finding_aids_a_z/2026-01/2015-0782-M-2.pdf","hard-source-gap-packet.html; compiler-start-here.html"
"P0","Hard source follow-up","91","2000-06-05","Memcon","Hard source gap","","","Meeting with former President Boris Yeltsin of Russia, June 5, 2000, Moscow, Russia","Submit targeted archival/MDR follow-up; keep uncounted and do not create a derivative PDF until actual conversation pages are located.","Leader chronology lead only; William J. Clinton Presidential Library, Meetings and Telephone Calls with Foreign Leaders chronology and related NSC/RMO trip or leader-call files","Pending source problem: no derivative PDF generated because no released June 5, 2000 former President Yeltsin memcon pages were located in the leader chronology follow-up, Google Drive, Clinton Digital Library trip release, NARA Scout/Catalog, or National Security Archive searches.","Pending source text","","Pending source text","","Hard source follow-up","Hard source gap","","","Leader chronology lead only; no released memcon PDF located","","https://www.clintonlibrary.gov/sites/default/files/documents/clinton-foreign-meetings.pdf","hard-source-gap-packet.html; compiler-start-here.html"
"P0","Draft spine closeout","5","1993-04-04","Memcon","Tier 1 - likely core","132","12","Meeting with Russian President Boris Yeltsin on Security Issues","Read the derivative PDF, verify source-note/face-page addenda, capture annotation hooks, and make the include/excerpt/background call.","Draft spine document; Core Tier 1 likely FRUS document; close source-note review, face-page fields, heavy annotation review.","","Needs source-note review","classification marking; classified-by line not parsed; classification reason not parsed","Review fields","classification marking","Heavy annotation review","Ready to read; source-note review","Ukraine / Nuclear Security (18); Economic Reform / Assistance (17); Iraq / Middle East (15)","19-31","19-30","https://therealjameswilson.github.io/Clinton-Russia-High-Level/public/documents/1993-04-04-clinton-yeltsin-vancouver-security-issues.pdf","https://s3.amazonaws.com/NARAprodstorage/lz/presidential-libraries/clinton/wjc-nscrm/7585721/6-YeltsinVancouver.pdf","draft-selection-spine.html; source-note-element-audit.html; face-page-metadata.html"
"P0","Draft spine closeout","10","1993-07-10","Memcon","Tier 1 - likely core","100","9","Meeting with President Boris Yeltsin of Russia, July 10, 1993, Tokyo, Japan","Read the derivative PDF, verify source-note/face-page addenda, capture annotation hooks, and make the include/excerpt/background call.","Draft spine document; Core Tier 1 likely FRUS document; close source-note review, heavy annotation review.","","Needs source-note review","classified-by line not parsed; classification reason not parsed","Parsed","","Heavy annotation review","Ready to read; source-note review","Ukraine / Nuclear Security (17); Iraq / Middle East (7); Economic Reform / Assistance (4)","46-55","81-89","https://therealjameswilson.github.io/Clinton-Russia-High-Level/public/documents/1993-07-10-memcon-09.pdf","https://www.clintonlibrary.gov/sites/default/files/finding_aids_a_z/2026-05/2015-0782-M-1.pdf","draft-selection-spine.html; source-note-element-audit.html; face-page-metadata.html"
"P0","Draft spine closeout","16","1994-01-13","Memcon","Tier 1 - likely core","127","11","President's dinner with President Yeltsin, January 13/14, 1994","Read the derivative PDF, verify source-note/face-page addenda, capture annotation hooks, and make the include/excerpt/background call.","Draft spine document; Core Tier 1 likely FRUS document; close source-note review, face-page fields, heavy annotation review.","","Needs source-note review","participants; classification marking; classified-by line not parsed; classification reason not parsed; declassify-on line not parsed","Review fields","participants; classification marking","Heavy annotation review","Ready to read; source-note review","Iraq / Middle East (20); NATO / European Security (9); Ukraine / Nuclear Security (9)","80-90","1-11","https://therealjameswilson.github.io/Clinton-Russia-High-Level/public/documents/clinton-standalone-1994-01-13-yeltsin-dinner-cable.pdf","https://clinton.presidentiallibraries.us/files/original/c016beef71be071cd9c96fcf0972fd57.pdf","draft-selection-spine.html; source-note-element-audit.html; face-page-metadata.html"
"P0","Draft spine closeout","18","1994-01-14","Memcon","Tier 1 - likely core","112","8","Second Expanded Bilateral Session with President Boris Yeltsin of Russia","Read the derivative PDF, verify source-note/face-page addenda, capture annotation hooks, and make the include/excerpt/background call.","Draft spine document; Core Tier 1 likely FRUS document; close source-note review, heavy annotation review.","","Needs source-note review","classified-by line not parsed; classification reason not parsed; declassify-on line not parsed","Parsed","","Heavy annotation review","Ready to read; source-note review","Arms Control / Nonproliferation (30); Iraq / Middle East (17); Ukraine / Nuclear Security (16)","94-101","State FOIA document C06694502, conversation pages 1-8","https://therealjameswilson.github.io/Clinton-Russia-High-Level/public/documents/1994-01-14-memcon-second-expanded-bilateral-session.pdf","https://drive.google.com/file/d/1pr42yhINujL_px_Y5aXD_MmChhc5sy9v/view","draft-selection-spine.html; source-note-element-audit.html; face-page-metadata.html"
"P0","Draft spine closeout","28","1994-09-27","Memcon","Tier 1 - likely core","146","10","Meeting with President Boris Yeltsin of Russia, September 27, 1994, White House","Read the derivative PDF, verify source-note/face-page addenda, capture annotation hooks, and make the include/excerpt/background call.","Draft spine document; Core Tier 1 likely FRUS document; close source-note review, heavy annotation review.","","Needs source-note review","classified-by line not parsed; classification reason not parsed","Parsed","","Heavy annotation review","Ready to read; source-note review","Ukraine / Nuclear Security (43); Arms Control / Nonproliferation (42); Iraq / Middle East (3)","134-144","251-260","https://therealjameswilson.github.io/Clinton-Russia-High-Level/public/documents/1994-09-27-clinton-yeltsin-expanded-security-session.pdf","https://www.clintonlibrary.gov/sites/default/files/finding_aids_a_z/2026-05/2015-0782-M-1.pdf","draft-selection-spine.html; source-note-element-audit.html; face-page-metadata.html"
"P0","Draft spine closeout","34","1995-05-10","Memcon","Tier 1 - likely core","195","16","Meeting with President Boris Yeltsin of Russia, May 10, 1995, The Kremlin, Moscow, Russia","Read the derivative PDF, verify source-note/face-page addenda, capture annotation hooks, and make the include/excerpt/background call.","Draft spine document; Core Tier 1 likely FRUS document; close source-note review, face-page fields, heavy annotation review.","","Needs source-note review","participants; classification marking; classified-by line not parsed; classification reason not parsed; declassify-on line not parsed","Review fields","participants; classification marking","Heavy annotation review","Ready to read; source-note review","NATO / European Security (67); Iraq / Middle East (17); Ukraine / Nuclear Security (16)","171-187","285-300","https://therealjameswilson.github.io/Clinton-Russia-High-Level/public/documents/1995-05-10-memcon-28.pdf","https://www.clintonlibrary.gov/sites/default/files/finding_aids_a_z/2026-05/2015-0782-M-1.pdf","draft-selection-spine.html; source-note-element-audit.html; face-page-metadata.html"
"P0","Draft spine closeout","52","1997-03-21","Memcon","Tier 1 - likely core","190","11","Helsinki Morning Meeting with President Boris Yeltsin","Read the derivative PDF, verify source-note/face-page addenda, capture annotation hooks, and make the include/excerpt/background call.","Draft spine document; Core Tier 1 likely FRUS document; close source-note review, heavy annotation review.","","Needs source-note review","classified-by line not parsed","Parsed","","Heavy annotation review","Ready to read; source-note review","NATO / European Security (46); Arms Control / Nonproliferation (43); Ukraine / Nuclear Security (12)","292-303","105-115","https://therealjameswilson.github.io/Clinton-Russia-High-Level/public/documents/1997-03-21-memcon-helsinki-morning.pdf","https://www.clintonlibrary.gov/sites/default/files/finding_aids_a_z/2026-01/2015-0782-M-2.pdf","draft-selection-spine.html; source-note-element-audit.html; face-page-metadata.html"
"P0","Draft spine closeout","56","1997-05-27","Memcon","Tier 1 - likely core","117","8","Meeting with President Boris Yeltsin of Russia, May 27, 1997, Paris, France","Read the derivative PDF, verify source-note/face-page addenda, capture annotation hooks, and make the include/excerpt/background call.","Draft spine document; Core Tier 1 likely FRUS document; close source-note review, heavy annotation review.","","Needs source-note review","classified-by line not parsed","Parsed","","Heavy annotation review","Ready to read; source-note review","NATO / European Security (29); Arms Control / Nonproliferation (10); Iraq / Middle East (7)","325-333","143-150","https://therealjameswilson.github.io/Clinton-Russia-High-Level/public/documents/1997-05-27-memcon-45.pdf","https://www.clintonlibrary.gov/sites/default/files/finding_aids_a_z/2026-01/2015-0782-M-2.pdf","draft-selection-spine.html; source-note-element-audit.html; face-page-metadata.html"
"P0","Draft spine closeout","57","1997-06-20","Memcon","Tier 1 - likely core","105","8","Meeting with President Boris Yeltsin of Russia, June 20, 1997, Denver, Colorado","Read the derivative PDF, verify source-note/face-page addenda, capture annotation hooks, and make the include/excerpt/background call.","Draft spine document; Core Tier 1 likely FRUS document; close source-note review, face-page fields, heavy annotation review.","","Needs source-note review","classification marking","Review fields","classification marking","Heavy annotation review","Ready to read; source-note review","NATO / European Security (14); Iraq / Middle East (13); Arms Control / Nonproliferation (11)","334-342","165-172","https://therealjameswilson.github.io/Clinton-Russia-High-Level/public/documents/1997-06-20-memcon-46.pdf","https://www.clintonlibrary.gov/sites/default/files/finding_aids_a_z/2026-01/2015-0782-M-2.pdf","draft-selection-spine.html; source-note-element-audit.html; face-page-metadata.html"
"P0","Draft spine closeout","80","1999-04-25","Telcon","Tier 1 - likely core","215","12","Telephone call with President Boris Yeltsin of Russia, April 25, 1999, Washington, D.C.","Read the derivative PDF, verify source-note/face-page addenda, capture annotation hooks, and make the include/excerpt/background call.","Draft spine document; Core Tier 1 likely FRUS document; close heavy annotation review.","","Parsed face-page fields available","","Parsed","","Heavy annotation review","Ready for selection reading","Kosovo / Balkans (48); NATO / European Security (12); Economic Reform / Assistance (7)","453-465","445-456","https://therealjameswilson.github.io/Clinton-Russia-High-Level/public/documents/1999-04-25-telcon-70.pdf","https://www.clintonlibrary.gov/sites/default/files/finding_aids_a_z/2026-01/2015-0782-M-2.pdf","draft-selection-spine.html; source-note-element-audit.html; face-page-metadata.html"
"P0","Draft spine closeout","87","1999-06-20","Memcon","Tier 1 - likely core","142","9","Meeting with President Boris Yeltsin of Russia, June 20, 1999, Cologne, Germany","Read the derivative PDF, verify source-note/face-page addenda, capture annotation hooks, and make the include/excerpt/background call.","Draft spine document; Core Tier 1 likely FRUS document; close source-note review, face-page fields, heavy annotation review.","","Needs source-note review","classification marking","Review fields","classification marking","Heavy annotation review","Ready to read; source-note review","Arms Control / Nonproliferation (38); Kosovo / Balkans (13); Economic Reform / Assistance (7)","494-503","497-505","https://therealjameswilson.github.io/Clinton-Russia-High-Level/public/documents/1999-06-20-memcon-77.pdf","https://www.clintonlibrary.gov/sites/default/files/finding_aids_a_z/2026-01/2015-0782-M-2.pdf","draft-selection-spine.html; source-note-element-audit.html; face-page-metadata.html"
"P1","Draft spine closeout","4","1993-04-03","Memcon","Tier 2 - strong candidate","92","9","Working Dinner with President Boris Yeltsin","Read the derivative PDF, verify source-note/face-page addenda, capture annotation hooks, and make the include/excerpt/background call.","Draft spine document; Tier 2 representative for Russian Politics / Elections; close source-note review, face-page fields, heavy annotation review.","","Needs source-note review","classification marking; classified-by line not parsed; classification reason not parsed","Review fields","classification marking","Heavy annotation review","Ready to read; source-note review","Economic Reform / Assistance (18); Arms Control / Nonproliferation (4); Russian Politics / Elections (3)","9-18","9-17","https://therealjameswilson.github.io/Clinton-Russia-High-Level/public/documents/1993-04-03-clinton-yeltsin-vancouver-working-dinner.pdf","https://s3.amazonaws.com/NARAprodstorage/lz/presidential-libraries/clinton/wjc-nscrm/7585721/6-YeltsinVancouver.pdf","draft-selection-spine.html; source-note-element-audit.html; face-page-metadata.html"
"P1","Draft spine closeout","35","1995-06-17","Memcon","Tier 2 - strong candidate","76","8","Meeting with President Boris Yeltsin of Russia, June 17, 1995, Halifax, Nova Scotia, Canada","Read the derivative PDF, verify source-note/face-page addenda, capture annotation hooks, and make the include/excerpt/background call.","Draft spine document; Tier 2 representative for Chechnya / Caucasus; close source-note review, face-page fields, heavy annotation review.","","Needs source-note review","participants; classified-by line not parsed; classification reason not parsed; declassify-on line not parsed","Review fields","participants","Heavy annotation review","Ready to read; source-note review","NATO / European Security (18); Ukraine / Nuclear Security (9); Chechnya / Caucasus (8)","188-195","Strobe FOIA document C06835181, conversation pages 1-8","https://therealjameswilson.github.io/Clinton-Russia-High-Level/public/documents/1995-06-17-memcon-29.pdf","https://therealjameswilson.github.io/strobe-talbott-foia/manifest.html","draft-selection-spine.html; source-note-element-audit.html; face-page-metadata.html"
"P1","Draft spine closeout","38","1995-10-23","Memcon","Tier 2 - strong candidate","97","12","Clinton-Yeltsin One-on-One","Read the derivative PDF, verify source-note/face-page addenda, capture annotation hooks, and make the include/excerpt/background call.","Draft spine document; Phase-balance anchor: 1995 summits, reform assistance, and NATO pressure has one Tier 1 document; close source-note review, face-page fields, heavy annotation review.","","Needs source-note review","participants; classification marking; classified-by line not parsed; classification reason not parsed; declassify-on line not parsed","Review fields","participants; classification marking","Heavy annotation review","Ready to read; source-note review","NATO / European Security (21); Ukraine / Nuclear Security (7); Arms Control / Nonproliferation (5)","206-218","5-16","https://therealjameswilson.github.io/Clinton-Russia-High-Level/public/documents/1995-10-23-clinton-yeltsin-hyde-park-one-on-one.pdf","https://s3.amazonaws.com/NARAprodstorage/lz/presidential-libraries/clinton/wjc-nscrm/7585721/7-YeltsinHydePark.pdf","draft-selection-spine.html; source-note-element-audit.html; face-page-metadata.html"
"P1","Draft spine closeout","45","1996-04-21","Memcon","Tier 2 - strong candidate","79","7","Luncheon Meeting with Russian President Boris Yeltsin","Read the derivative PDF, verify source-note/face-page addenda, capture annotation hooks, and make the include/excerpt/background call.","Draft spine document; Phase-continuity anchor: 1996 election and enlargement management has no Tier 1 document; close heavy annotation review.","","Parsed face-page fields available","","Parsed","","Heavy annotation review","Ready for selection reading","Economic Reform / Assistance (17); Russian Politics / Elections (11); Arms Control / Nonproliferation (3)","261-268","7-13","https://therealjameswilson.github.io/Clinton-Russia-High-Level/public/documents/1996-04-21-memcon-moscow-luncheon.pdf","https://www.clintonlibrary.gov/sites/default/files/finding_aids_a_z/2026-01/2015-0782-M-2.pdf","draft-selection-spine.html; source-note-element-audit.html; face-page-metadata.html"
"P1","Draft spine closeout","68","1998-06-15","Telcon","Tier 2 - strong candidate","83","5","Telephone call with President Boris Yeltsin of Russia, June 15, 1998, White House","Read the derivative PDF, verify source-note/face-page addenda, capture annotation hooks, and make the include/excerpt/background call.","Draft spine document; Phase-continuity anchor: 1998 financial crisis and succession uncertainty has no Tier 1 document; close source-note review, face-page fields, heavy annotation review.","","Needs source-note review","classification marking","Review fields","classification marking","Heavy annotation review","Ready to read; source-note review","Kosovo / Balkans (25); NATO / European Security (7); Arms Control / Nonproliferation (4)","401-406","342-346","https://therealjameswilson.github.io/Clinton-Russia-High-Level/public/documents/1998-06-15-telcon-57.pdf","https://www.clintonlibrary.gov/sites/default/files/finding_aids_a_z/2026-01/2015-0782-M-2.pdf","draft-selection-spine.html; source-note-element-audit.html; face-page-metadata.html"
"P1","Tier 2 watchlist decision","14","1993-12-22","Telcon","Tier 2 - strong candidate","77","4","Telephone call with President Boris Yeltsin of Russia, December 22, 1993, White House","Compare against the draft spine and decide whether to add, swap, excerpt, or hold for annotation/background use.","Phase alternate for Ukraine, Partnership for Peace, and the 1994 balance","","Needs source-note review","classified-by line not parsed; classification reason not parsed","Parsed","","Heavy annotation review","Ready to read; source-note review","Economic Reform / Assistance (19); Ukraine / Nuclear Security (14); Russian Politics / Elections (7)","69-73","142-145","https://therealjameswilson.github.io/Clinton-Russia-High-Level/public/documents/1993-12-22-telcon-13.pdf","https://www.clintonlibrary.gov/sites/default/files/finding_aids_a_z/2026-05/2015-0782-M-1.pdf","draft-selection-spine.html; selection-priority-workbench.html; thematic-selection-matrix.html"
"P1","Tier 2 watchlist decision","15","1994-01-13","Memcon","Tier 2 - strong candidate","82","6","One-on-One Meeting with President Boris Yeltsin of Russia","Compare against the draft spine and decide whether to add, swap, excerpt, or hold for annotation/background use.","Phase alternate for Ukraine, Partnership for Peace, and the 1994 balance","","Needs source-note review","classified-by line not parsed; classification reason not parsed","Parsed","","Heavy annotation review","Ready to read; source-note review","Economic Reform / Assistance (28); Russian Politics / Elections (11); Iraq / Middle East (5)","74-79","1-6","https://therealjameswilson.github.io/Clinton-Russia-High-Level/public/documents/clinton-standalone-1994-01-13-memcon-one-on-one.pdf","https://clinton.presidentiallibraries.us/files/original/19662f645b0b622a95717322e238c1ec.pdf","draft-selection-spine.html; selection-priority-workbench.html; thematic-selection-matrix.html"
"P1","Tier 2 watchlist decision","27","1994-09-27","Memcon","Tier 2 - strong candidate","86","7","Clinton-Yeltsin one-on-one memcon, September 27, 1994","Compare against the draft spine and decide whether to add, swap, excerpt, or hold for annotation/background use.","Phase alternate for Ukraine, Partnership for Peace, and the 1994 balance","","Needs source-note review","classified-by line not parsed; classification reason not parsed","Parsed","","Heavy annotation review","Ready to read; source-note review","Kosovo / Balkans (16); Economic Reform / Assistance (5); Iraq / Middle East (5)","126-133","213-219","https://therealjameswilson.github.io/Clinton-Russia-High-Level/public/documents/1994-09-27-clinton-yeltsin-white-house-one-on-one.pdf","https://www.clintonlibrary.gov/sites/default/files/finding_aids_a_z/2026-05/2015-0782-M-1.pdf","draft-selection-spine.html; selection-priority-workbench.html; thematic-selection-matrix.html"
"P1","Tier 2 watchlist decision","36","1995-07-28","Telcon","Tier 2 - strong candidate","76","5","Telephone call with President Boris Yeltsin of Russia, July 28, 1995, White House","Compare against the draft spine and decide whether to add, swap, excerpt, or hold for annotation/background use.","Phase alternate for 1995 summits, reform assistance, and NATO pressure","","Needs source-note review","classification marking; classified-by line not parsed; classification reason not parsed","Review fields","classification marking","Heavy annotation review","Ready to read; source-note review","Kosovo / Balkans (13); NATO / European Security (6); Chechnya / Caucasus (5)","196-201","309-313","https://therealjameswilson.github.io/Clinton-Russia-High-Level/public/documents/1995-07-28-telcon-30.pdf","https://www.clintonlibrary.gov/sites/default/files/finding_aids_a_z/2026-05/2015-0782-M-1.pdf","draft-selection-spine.html; selection-priority-workbench.html; thematic-selection-matrix.html"
"P1","Tier 2 watchlist decision","40","1996-01-26","Telcon","Tier 2 - strong candidate","71","5","Telephone call with President Boris Yeltsin of Russia, January 26, 1996, White House","Compare against the draft spine and decide whether to add, swap, excerpt, or hold for annotation/background use.","Phase alternate for 1996 election and enlargement management","","Needs source-note review","classification marking","Review fields","classification marking","Heavy annotation review","Ready to read; source-note review","Russian Politics / Elections (15); Economic Reform / Assistance (7); Chechnya / Caucasus (6)","225-230","342-346","https://therealjameswilson.github.io/Clinton-Russia-High-Level/public/documents/1996-01-26-telcon-33.pdf","https://www.clintonlibrary.gov/sites/default/files/finding_aids_a_z/2026-05/2015-0782-M-1.pdf","draft-selection-spine.html; selection-priority-workbench.html; thematic-selection-matrix.html"
"P1","Tier 2 watchlist decision","41","1996-02-21","Telcon","Tier 2 - strong candidate","72","4","Telephone call with President Boris Yeltsin of Russia, February 21, 1996, White House","Compare against the draft spine and decide whether to add, swap, excerpt, or hold for annotation/background use.","Phase alternate for 1996 election and enlargement management","","Needs source-note review","classified-by line not parsed","Parsed","","Heavy annotation review","Ready to read; source-note review","NATO / European Security (12); Russian Politics / Elections (10); Arms Control / Nonproliferation (9)","231-235","354-357","https://therealjameswilson.github.io/Clinton-Russia-High-Level/public/documents/1996-02-21-telcon-34.pdf","https://www.clintonlibrary.gov/sites/default/files/finding_aids_a_z/2026-05/2015-0782-M-1.pdf","draft-selection-spine.html; selection-priority-workbench.html; thematic-selection-matrix.html"
"P1","Tier 2 watchlist decision","53","1997-03-21","Memcon","Tier 2 - strong candidate","82","8","Helsinki Working Lunch with President Boris Yeltsin","Compare against the draft spine and decide whether to add, swap, excerpt, or hold for annotation/background use.","Phase alternate for 1997 Helsinki, Founding Act, and Denver","","Needs source-note review","classification marking; classified-by line not parsed","Review fields","classification marking","Heavy annotation review","Ready to read; source-note review","NATO / European Security (10); Economic Reform / Assistance (9); Russian Politics / Elections (7)","304-312","116-123","https://therealjameswilson.github.io/Clinton-Russia-High-Level/public/documents/1997-03-21-memcon-helsinki-working-lunch.pdf","https://www.clintonlibrary.gov/sites/default/files/finding_aids_a_z/2026-01/2015-0782-M-2.pdf","draft-selection-spine.html; selection-priority-workbench.html; thematic-selection-matrix.html"
"P1","Tier 2 watchlist decision","54","1997-03-21","Memcon","Tier 2 - strong candidate","85","4","Helsinki Afternoon Meeting with President Boris Yeltsin","Compare against the draft spine and decide whether to add, swap, excerpt, or hold for annotation/background use.","Phase alternate for 1997 Helsinki, Founding Act, and Denver","","Needs source-note review","classified-by line not parsed","Parsed","","Heavy annotation review","Ready to read; source-note review","NATO / European Security (14); Economic Reform / Assistance (5); Arms Control / Nonproliferation (4)","313-317","124-127","https://therealjameswilson.github.io/Clinton-Russia-High-Level/public/documents/1997-03-21-memcon-helsinki-afternoon.pdf","https://www.clintonlibrary.gov/sites/default/files/finding_aids_a_z/2026-01/2015-0782-M-2.pdf","draft-selection-spine.html; selection-priority-workbench.html; thematic-selection-matrix.html"
"P1","Tier 2 watchlist decision","55","1997-03-21","Memcon","Tier 2 - strong candidate","95","6","Helsinki Private Dinner with President Boris Yeltsin","Compare against the draft spine and decide whether to add, swap, excerpt, or hold for annotation/background use.","Phase alternate for 1997 Helsinki, Founding Act, and Denver","","Needs source-note review","classified-by line not parsed","Parsed","","Heavy annotation review","Ready to read; source-note review","Iraq / Middle East (15); Ukraine / Nuclear Security (12); NATO / European Security (6)","318-324","128-133","https://therealjameswilson.github.io/Clinton-Russia-High-Level/public/documents/1997-03-21-memcon-helsinki-private-dinner.pdf","https://www.clintonlibrary.gov/sites/default/files/finding_aids_a_z/2026-01/2015-0782-M-2.pdf","draft-selection-spine.html; selection-priority-workbench.html; thematic-selection-matrix.html"
"P1","Tier 2 watchlist decision","65","1998-05-17","Memcon","Tier 2 - strong candidate","82","8","Meeting with President Boris Yeltsin of Russia, May 17, 1998, Birmingham, England","Compare against the draft spine and decide whether to add, swap, excerpt, or hold for annotation/background use.","Phase alternate for 1998 financial crisis and succession uncertainty","","Needs source-note review","classification marking","Review fields","classification marking","Heavy annotation review","Ready to read; source-note review","Arms Control / Nonproliferation (10); Kosovo / Balkans (9); NATO / European Security (5)","383-391","312-319","https://therealjameswilson.github.io/Clinton-Russia-High-Level/public/documents/1998-05-17-memcon-54.pdf","https://www.clintonlibrary.gov/sites/default/files/finding_aids_a_z/2026-01/2015-0782-M-2.pdf","draft-selection-spine.html; selection-priority-workbench.html; thematic-selection-matrix.html"
"P1","Tier 2 watchlist decision","79","1999-04-19","Telcon","Tier 2 - strong candidate","90","6","Telephone call with President Boris Yeltsin of Russia, April 19, 1999, White House","Compare against the draft spine and decide whether to add, swap, excerpt, or hold for annotation/background use.","Phase alternate for 1999 Kosovo, arms control, and transfer of power","","Needs source-note review","classification marking","Review fields","classification marking","Heavy annotation review","Ready to read; source-note review","Kosovo / Balkans (33); NATO / European Security (11); Economic Reform / Assistance (2)","446-452","438-443","https://therealjameswilson.github.io/Clinton-Russia-High-Level/public/documents/1999-04-19-telcon-69.pdf","https://www.clintonlibrary.gov/sites/default/files/finding_aids_a_z/2026-01/2015-0782-M-2.pdf","draft-selection-spine.html; selection-priority-workbench.html; thematic-selection-matrix.html"
"P1","Tier 2 watchlist decision","89","1999-11-19","Memcon","Tier 2 - strong candidate","74","7","Meeting with President Boris Yeltsin of Russia, November 19, 1999, Istanbul, Turkey","Compare against the draft spine and decide whether to add, swap, excerpt, or hold for annotation/background use.","Phase alternate for 1999 Kosovo, arms control, and transfer of power","","Needs source-note review","classification marking","Review fields","classification marking","Heavy annotation review","Ready to read; source-note review","Arms Control / Nonproliferation (12); Chechnya / Caucasus (8); Ukraine / Nuclear Security (7)","510-517","560-566","https://therealjameswilson.github.io/Clinton-Russia-High-Level/public/documents/1999-11-18-memcon-79.pdf","https://www.clintonlibrary.gov/sites/default/files/finding_aids_a_z/2026-01/2015-0782-M-2.pdf","draft-selection-spine.html; selection-priority-workbench.html; thematic-selection-matrix.html"
"P2","Source-note cleanup backlog","14","1993-12-22","Telcon","Tier 2 - strong candidate","77","4","Telephone call with President Boris Yeltsin of Russia, December 22, 1993, White House","Verify source-note elements and OCR-derived face-page addenda against the derivative PDF.","Source-note flags: classified-by line not parsed; classification reason not parsed.","","Needs source-note review","classified-by line not parsed; classification reason not parsed","Parsed","","Heavy annotation review","Ready to read; source-note review","Economic Reform / Assistance (19); Ukraine / Nuclear Security (14); Russian Politics / Elections (7)","69-73","142-145","https://therealjameswilson.github.io/Clinton-Russia-High-Level/public/documents/1993-12-22-telcon-13.pdf","https://www.clintonlibrary.gov/sites/default/files/finding_aids_a_z/2026-05/2015-0782-M-1.pdf","source-note-element-audit.html; source-note-drafts.html; production-readiness-checklist.html"
"P2","Source-note cleanup backlog","15","1994-01-13","Memcon","Tier 2 - strong candidate","82","6","One-on-One Meeting with President Boris Yeltsin of Russia","Verify source-note elements and OCR-derived face-page addenda against the derivative PDF.","Source-note flags: classified-by line not parsed; classification reason not parsed.","","Needs source-note review","classified-by line not parsed; classification reason not parsed","Parsed","","Heavy annotation review","Ready to read; source-note review","Economic Reform / Assistance (28); Russian Politics / Elections (11); Iraq / Middle East (5)","74-79","1-6","https://therealjameswilson.github.io/Clinton-Russia-High-Level/public/documents/clinton-standalone-1994-01-13-memcon-one-on-one.pdf","https://clinton.presidentiallibraries.us/files/original/19662f645b0b622a95717322e238c1ec.pdf","source-note-element-audit.html; source-note-drafts.html; production-readiness-checklist.html"
"P2","Source-note cleanup backlog","27","1994-09-27","Memcon","Tier 2 - strong candidate","86","7","Clinton-Yeltsin one-on-one memcon, September 27, 1994","Verify source-note elements and OCR-derived face-page addenda against the derivative PDF.","Source-note flags: classified-by line not parsed; classification reason not parsed.","","Needs source-note review","classified-by line not parsed; classification reason not parsed","Parsed","","Heavy annotation review","Ready to read; source-note review","Kosovo / Balkans (16); Economic Reform / Assistance (5); Iraq / Middle East (5)","126-133","213-219","https://therealjameswilson.github.io/Clinton-Russia-High-Level/public/documents/1994-09-27-clinton-yeltsin-white-house-one-on-one.pdf","https://www.clintonlibrary.gov/sites/default/files/finding_aids_a_z/2026-05/2015-0782-M-1.pdf","source-note-element-audit.html; source-note-drafts.html; production-readiness-checklist.html"
"P2","Source-note cleanup backlog","36","1995-07-28","Telcon","Tier 2 - strong candidate","76","5","Telephone call with President Boris Yeltsin of Russia, July 28, 1995, White House","Verify source-note elements and OCR-derived face-page addenda against the derivative PDF.","Source-note flags: classification marking; classified-by line not parsed; classification reason not parsed.","","Needs source-note review","classification marking; classified-by line not parsed; classification reason not parsed","Review fields","classification marking","Heavy annotation review","Ready to read; source-note review","Kosovo / Balkans (13); NATO / European Security (6); Chechnya / Caucasus (5)","196-201","309-313","https://therealjameswilson.github.io/Clinton-Russia-High-Level/public/documents/1995-07-28-telcon-30.pdf","https://www.clintonlibrary.gov/sites/default/files/finding_aids_a_z/2026-05/2015-0782-M-1.pdf","source-note-element-audit.html; source-note-drafts.html; production-readiness-checklist.html"
"P2","Source-note cleanup backlog","40","1996-01-26","Telcon","Tier 2 - strong candidate","71","5","Telephone call with President Boris Yeltsin of Russia, January 26, 1996, White House","Verify source-note elements and OCR-derived face-page addenda against the derivative PDF.","Source-note flags: classification marking.","","Needs source-note review","classification marking","Review fields","classification marking","Heavy annotation review","Ready to read; source-note review","Russian Politics / Elections (15); Economic Reform / Assistance (7); Chechnya / Caucasus (6)","225-230","342-346","https://therealjameswilson.github.io/Clinton-Russia-High-Level/public/documents/1996-01-26-telcon-33.pdf","https://www.clintonlibrary.gov/sites/default/files/finding_aids_a_z/2026-05/2015-0782-M-1.pdf","source-note-element-audit.html; source-note-drafts.html; production-readiness-checklist.html"
"P2","Source-note cleanup backlog","41","1996-02-21","Telcon","Tier 2 - strong candidate","72","4","Telephone call with President Boris Yeltsin of Russia, February 21, 1996, White House","Verify source-note elements and OCR-derived face-page addenda against the derivative PDF.","Source-note flags: classified-by line not parsed.","","Needs source-note review","classified-by line not parsed","Parsed","","Heavy annotation review","Ready to read; source-note review","NATO / European Security (12); Russian Politics / Elections (10); Arms Control / Nonproliferation (9)","231-235","354-357","https://therealjameswilson.github.io/Clinton-Russia-High-Level/public/documents/1996-02-21-telcon-34.pdf","https://www.clintonlibrary.gov/sites/default/files/finding_aids_a_z/2026-05/2015-0782-M-1.pdf","source-note-element-audit.html; source-note-drafts.html; production-readiness-checklist.html"
"P2","Source-note cleanup backlog","53","1997-03-21","Memcon","Tier 2 - strong candidate","82","8","Helsinki Working Lunch with President Boris Yeltsin","Verify source-note elements and OCR-derived face-page addenda against the derivative PDF.","Source-note flags: classification marking; classified-by line not parsed.","","Needs source-note review","classification marking; classified-by line not parsed","Review fields","classification marking","Heavy annotation review","Ready to read; source-note review","NATO / European Security (10); Economic Reform / Assistance (9); Russian Politics / Elections (7)","304-312","116-123","https://therealjameswilson.github.io/Clinton-Russia-High-Level/public/documents/1997-03-21-memcon-helsinki-working-lunch.pdf","https://www.clintonlibrary.gov/sites/default/files/finding_aids_a_z/2026-01/2015-0782-M-2.pdf","source-note-element-audit.html; source-note-drafts.html; production-readiness-checklist.html"
"P2","Source-note cleanup backlog","54","1997-03-21","Memcon","Tier 2 - strong candidate","85","4","Helsinki Afternoon Meeting with President Boris Yeltsin","Verify source-note elements and OCR-derived face-page addenda against the derivative PDF.","Source-note flags: classified-by line not parsed.","","Needs source-note review","classified-by line not parsed","Parsed","","Heavy annotation review","Ready to read; source-note review","NATO / European Security (14); Economic Reform / Assistance (5); Arms Control / Nonproliferation (4)","313-317","124-127","https://therealjameswilson.github.io/Clinton-Russia-High-Level/public/documents/1997-03-21-memcon-helsinki-afternoon.pdf","https://www.clintonlibrary.gov/sites/default/files/finding_aids_a_z/2026-01/2015-0782-M-2.pdf","source-note-element-audit.html; source-note-drafts.html; production-readiness-checklist.html"
"P2","Source-note cleanup backlog","55","1997-03-21","Memcon","Tier 2 - strong candidate","95","6","Helsinki Private Dinner with President Boris Yeltsin","Verify source-note elements and OCR-derived face-page addenda against the derivative PDF.","Source-note flags: classified-by line not parsed.","","Needs source-note review","classified-by line not parsed","Parsed","","Heavy annotation review","Ready to read; source-note review","Iraq / Middle East (15); Ukraine / Nuclear Security (12); NATO / European Security (6)","318-324","128-133","https://therealjameswilson.github.io/Clinton-Russia-High-Level/public/documents/1997-03-21-memcon-helsinki-private-dinner.pdf","https://www.clintonlibrary.gov/sites/default/files/finding_aids_a_z/2026-01/2015-0782-M-2.pdf","source-note-element-audit.html; source-note-drafts.html; production-readiness-checklist.html"
"P2","Source-note cleanup backlog","65","1998-05-17","Memcon","Tier 2 - strong candidate","82","8","Meeting with President Boris Yeltsin of Russia, May 17, 1998, Birmingham, England","Verify source-note elements and OCR-derived face-page addenda against the derivative PDF.","Source-note flags: classification marking.","","Needs source-note review","classification marking","Review fields","classification marking","Heavy annotation review","Ready to read; source-note review","Arms Control / Nonproliferation (10); Kosovo / Balkans (9); NATO / European Security (5)","383-391","312-319","https://therealjameswilson.github.io/Clinton-Russia-High-Level/public/documents/1998-05-17-memcon-54.pdf","https://www.clintonlibrary.gov/sites/default/files/finding_aids_a_z/2026-01/2015-0782-M-2.pdf","source-note-element-audit.html; source-note-drafts.html; production-readiness-checklist.html"
"P2","Source-note cleanup backlog","79","1999-04-19","Telcon","Tier 2 - strong candidate","90","6","Telephone call with President Boris Yeltsin of Russia, April 19, 1999, White House","Verify source-note elements and OCR-derived face-page addenda against the derivative PDF.","Source-note flags: classification marking.","","Needs source-note review","classification marking","Review fields","classification marking","Heavy annotation review","Ready to read; source-note review","Kosovo / Balkans (33); NATO / European Security (11); Economic Reform / Assistance (2)","446-452","438-443","https://therealjameswilson.github.io/Clinton-Russia-High-Level/public/documents/1999-04-19-telcon-69.pdf","https://www.clintonlibrary.gov/sites/default/files/finding_aids_a_z/2026-01/2015-0782-M-2.pdf","source-note-element-audit.html; source-note-drafts.html; production-readiness-checklist.html"
"P2","Source-note cleanup backlog","89","1999-11-19","Memcon","Tier 2 - strong candidate","74","7","Meeting with President Boris Yeltsin of Russia, November 19, 1999, Istanbul, Turkey","Verify source-note elements and OCR-derived face-page addenda against the derivative PDF.","Source-note flags: classification marking.","","Needs source-note review","classification marking","Review fields","classification marking","Heavy annotation review","Ready to read; source-note review","Arms Control / Nonproliferation (12); Chechnya / Caucasus (8); Ukraine / Nuclear Security (7)","510-517","560-566","https://therealjameswilson.github.io/Clinton-Russia-High-Level/public/documents/1999-11-18-memcon-79.pdf","https://www.clintonlibrary.gov/sites/default/files/finding_aids_a_z/2026-01/2015-0782-M-2.pdf","source-note-element-audit.html; source-note-drafts.html; production-readiness-checklist.html"
"P2","Face-page metadata backlog","36","1995-07-28","Telcon","Tier 2 - strong candidate","76","5","Telephone call with President Boris Yeltsin of Russia, July 28, 1995, White House","Review first-page metadata and fill any missing participants, classification, notetaker, interpreter, or date/time/place fields.","Face-page gaps: classification marking.","","Needs source-note review","classification marking; classified-by line not parsed; classification reason not parsed","Review fields","classification marking","Heavy annotation review","Ready to read; source-note review","Kosovo / Balkans (13); NATO / European Security (6); Chechnya / Caucasus (5)","196-201","309-313","https://therealjameswilson.github.io/Clinton-Russia-High-Level/public/documents/1995-07-28-telcon-30.pdf","https://www.clintonlibrary.gov/sites/default/files/finding_aids_a_z/2026-05/2015-0782-M-1.pdf","face-page-metadata.html; source-note-element-audit.html"
"P2","Face-page metadata backlog","40","1996-01-26","Telcon","Tier 2 - strong candidate","71","5","Telephone call with President Boris Yeltsin of Russia, January 26, 1996, White House","Review first-page metadata and fill any missing participants, classification, notetaker, interpreter, or date/time/place fields.","Face-page gaps: classification marking.","","Needs source-note review","classification marking","Review fields","classification marking","Heavy annotation review","Ready to read; source-note review","Russian Politics / Elections (15); Economic Reform / Assistance (7); Chechnya / Caucasus (6)","225-230","342-346","https://therealjameswilson.github.io/Clinton-Russia-High-Level/public/documents/1996-01-26-telcon-33.pdf","https://www.clintonlibrary.gov/sites/default/files/finding_aids_a_z/2026-05/2015-0782-M-1.pdf","face-page-metadata.html; source-note-element-audit.html"
"P2","Face-page metadata backlog","53","1997-03-21","Memcon","Tier 2 - strong candidate","82","8","Helsinki Working Lunch with President Boris Yeltsin","Review first-page metadata and fill any missing participants, classification, notetaker, interpreter, or date/time/place fields.","Face-page gaps: classification marking.","","Needs source-note review","classification marking; classified-by line not parsed","Review fields","classification marking","Heavy annotation review","Ready to read; source-note review","NATO / European Security (10); Economic Reform / Assistance (9); Russian Politics / Elections (7)","304-312","116-123","https://therealjameswilson.github.io/Clinton-Russia-High-Level/public/documents/1997-03-21-memcon-helsinki-working-lunch.pdf","https://www.clintonlibrary.gov/sites/default/files/finding_aids_a_z/2026-01/2015-0782-M-2.pdf","face-page-metadata.html; source-note-element-audit.html"
"P2","Face-page metadata backlog","65","1998-05-17","Memcon","Tier 2 - strong candidate","82","8","Meeting with President Boris Yeltsin of Russia, May 17, 1998, Birmingham, England","Review first-page metadata and fill any missing participants, classification, notetaker, interpreter, or date/time/place fields.","Face-page gaps: classification marking.","","Needs source-note review","classification marking","Review fields","classification marking","Heavy annotation review","Ready to read; source-note review","Arms Control / Nonproliferation (10); Kosovo / Balkans (9); NATO / European Security (5)","383-391","312-319","https://therealjameswilson.github.io/Clinton-Russia-High-Level/public/documents/1998-05-17-memcon-54.pdf","https://www.clintonlibrary.gov/sites/default/files/finding_aids_a_z/2026-01/2015-0782-M-2.pdf","face-page-metadata.html; source-note-element-audit.html"
"P2","Face-page metadata backlog","79","1999-04-19","Telcon","Tier 2 - strong candidate","90","6","Telephone call with President Boris Yeltsin of Russia, April 19, 1999, White House","Review first-page metadata and fill any missing participants, classification, notetaker, interpreter, or date/time/place fields.","Face-page gaps: classification marking.","","Needs source-note review","classification marking","Review fields","classification marking","Heavy annotation review","Ready to read; source-note review","Kosovo / Balkans (33); NATO / European Security (11); Economic Reform / Assistance (2)","446-452","438-443","https://therealjameswilson.github.io/Clinton-Russia-High-Level/public/documents/1999-04-19-telcon-69.pdf","https://www.clintonlibrary.gov/sites/default/files/finding_aids_a_z/2026-01/2015-0782-M-2.pdf","face-page-metadata.html; source-note-element-audit.html"
"P2","Face-page metadata backlog","89","1999-11-19","Memcon","Tier 2 - strong candidate","74","7","Meeting with President Boris Yeltsin of Russia, November 19, 1999, Istanbul, Turkey","Review first-page metadata and fill any missing participants, classification, notetaker, interpreter, or date/time/place fields.","Face-page gaps: classification marking.","","Needs source-note review","classification marking","Review fields","classification marking","Heavy annotation review","Ready to read; source-note review","Arms Control / Nonproliferation (12); Chechnya / Caucasus (8); Ukraine / Nuclear Security (7)","510-517","560-566","https://therealjameswilson.github.io/Clinton-Russia-High-Level/public/documents/1999-11-18-memcon-79.pdf","https://www.clintonlibrary.gov/sites/default/files/finding_aids_a_z/2026-01/2015-0782-M-2.pdf","face-page-metadata.html; source-note-element-audit.html"
"P3","Source-note cleanup backlog","9","1993-06-28","Telcon","Tier 3 - supporting candidate","69","4","Telephone call with President Boris Yeltsin of Russia, June 28, 1993, White House","Verify source-note elements and OCR-derived face-page addenda against the derivative PDF.","Source-note flags: classification marking; classified-by line not parsed; classification reason not parsed.","","Needs source-note review","classification marking; classified-by line not parsed; classification reason not parsed","Review fields","classification marking","Heavy annotation review","Ready to read; source-note review","Economic Reform / Assistance (17); Arms Control / Nonproliferation (6); Iraq / Middle East (5)","41-45","76-79","https://therealjameswilson.github.io/Clinton-Russia-High-Level/public/documents/1993-06-28-telcon-08.pdf","https://www.clintonlibrary.gov/sites/default/files/finding_aids_a_z/2026-05/2015-0782-M-1.pdf","source-note-element-audit.html; source-note-drafts.html; production-readiness-checklist.html"
"P3","Source-note cleanup backlog","11","1993-09-07","Telcon","Tier 3 - supporting candidate","59","4","Telephone call with President Boris Yeltsin of Russia, September 7, 1993, White House","Verify source-note elements and OCR-derived face-page addenda against the derivative PDF.","Source-note flags: classified-by line not parsed; classification reason not parsed; declassify-on line not parsed.","","Needs source-note review","classified-by line not parsed; classification reason not parsed; declassify-on line not parsed","Parsed","","Heavy annotation review","Ready to read; source-note review","Ukraine / Nuclear Security (12); Economic Reform / Assistance (7); Arms Control / Nonproliferation (2)","56-60","95-98","https://therealjameswilson.github.io/Clinton-Russia-High-Level/public/documents/1993-09-07-telcon-10.pdf","https://www.clintonlibrary.gov/sites/default/files/finding_aids_a_z/2026-05/2015-0782-M-1.pdf","source-note-element-audit.html; source-note-drafts.html; production-readiness-checklist.html"
"P3","Source-note cleanup backlog","17","1994-01-14","Memcon","Tier 3 - supporting candidate","66","3","Trilateral Meeting with President Boris Yeltsin of Russia on Security Issues","Verify source-note elements and OCR-derived face-page addenda against the derivative PDF.","Source-note flags: classified-by line not parsed; classification reason not parsed; declassify-on line not parsed.","","Needs source-note review","classified-by line not parsed; classification reason not parsed; declassify-on line not parsed","Parsed","","Heavy annotation review","Ready to read; source-note review","Ukraine / Nuclear Security (29); Arms Control / Nonproliferation (3); Economic Reform / Assistance (1)","91-93","State FOIA document C06694499, conversation pages 1-3","https://therealjameswilson.github.io/Clinton-Russia-High-Level/public/documents/1994-01-14-memcon-trilateral-yeltsin-kravchuk.pdf","https://drive.google.com/file/d/1mA2m1fonXTwvzmbdVLzjWV7iGpBWAC1r/view","source-note-element-audit.html; source-note-drafts.html; production-readiness-checklist.html"
"P3","Source-note cleanup backlog","19","1994-01-15","Memcon","Tier 3 - supporting candidate","49","2","One-on-One Meeting with President Boris Yeltsin of Russia","Verify source-note elements and OCR-derived face-page addenda against the derivative PDF.","Source-note flags: classification marking; classified-by line not parsed; classification reason not parsed.","","Needs source-note review","classification marking; classified-by line not parsed; classification reason not parsed","Review fields","classification marking","Heavy annotation review","Ready to read; source-note review","Economic Reform / Assistance (7); Russian Politics / Elections (3)","102-103","1-2","https://therealjameswilson.github.io/Clinton-Russia-High-Level/public/documents/clinton-standalone-1994-01-15-memcon-one-on-one.pdf","https://clinton.presidentiallibraries.us/files/original/67bc3e4fc7cc0ed1ba4f438e510624d8.pdf","source-note-element-audit.html; source-note-drafts.html; production-readiness-checklist.html"
"P3","Source-note cleanup backlog","21","1994-04-10","Telcon","Tier 3 - supporting candidate","48","3","Telephone call with President Boris Yeltsin of Russia, April 10, 1994, White House","Verify source-note elements and OCR-derived face-page addenda against the derivative PDF.","Source-note flags: classification marking; classified-by line not parsed; classification reason not parsed.","","Needs source-note review","classification marking; classified-by line not parsed; classification reason not parsed","Review fields","classification marking","Heavy annotation review","Ready to read; source-note review","NATO / European Security (5); Kosovo / Balkans (2)","108-111","164-166","https://therealjameswilson.github.io/Clinton-Russia-High-Level/public/documents/1994-04-10-telcon-17.pdf","https://www.clintonlibrary.gov/sites/default/files/finding_aids_a_z/2026-05/2015-0782-M-1.pdf","source-note-element-audit.html; source-note-drafts.html; production-readiness-checklist.html"
"P3","Source-note cleanup backlog","22","1994-04-20","Telcon","Tier 3 - supporting candidate","56","4","Telephone call with President Boris Yeltsin of Russia, April 20, 1994, White House","Verify source-note elements and OCR-derived face-page addenda against the derivative PDF.","Source-note flags: classification marking; classified-by line not parsed; classification reason not parsed.","","Needs source-note review","classification marking; classified-by line not parsed; classification reason not parsed","Review fields","classification marking","Heavy annotation review","Ready to read; source-note review","Kosovo / Balkans (6); NATO / European Security (6); Economic Reform / Assistance (4)","112-116","181-184","https://therealjameswilson.github.io/Clinton-Russia-High-Level/public/documents/1994-04-20-telcon-18.pdf","https://www.clintonlibrary.gov/sites/default/files/finding_aids_a_z/2026-05/2015-0782-M-1.pdf","source-note-element-audit.html; source-note-drafts.html; production-readiness-checklist.html"
"P3","Source-note cleanup backlog","24","1994-06-13","Telcon","Tier 3 - supporting candidate","59","4","Telephone Call with President Boris Yeltsin of Russia, June 13, 1994, White House","Verify source-note elements and OCR-derived face-page addenda against the derivative PDF.","Source-note flags: classified-by line not parsed; classification reason not parsed.","","Needs source-note review","classified-by line not parsed; classification reason not parsed","Parsed","","Heavy annotation review","Ready to read; source-note review","Iraq / Middle East (17); Arms Control / Nonproliferation (3); Economic Reform / Assistance (2)","117-121","191-194","https://therealjameswilson.github.io/Clinton-Russia-High-Level/public/documents/1994-06-13-telcon-20.pdf","https://www.clintonlibrary.gov/sites/default/files/finding_aids_a_z/2026-05/2015-0782-M-1.pdf","source-note-element-audit.html; source-note-drafts.html; production-readiness-checklist.html"
"P3","Source-note cleanup backlog","29","1994-09-28","Memcon","Tier 3 - supporting candidate","50","6","Second Clinton/Yeltsin One-on-One","Verify source-note elements and OCR-derived face-page addenda against the derivative PDF.","Source-note flags: participants; classification marking; classified-by line not parsed; classification reason not parsed; declassify-on line not parsed.","","Needs source-note review","participants; classification marking; classified-by line not parsed; classification reason not parsed; declassify-on line not parsed","Review fields","participants; classification marking","Heavy annotation review","Ready to read; source-note review","NATO / European Security (12); Ukraine / Nuclear Security (6); Iraq / Middle East (4)","145-150","3-7,9","https://therealjameswilson.github.io/Clinton-Russia-High-Level/public/documents/clinton-standalone-1994-09-28-second-one-on-one.pdf","https://clinton.presidentiallibraries.us/files/original/2509827ca57f98e07eec584b3d69250f.pdf","source-note-element-audit.html; source-note-drafts.html; production-readiness-checklist.html"
"P3","Source-note cleanup backlog","30","1994-10-05","Telcon","Tier 3 - supporting candidate","48","4","Telephone call with President Boris Yeltsin, October 5, 1994, White House","Verify source-note elements and OCR-derived face-page addenda against the derivative PDF.","Source-note flags: classification marking; classified-by line not parsed; classification reason not parsed.","","Needs source-note review","classification marking; classified-by line not parsed; classification reason not parsed","Review fields","classification marking","Heavy annotation review","Ready to read; source-note review","Iraq / Middle East (6); Economic Reform / Assistance (4); Russian Politics / Elections (1)","151-155","227-230","https://therealjameswilson.github.io/Clinton-Russia-High-Level/public/documents/1994-10-05-telcon-24.pdf","https://www.clintonlibrary.gov/sites/default/files/finding_aids_a_z/2026-05/2015-0782-M-1.pdf","source-note-element-audit.html; source-note-drafts.html; production-readiness-checklist.html"
"P3","Source-note cleanup backlog","31","1994-10-10","Telcon","Tier 3 - supporting candidate","63","4","Telephone call with President Boris Yeltsin of Russia, October 10, 1994, White House","Verify source-note elements and OCR-derived face-page addenda against the derivative PDF.","Source-note flags: classification marking; classified-by line not parsed; classification reason not parsed.","","Needs source-note review","classification marking; classified-by line not parsed; classification reason not parsed","Review fields","classification marking","Heavy annotation review","Ready to read; source-note review","Iraq / Middle East (22); Economic Reform / Assistance (5); Ukraine / Nuclear Security (2)","156-160","238-241","https://therealjameswilson.github.io/Clinton-Russia-High-Level/public/documents/1994-10-10-clinton-yeltsin-iraq-telcon.pdf","https://www.clintonlibrary.gov/sites/default/files/finding_aids_a_z/2026-05/2015-0782-M-1.pdf","source-note-element-audit.html; source-note-drafts.html; production-readiness-checklist.html"
"P3","Source-note cleanup backlog","32","1995-02-13","Telcon","Tier 3 - supporting candidate","55","4","Telephone call with President Boris Yeltsin of Russia, February 13, 1995, White House","Verify source-note elements and OCR-derived face-page addenda against the derivative PDF.","Source-note flags: participants; notetaker; interpreter; classified-by line not parsed; classification reason not parsed.","","Needs source-note review","participants; notetaker; interpreter; classified-by line not parsed; classification reason not parsed","Review fields","participants; notetaker; interpreter","Heavy annotation review","Ready to read; source-note review","Chechnya / Caucasus (15); Economic Reform / Assistance (12); Russian Politics / Elections (7)","161-165","268-271","https://therealjameswilson.github.io/Clinton-Russia-High-Level/public/documents/1995-02-13-telcon-26.pdf","https://www.clintonlibrary.gov/sites/default/files/finding_aids_a_z/2026-05/2015-0782-M-1.pdf","source-note-element-audit.html; source-note-drafts.html; production-readiness-checklist.html"
"P3","Source-note cleanup backlog","33","1995-04-27","Telcon","Tier 3 - supporting candidate","64","4","Telephone call with President Boris Yeltsin of Russia, April 27, 1995, White House","Verify source-note elements and OCR-derived face-page addenda against the derivative PDF.","Source-note flags: classified-by line not parsed; classification reason not parsed.","","Needs source-note review","classified-by line not parsed; classification reason not parsed","Parsed","","Heavy annotation review","Ready to read; source-note review","NATO / European Security (16); Arms Control / Nonproliferation (4); Chechnya / Caucasus (3)","166-170","280-283","https://therealjameswilson.github.io/Clinton-Russia-High-Level/public/documents/1995-04-27-telcon-27.pdf","https://www.clintonlibrary.gov/sites/default/files/finding_aids_a_z/2026-05/2015-0782-M-1.pdf","source-note-element-audit.html; source-note-drafts.html; production-readiness-checklist.html"
"P3","Source-note cleanup backlog","37","1995-09-27","Telcon","Tier 3 - supporting candidate","50","3","Telephone call with President Boris Yeltsin of Russia, September 27, 1995, White House","Verify source-note elements and OCR-derived face-page addenda against the derivative PDF.","Source-note flags: classification marking; classified-by line not parsed; classification reason not parsed.","","Needs source-note review","classification marking; classified-by line not parsed; classification reason not parsed","Review fields","classification marking","Heavy annotation review","Ready to read; source-note review","NATO / European Security (8); Ukraine / Nuclear Security (5); Arms Control / Nonproliferation (4)","202-205","324-326","https://therealjameswilson.github.io/Clinton-Russia-High-Level/public/documents/1995-09-27-telcon-31.pdf","https://www.clintonlibrary.gov/sites/default/files/finding_aids_a_z/2026-05/2015-0782-M-1.pdf","source-note-element-audit.html; source-note-drafts.html; production-readiness-checklist.html"
"P3","Source-note cleanup backlog","39","1995-10-23","Memcon","Tier 3 - supporting candidate","48","5","Lunch with Boris Yeltsin, President of Russian Federation","Verify source-note elements and OCR-derived face-page addenda against the derivative PDF.","Source-note flags: classification marking.","","Needs source-note review","classification marking","Review fields","classification marking","Heavy annotation review","Ready to read; source-note review","NATO / European Security (1); Ukraine / Nuclear Security (1)","219-224","31-35","https://therealjameswilson.github.io/Clinton-Russia-High-Level/public/documents/1995-10-23-clinton-yeltsin-hyde-park-lunch.pdf","https://s3.amazonaws.com/NARAprodstorage/lz/presidential-libraries/clinton/wjc-nscrm/7585721/7-YeltsinHydePark.pdf","source-note-element-audit.html; source-note-drafts.html; production-readiness-checklist.html"
"P3","Source-note cleanup backlog","42","1996-03-13","Memcon","Tier 3 - supporting candidate","56","4","Meeting with President Boris Yeltsin of Russia, March 13, 1996, Sharm El-Sheikh, Egypt","Verify source-note elements and OCR-derived face-page addenda against the derivative PDF.","Source-note flags: declassify-on line not parsed.","","Needs source-note review","declassify-on line not parsed","Parsed","","Heavy annotation review","Ready to read; source-note review","Russian Politics / Elections (9); Economic Reform / Assistance (2)","236-240","Google Drive file 1kqpS-sURsWvTfRqKhA-09YXKX5fVVh7c, pages 2-5","https://therealjameswilson.github.io/Clinton-Russia-High-Level/public/documents/1996-03-13-clinton-yeltsin-sharm-el-sheikh-memcon-cable.pdf","https://drive.google.com/file/d/1kqpS-sURsWvTfRqKhA-09YXKX5fVVh7c/view","source-note-element-audit.html; source-note-drafts.html; production-readiness-checklist.html"
"P3","Source-note cleanup backlog","43","1996-04-09","Telcon","Tier 3 - supporting candidate","56","5","Telephone call with President Boris Yeltsin of Russia, April 9, 1996, White House","Verify source-note elements and OCR-derived face-page addenda against the derivative PDF.","Source-note flags: classified-by line not parsed.","","Needs source-note review","classified-by line not parsed","Parsed","","Heavy annotation review","Ready to read; source-note review","Ukraine / Nuclear Security (8); Russian Politics / Elections (6); Arms Control / Nonproliferation (5)","241-246","369-373","https://therealjameswilson.github.io/Clinton-Russia-High-Level/public/documents/1996-04-09-telcon-36.pdf","https://www.clintonlibrary.gov/sites/default/files/finding_aids_a_z/2026-05/2015-0782-M-1.pdf","source-note-element-audit.html; source-note-drafts.html; production-readiness-checklist.html"
"P3","Source-note cleanup backlog","44","1996-04-21","Memcon","Tier 3 - supporting candidate","65","13","POTUS-Yeltsin One-on-One","Verify source-note elements and OCR-derived face-page addenda against the derivative PDF.","Source-note flags: participants; classification marking; classified-by line not parsed; classification reason not parsed; declassify-on line not parsed.","","Needs source-note review","participants; classification marking; classified-by line not parsed; classification reason not parsed; declassify-on line not parsed","Review fields","participants; classification marking","Heavy annotation review","Ready to read; source-note review","Iraq / Middle East (13); Arms Control / Nonproliferation (11); Chechnya / Caucasus (7)","247-260","381-393","https://therealjameswilson.github.io/Clinton-Russia-High-Level/public/documents/1996-04-21-memcon-moscow-one-on-one.pdf","https://www.clintonlibrary.gov/sites/default/files/finding_aids_a_z/2026-05/2015-0782-M-1.pdf","source-note-element-audit.html; source-note-drafts.html; production-readiness-checklist.html"
"P3","Source-note cleanup backlog","46","1996-05-07","Telcon","Tier 3 - supporting candidate","50","4","Telephone call with President Boris Yeltsin of Russia, May 7, 1996, White House","Verify source-note elements and OCR-derived face-page addenda against the derivative PDF.","Source-note flags: classification marking; classified-by line not parsed.","","Needs source-note review","classification marking; classified-by line not parsed","Review fields","classification marking","Heavy annotation review","Ready to read; source-note review","Russian Politics / Elections (10); Chechnya / Caucasus (5); Economic Reform / Assistance (5)","269-273","25-28","https://therealjameswilson.github.io/Clinton-Russia-High-Level/public/documents/1996-05-07-telcon-38.pdf","https://www.clintonlibrary.gov/sites/default/files/finding_aids_a_z/2026-01/2015-0782-M-2.pdf","source-note-element-audit.html; source-note-drafts.html; production-readiness-checklist.html"
"P3","Source-note cleanup backlog","51","1997-02-27","Telcon","Tier 3 - supporting candidate","54","3","Telephone call with President Boris Yeltsin of Russia, February 27, 1997, White House","Verify source-note elements and OCR-derived face-page addenda against the derivative PDF.","Source-note flags: classification marking; classified-by line not parsed.","","Needs source-note review","classification marking; classified-by line not parsed","Review fields","classification marking","Heavy annotation review","Ready to read; source-note review","NATO / European Security (16); Arms Control / Nonproliferation (11); Economic Reform / Assistance (3)","288-291","87-89","https://therealjameswilson.github.io/Clinton-Russia-High-Level/public/documents/1997-02-27-telcon-43.pdf","https://www.clintonlibrary.gov/sites/default/files/finding_aids_a_z/2026-01/2015-0782-M-2.pdf","source-note-element-audit.html; source-note-drafts.html; production-readiness-checklist.html"
"P3","Source-note cleanup backlog","58","1997-10-30","Telcon","Tier 3 - supporting candidate","69","6","Telephone call with President Boris Yeltsin of Russia, October 30, 1997, White House","Verify source-note elements and OCR-derived face-page addenda against the derivative PDF.","Source-note flags: classification marking.","","Needs source-note review","classification marking","Review fields","classification marking","Heavy annotation review","Ready to read; source-note review","Arms Control / Nonproliferation (21); Russian Politics / Elections (5); Iraq / Middle East (3)","343-349","183-188","https://therealjameswilson.github.io/Clinton-Russia-High-Level/public/documents/1997-10-30-telcon-47.pdf","https://www.clintonlibrary.gov/sites/default/files/finding_aids_a_z/2026-01/2015-0782-M-2.pdf","source-note-element-audit.html; source-note-drafts.html; production-readiness-checklist.html"
"P3","Source-note cleanup backlog","60","1997-11-22","Telcon","Tier 3 - supporting candidate","46","6","Telephone call with President Boris Yeltsin of Russia, November 22, 1997, White House","Verify source-note elements and OCR-derived face-page addenda against the derivative PDF.","Source-note flags: classification marking.","","Needs source-note review","classification marking","Review fields","classification marking","Heavy annotation review","Ready to read; source-note review","Iraq / Middle East (10); Arms Control / Nonproliferation (7); Russian Politics / Elections (5)","354-360","218-223","https://therealjameswilson.github.io/Clinton-Russia-High-Level/public/documents/1997-11-22-telcon-49.pdf","https://www.clintonlibrary.gov/sites/default/files/finding_aids_a_z/2026-01/2015-0782-M-2.pdf","source-note-element-audit.html; source-note-drafts.html; production-readiness-checklist.html"
"P3","Source-note cleanup backlog","64","1998-05-12","Telcon","Tier 3 - supporting candidate","54","5","Telephone call with President Boris Yeltsin of Russia, May 12, 1998, White House","Verify source-note elements and OCR-derived face-page addenda against the derivative PDF.","Source-note flags: classification marking.","","Needs source-note review","classification marking","Review fields","classification marking","Heavy annotation review","Ready to read; source-note review","Arms Control / Nonproliferation (13); Ukraine / Nuclear Security (6); Kosovo / Balkans (5)","377-382","286-290","https://therealjameswilson.github.io/Clinton-Russia-High-Level/public/documents/1998-05-12-telcon-53.pdf","https://www.clintonlibrary.gov/sites/default/files/finding_aids_a_z/2026-01/2015-0782-M-2.pdf","source-note-element-audit.html; source-note-drafts.html; production-readiness-checklist.html"
"P3","Source-note cleanup backlog","67","1998-05-28","Telcon","Tier 3 - supporting candidate","48","4","Telephone call with President Boris Yeltsin of Russia, May 28, 1998, White House","Verify source-note elements and OCR-derived face-page addenda against the derivative PDF.","Source-note flags: classification marking.","","Needs source-note review","classification marking","Review fields","classification marking","Heavy annotation review","Ready to read; source-note review","Economic Reform / Assistance (15); Russian Politics / Elections (1); Ukraine / Nuclear Security (1)","396-400","329-332","https://therealjameswilson.github.io/Clinton-Russia-High-Level/public/documents/1998-05-28-telcon-56.pdf","https://www.clintonlibrary.gov/sites/default/files/finding_aids_a_z/2026-01/2015-0782-M-2.pdf","source-note-element-audit.html; source-note-drafts.html; production-readiness-checklist.html"
"P3","Source-note cleanup backlog","70","1998-07-10","Telcon","Tier 3 - supporting candidate","56","4","Telephone call with President Boris Yeltsin of Russia, July 10, 1998, White House","Verify source-note elements and OCR-derived face-page addenda against the derivative PDF.","Source-note flags: classification marking.","","Needs source-note review","classification marking","Review fields","classification marking","Heavy annotation review","Ready to read; source-note review","Russian Politics / Elections (10); Economic Reform / Assistance (7); Iraq / Middle East (3)","410-414","371-374","https://therealjameswilson.github.io/Clinton-Russia-High-Level/public/documents/1998-07-10-telcon-60.pdf","https://www.clintonlibrary.gov/sites/default/files/finding_aids_a_z/2026-01/2015-0782-M-2.pdf","source-note-element-audit.html; source-note-drafts.html; production-readiness-checklist.html"
"P3","Source-note cleanup backlog","71","1998-08-14","Telcon","Tier 3 - supporting candidate","68","6","Telephone call with President Boris Yeltsin of Russia, August 14, 1998, White House","Verify source-note elements and OCR-derived face-page addenda against the derivative PDF.","Source-note flags: classification marking.","","Needs source-note review","classification marking","Review fields","classification marking","Heavy annotation review","Ready to read; source-note review","Economic Reform / Assistance (11); Kosovo / Balkans (9); Russian Politics / Elections (9)","415-421","384-389","https://therealjameswilson.github.io/Clinton-Russia-High-Level/public/documents/1998-08-14-telcon-61.pdf","https://www.clintonlibrary.gov/sites/default/files/finding_aids_a_z/2026-01/2015-0782-M-2.pdf","source-note-element-audit.html; source-note-drafts.html; production-readiness-checklist.html"
"P3","Source-note cleanup backlog","74","1998-09-12","Telcon","Tier 3 - supporting candidate","50","4","Telephone call with President Boris Yeltsin of Russia, September 12, 1998, White House","Verify source-note elements and OCR-derived face-page addenda against the derivative PDF.","Source-note flags: classification marking; declassify-on line not parsed.","","Needs source-note review","classification marking; declassify-on line not parsed","Review fields","classification marking","Heavy annotation review","Ready to read; source-note review","Economic Reform / Assistance (8); Russian Politics / Elections (4); Iraq / Middle East (1)","427-431","422-425","https://therealjameswilson.github.io/Clinton-Russia-High-Level/public/documents/1998-09-12-telcon-64.pdf","https://www.clintonlibrary.gov/sites/default/files/finding_aids_a_z/2026-01/2015-0782-M-2.pdf","source-note-element-audit.html; source-note-drafts.html; production-readiness-checklist.html"
"P3","Source-note cleanup backlog","76","1998-12-30","Telcon","Tier 3 - supporting candidate","62","5","Telephone call with President Boris Yeltsin of Russia, December 30, 1998, White House","Verify source-note elements and OCR-derived face-page addenda against the derivative PDF.","Source-note flags: classification marking; declassify-on line not parsed.","","Needs source-note review","classification marking; declassify-on line not parsed","Review fields","classification marking","Heavy annotation review","Ready to read; source-note review","Economic Reform / Assistance (15); Arms Control / Nonproliferation (9); Iraq / Middle East (8)","435-439","1-5","https://therealjameswilson.github.io/Clinton-Russia-High-Level/public/documents/1998-12-30-clinton-yeltsin-telcon-actual-pages.pdf","https://clinton.presidentiallibraries.us/files/original/1ec29c3214c0ccb6c6ed30fd7e5b06af.pdf","source-note-element-audit.html; source-note-drafts.html; production-readiness-checklist.html"
"P3","Source-note cleanup backlog","78","1999-03-24","Telcon","Tier 3 - supporting candidate","57","5","Telephone call with President Boris Yeltsin of Russia, March 24, 1999, White House","Verify source-note elements and OCR-derived face-page addenda against the derivative PDF.","Source-note flags: classification reason not parsed; declassify-on line not parsed.","","Needs source-note review","classification reason not parsed; declassify-on line not parsed","Parsed","","Heavy annotation review","Ready to read; source-note review","Kosovo / Balkans (18); Russian Politics / Elections (4); Ukraine / Nuclear Security (3)","440-445","432-436","https://therealjameswilson.github.io/Clinton-Russia-High-Level/public/documents/1999-03-24-telcon-68.pdf","https://www.clintonlibrary.gov/sites/default/files/finding_aids_a_z/2026-01/2015-0782-M-2.pdf","source-note-element-audit.html; source-note-drafts.html; production-readiness-checklist.html"
"P3","Source-note cleanup backlog","81","1999-05-02","Telcon","Tier 3 - supporting candidate","45","4","Telephone call with President Boris Yeltsin of Russia, May 2, 1999, White House","Verify source-note elements and OCR-derived face-page addenda against the derivative PDF.","Source-note flags: classification marking.","","Needs source-note review","classification marking","Review fields","classification marking","Heavy annotation review","Ready to read; source-note review","Kosovo / Balkans (5)","466-470","470-473","https://therealjameswilson.github.io/Clinton-Russia-High-Level/public/documents/1999-05-02-telcon-71.pdf","https://www.clintonlibrary.gov/sites/default/files/finding_aids_a_z/2026-01/2015-0782-M-2.pdf","source-note-element-audit.html; source-note-drafts.html; production-readiness-checklist.html"
"P3","Source-note cleanup backlog","85","1999-06-13","Telcon","Tier 3 - supporting candidate","60","7","Telephone call with President Boris Yeltsin of Russia, June 13, 1999, White House","Verify source-note elements and OCR-derived face-page addenda against the derivative PDF.","Source-note flags: classified-by line not parsed.","","Needs source-note review","classified-by line not parsed","Parsed","","Heavy annotation review","Ready to read; source-note review","Kosovo / Balkans (24)","481-488","531-537","https://therealjameswilson.github.io/Clinton-Russia-High-Level/public/documents/1999-06-13-telcon-75.pdf","https://www.clintonlibrary.gov/sites/default/files/finding_aids_a_z/2026-01/2015-0782-M-2.pdf","source-note-element-audit.html; source-note-drafts.html; production-readiness-checklist.html"
"P3","Source-note cleanup backlog","88","1999-09-08","Telcon","Tier 3 - supporting candidate","45","5","Telephone call with President Boris Yeltsin of Russia, September 8, 1999, White House","Verify source-note elements and OCR-derived face-page addenda against the derivative PDF.","Source-note flags: participants; notetaker; interpreter.","","Needs source-note review","participants; notetaker; interpreter","Review fields","participants; notetaker; interpreter","Heavy annotation review","Ready to read; source-note review","Arms Control / Nonproliferation (19); Chechnya / Caucasus (3); Russian Politics / Elections (3)","504-509","548-552","https://therealjameswilson.github.io/Clinton-Russia-High-Level/public/documents/1999-09-08-telcon-78.pdf","https://www.clintonlibrary.gov/sites/default/files/finding_aids_a_z/2026-01/2015-0782-M-2.pdf","source-note-element-audit.html; source-note-drafts.html; production-readiness-checklist.html"
"P3","Source-note cleanup backlog","1","1993-01-23","Telcon","Tier 4 - concise/confirmatory","33","3","Telephone call with President Boris Yeltsin of Russia, January 23, 1993, White House","Verify source-note elements and OCR-derived face-page addenda against the derivative PDF.","Source-note flags: classified-by line not parsed; classification reason not parsed.","","Needs source-note review","classified-by line not parsed; classification reason not parsed","Parsed","","Standard annotation review","Ready to read; source-note review","Economic Reform / Assistance (4); Arms Control / Nonproliferation (3); Iraq / Middle East (2)","1-4","9-11","https://therealjameswilson.github.io/Clinton-Russia-High-Level/public/documents/1993-01-23-telcon-01.pdf","https://www.clintonlibrary.gov/sites/default/files/finding_aids_a_z/2026-05/2015-0782-M-1.pdf","source-note-element-audit.html; source-note-drafts.html; production-readiness-checklist.html"
"P3","Source-note cleanup backlog","2","1993-02-10","Telcon","Tier 4 - concise/confirmatory","37","3","Telephone call with President Boris Yeltsin of Russia, February 10, 1993, White House","Verify source-note elements and OCR-derived face-page addenda against the derivative PDF.","Source-note flags: classified-by line not parsed; classification reason not parsed; declassify-on line not parsed.","","Needs source-note review","classified-by line not parsed; classification reason not parsed; declassify-on line not parsed","Parsed","","Standard annotation review","Ready to read; source-note review","Kosovo / Balkans (7); NATO / European Security (3); Iraq / Middle East (1)","5-8","19-21","https://therealjameswilson.github.io/Clinton-Russia-High-Level/public/documents/1993-02-10-telcon-02.pdf","https://www.clintonlibrary.gov/sites/default/files/finding_aids_a_z/2026-05/2015-0782-M-1.pdf","source-note-element-audit.html; source-note-drafts.html; production-readiness-checklist.html"
"P3","Source-note cleanup backlog","6","1993-04-26","Telcon","Tier 4 - concise/confirmatory","23","2","Telephone call with President Boris Yeltsin of Russia, April 26, 1993, White House","Verify source-note elements and OCR-derived face-page addenda against the derivative PDF.","Source-note flags: classification marking; classified-by line not parsed; classification reason not parsed.","","Needs source-note review","classification marking; classified-by line not parsed; classification reason not parsed","Review fields","classification marking","Light annotation check","Ready to read; source-note review","Economic Reform / Assistance (1)","32-34","51-52","https://therealjameswilson.github.io/Clinton-Russia-High-Level/public/documents/1993-04-26-telcon-05.pdf","https://www.clintonlibrary.gov/sites/default/files/finding_aids_a_z/2026-05/2015-0782-M-1.pdf","source-note-element-audit.html; source-note-drafts.html; production-readiness-checklist.html"
"P3","Source-note cleanup backlog","7","1993-05-02","Telcon","Tier 4 - concise/confirmatory","23","2","Telephone call with President Boris Yeltsin of Russia, May 2, 1993, White House","Verify source-note elements and OCR-derived face-page addenda against the derivative PDF.","Source-note flags: classification marking; classified-by line not parsed; classification reason not parsed.","","Needs source-note review","classification marking; classified-by line not parsed; classification reason not parsed","Review fields","classification marking","Light annotation check","Ready to read; source-note review","","35-37","60-61","https://therealjameswilson.github.io/Clinton-Russia-High-Level/public/documents/1993-05-02-telcon-06.pdf","https://www.clintonlibrary.gov/sites/default/files/finding_aids_a_z/2026-05/2015-0782-M-1.pdf","source-note-element-audit.html; source-note-drafts.html; production-readiness-checklist.html"
"P3","Source-note cleanup backlog","8","1993-05-10","Telcon","Tier 4 - concise/confirmatory","22","2","Telephone call with President Boris Yeltsin of Russia, May 10, 1993, White House","Verify source-note elements and OCR-derived face-page addenda against the derivative PDF.","Source-note flags: classified-by line not parsed; classification reason not parsed.","","Needs source-note review","classified-by line not parsed; classification reason not parsed","Parsed","","Light annotation check","Ready to read; source-note review","Chechnya / Caucasus (6); Ukraine / Nuclear Security (6)","38-40","68-69","https://therealjameswilson.github.io/Clinton-Russia-High-Level/public/documents/1993-05-10-telcon-07.pdf","https://www.clintonlibrary.gov/sites/default/files/finding_aids_a_z/2026-05/2015-0782-M-1.pdf","source-note-element-audit.html; source-note-drafts.html; production-readiness-checklist.html"
"P3","Source-note cleanup backlog","12","1993-09-21","Telcon","Tier 4 - concise/confirmatory","35","3","Telephone call with President Boris Yeltsin of Russia, September 21, 1993, White House","Verify source-note elements and OCR-derived face-page addenda against the derivative PDF.","Source-note flags: classified-by line not parsed; classification reason not parsed.","","Needs source-note review","classified-by line not parsed; classification reason not parsed","Parsed","","Standard annotation review","Ready to read; source-note review","Economic Reform / Assistance (7); Russian Politics / Elections (4)","61-64","107-109","https://therealjameswilson.github.io/Clinton-Russia-High-Level/public/documents/1993-09-21-telcon-11.pdf","https://www.clintonlibrary.gov/sites/default/files/finding_aids_a_z/2026-05/2015-0782-M-1.pdf","source-note-element-audit.html; source-note-drafts.html; production-readiness-checklist.html"
"P3","Source-note cleanup backlog","13","1993-10-05","Telcon","Tier 4 - concise/confirmatory","26","3","Telephone call with President Boris Yeltsin of Russia, October 5, 1993, Air Force One","Verify source-note elements and OCR-derived face-page addenda against the derivative PDF.","Source-note flags: classified-by line not parsed; classification reason not parsed.","","Needs source-note review","classified-by line not parsed; classification reason not parsed","Parsed","","Standard annotation review","Ready to read; source-note review","Russian Politics / Elections (4); Economic Reform / Assistance (1)","65-68","119-121","https://therealjameswilson.github.io/Clinton-Russia-High-Level/public/documents/1993-10-05-telcon-12.pdf","https://www.clintonlibrary.gov/sites/default/files/finding_aids_a_z/2026-05/2015-0782-M-1.pdf","source-note-element-audit.html; source-note-drafts.html; production-readiness-checklist.html"
"P3","Source-note cleanup backlog","20","1994-02-20","Telcon","Tier 4 - concise/confirmatory","37","3","Telephone call with President Boris Yeltsin of Russia, February 20, 1994, White House White House","Verify source-note elements and OCR-derived face-page addenda against the derivative PDF.","Source-note flags: classification marking; classified-by line not parsed; classification reason not parsed.","","Needs source-note review","classification marking; classified-by line not parsed; classification reason not parsed","Review fields","classification marking","Standard annotation review","Ready to read; source-note review","Kosovo / Balkans (6); NATO / European Security (1)","104-107","155-157","https://therealjameswilson.github.io/Clinton-Russia-High-Level/public/documents/1994-02-20-telcon-16.pdf","https://www.clintonlibrary.gov/sites/default/files/finding_aids_a_z/2026-05/2015-0782-M-1.pdf","source-note-element-audit.html; source-note-drafts.html; production-readiness-checklist.html"
"P3","Source-note cleanup backlog","25","1994-07-05","Telcon","Tier 4 - concise/confirmatory","23","3","Telephone call with President Boris Yeltsin of Russia, July 5, 1994, White House","Verify source-note elements and OCR-derived face-page addenda against the derivative PDF.","Source-note flags: classified-by line not parsed; classification reason not parsed.","","Needs source-note review","classified-by line not parsed; classification reason not parsed","Parsed","","Light annotation check","Ready to read; source-note review","NATO / European Security (4)","122-125","202-204","https://therealjameswilson.github.io/Clinton-Russia-High-Level/public/documents/1994-07-05-telcon-21.pdf","https://www.clintonlibrary.gov/sites/default/files/finding_aids_a_z/2026-05/2015-0782-M-1.pdf","source-note-element-audit.html; source-note-drafts.html; production-readiness-checklist.html"
"P3","Source-note cleanup backlog","47","1996-06-18","Telcon","Tier 4 - concise/confirmatory","37","2","Telephone call with President Boris Yeltsin of Russia, June 18, 1996, White House","Verify source-note elements and OCR-derived face-page addenda against the derivative PDF.","Source-note flags: classification marking; classified-by line not parsed.","","Needs source-note review","classification marking; classified-by line not parsed","Review fields","classification marking","Standard annotation review","Ready to read; source-note review","Russian Politics / Elections (4); Economic Reform / Assistance (2); NATO / European Security (1)","274-276","39-40","https://therealjameswilson.github.io/Clinton-Russia-High-Level/public/documents/1996-06-18-telcon-39.pdf","https://www.clintonlibrary.gov/sites/default/files/finding_aids_a_z/2026-01/2015-0782-M-2.pdf","source-note-element-audit.html; source-note-drafts.html; production-readiness-checklist.html"
"P3","Source-note cleanup backlog","48","1996-07-05","Telcon","Tier 4 - concise/confirmatory","37","3","Telephone call with President Boris Yeltsin of Russia, July 5, 1996, White House","Verify source-note elements and OCR-derived face-page addenda against the derivative PDF.","Source-note flags: classification marking; classified-by line not parsed.","","Needs source-note review","classification marking; classified-by line not parsed","Review fields","classification marking","Standard annotation review","Ready to read; source-note review","Russian Politics / Elections (5); Arms Control / Nonproliferation (2); NATO / European Security (1)","277-280","49-51","https://therealjameswilson.github.io/Clinton-Russia-High-Level/public/documents/1996-07-05-telcon-40.pdf","https://www.clintonlibrary.gov/sites/default/files/finding_aids_a_z/2026-01/2015-0782-M-2.pdf","source-note-element-audit.html; source-note-drafts.html; production-readiness-checklist.html"
"P3","Source-note cleanup backlog","49","1996-09-15","Telcon","Tier 4 - concise/confirmatory","16","2","Telephone call with President Boris Yeltsin of Russia, September 15, 1996, White House","Verify source-note elements and OCR-derived face-page addenda against the derivative PDF.","Source-note flags: classification marking.","","Needs source-note review","classification marking","Review fields","classification marking","Light annotation check","Ready to read; source-note review","Russian Politics / Elections (1)","281-283","64-65","https://therealjameswilson.github.io/Clinton-Russia-High-Level/public/documents/1996-09-15-telcon-41.pdf","https://www.clintonlibrary.gov/sites/default/files/finding_aids_a_z/2026-01/2015-0782-M-2.pdf","source-note-element-audit.html; source-note-drafts.html; production-readiness-checklist.html"
"P3","Source-note cleanup backlog","50","1996-12-05","Telcon","Tier 4 - concise/confirmatory","31","3","Telephone call with President Boris Yeltsin of Russia, December 5, 1996, White House","Verify source-note elements and OCR-derived face-page addenda against the derivative PDF.","Source-note flags: classification marking.","","Needs source-note review","classification marking","Review fields","classification marking","Standard annotation review","Ready to read; source-note review","Russian Politics / Elections (3); Economic Reform / Assistance (1)","284-287","77-79","https://therealjameswilson.github.io/Clinton-Russia-High-Level/public/documents/1996-12-05-telcon-42.pdf","https://www.clintonlibrary.gov/sites/default/files/finding_aids_a_z/2026-01/2015-0782-M-2.pdf","source-note-element-audit.html; source-note-drafts.html; production-readiness-checklist.html"
"P3","Source-note cleanup backlog","59","1997-11-16","Telcon","Tier 4 - concise/confirmatory","35","3","Telephone call with President Boris Yeltsin of Russia, November 16, 1997, Malibu, California","Verify source-note elements and OCR-derived face-page addenda against the derivative PDF.","Source-note flags: classification marking.","","Needs source-note review","classification marking","Review fields","classification marking","Standard annotation review","Ready to read; source-note review","Iraq / Middle East (9); Arms Control / Nonproliferation (2); Ukraine / Nuclear Security (1)","350-353","206-208","https://therealjameswilson.github.io/Clinton-Russia-High-Level/public/documents/1997-11-16-telcon-48.pdf","https://www.clintonlibrary.gov/sites/default/files/finding_aids_a_z/2026-01/2015-0782-M-2.pdf","source-note-element-audit.html; source-note-drafts.html; production-readiness-checklist.html"
"P3","Source-note cleanup backlog","61","1998-02-02","Telcon","Tier 4 - concise/confirmatory","44","4","Telephone call with President Boris Yeltsin of Russia, February 2, 1998, White House","Verify source-note elements and OCR-derived face-page addenda against the derivative PDF.","Source-note flags: classification marking.","","Needs source-note review","classification marking","Review fields","classification marking","Standard annotation review","Ready to read; source-note review","Iraq / Middle East (15); Arms Control / Nonproliferation (1); Russian Politics / Elections (1)","361-365","236-239","https://therealjameswilson.github.io/Clinton-Russia-High-Level/public/documents/1998-02-02-telcon-50.pdf","https://www.clintonlibrary.gov/sites/default/files/finding_aids_a_z/2026-01/2015-0782-M-2.pdf","source-note-element-audit.html; source-note-drafts.html; production-readiness-checklist.html"
"P3","Source-note cleanup backlog","66","1998-05-21","Telcon","Tier 4 - concise/confirmatory","30","3","Telephone call with President Boris Yeltsin of Russia, May 21, 1998, White House","Verify source-note elements and OCR-derived face-page addenda against the derivative PDF.","Source-note flags: classification marking.","","Needs source-note review","classification marking","Review fields","classification marking","Standard annotation review","Ready to read; source-note review","Arms Control / Nonproliferation (2); Iraq / Middle East (1); Russian Politics / Elections (1)","392-395","301-303","https://therealjameswilson.github.io/Clinton-Russia-High-Level/public/documents/1998-05-21-telcon-55.pdf","https://www.clintonlibrary.gov/sites/default/files/finding_aids_a_z/2026-01/2015-0782-M-2.pdf","source-note-element-audit.html; source-note-drafts.html; production-readiness-checklist.html"
"P3","Source-note cleanup backlog","69","1998-06-16","Telcon","Tier 4 - concise/confirmatory","22","2","Telephone call with President Boris Yeltsin of Russia, June 16, 1998, White House","Verify source-note elements and OCR-derived face-page addenda against the derivative PDF.","Source-note flags: classification marking.","","Needs source-note review","classification marking","Review fields","classification marking","Light annotation check","Ready to read; source-note review","Kosovo / Balkans (3)","407-409","359-360","https://therealjameswilson.github.io/Clinton-Russia-High-Level/public/documents/1998-06-16-telcon-59.pdf","https://www.clintonlibrary.gov/sites/default/files/finding_aids_a_z/2026-01/2015-0782-M-2.pdf","source-note-element-audit.html; source-note-drafts.html; production-readiness-checklist.html"
"P3","Source-note cleanup backlog","72","1998-08-25","Telcon","Tier 4 - concise/confirmatory","39","4","Telephone call with President Boris Yeltsin of Russia, August 25, 1998, Martha's Vineyard, Massachusetts","Verify source-note elements and OCR-derived face-page addenda against the derivative PDF.","Source-note flags: classification marking; notetaker.","","Needs source-note review","classification marking; notetaker","Review fields","classification marking; notetaker","Standard annotation review","Ready to read; source-note review","Iraq / Middle East (7); Kosovo / Balkans (4); Arms Control / Nonproliferation (3)","422-426","405-408","https://therealjameswilson.github.io/Clinton-Russia-High-Level/public/documents/1998-08-25-telcon-62.pdf","https://www.clintonlibrary.gov/sites/default/files/finding_aids_a_z/2026-01/2015-0782-M-2.pdf","source-note-element-audit.html; source-note-drafts.html; production-readiness-checklist.html"
"P3","Source-note cleanup backlog","82","1999-06-07","Telcon","Tier 4 - concise/confirmatory","24","2","Telephone call with President Boris Yeltsin of Russia, June 7, 1999, White House","Verify source-note elements and OCR-derived face-page addenda against the derivative PDF.","Source-note flags: classification marking.","","Needs source-note review","classification marking","Review fields","classification marking","Standard annotation review","Ready to read; source-note review","Kosovo / Balkans (2)","471-473","479-480","https://therealjameswilson.github.io/Clinton-Russia-High-Level/public/documents/1999-06-07-telcon-72.pdf","https://www.clintonlibrary.gov/sites/default/files/finding_aids_a_z/2026-01/2015-0782-M-2.pdf","source-note-element-audit.html; source-note-drafts.html; production-readiness-checklist.html"
"P3","Source-note cleanup backlog","86","1999-06-14","Telcon","Tier 4 - concise/confirmatory","34","4","Telephone call with President Boris Yeltsin of Russia, June 14, 1999, White House","Verify source-note elements and OCR-derived face-page addenda against the derivative PDF.","Source-note flags: classification marking; classified-by line not parsed.","","Needs source-note review","classification marking; classified-by line not parsed","Review fields","classification marking","Standard annotation review","Ready to read; source-note review","Kosovo / Balkans (9); NATO / European Security (1)","489-493","521-524","https://therealjameswilson.github.io/Clinton-Russia-High-Level/public/documents/1999-06-14-telcon-76.pdf","https://www.clintonlibrary.gov/sites/default/files/finding_aids_a_z/2026-01/2015-0782-M-2.pdf","source-note-element-audit.html; source-note-drafts.html; production-readiness-checklist.html"
"P3","Source-note cleanup backlog","90","1999-12-31","Telcon","Tier 4 - concise/confirmatory","24","3","Telephone call with President Boris Yeltsin of Russia, December 31, 1999, White House","Verify source-note elements and OCR-derived face-page addenda against the derivative PDF.","Source-note flags: classification marking; interpreter.","","Needs source-note review","classification marking; interpreter","Review fields","classification marking; interpreter","Standard annotation review","Ready to read; source-note review","Russian Politics / Elections (5); Arms Control / Nonproliferation (1); Iraq / Middle East (1)","518-521","582-584","https://therealjameswilson.github.io/Clinton-Russia-High-Level/public/documents/1999-12-31-telcon-80.pdf","https://www.clintonlibrary.gov/sites/default/files/finding_aids_a_z/2026-01/2015-0782-M-2.pdf","source-note-element-audit.html; source-note-drafts.html; production-readiness-checklist.html"
"P3","Face-page metadata backlog","9","1993-06-28","Telcon","Tier 3 - supporting candidate","69","4","Telephone call with President Boris Yeltsin of Russia, June 28, 1993, White House","Review first-page metadata and fill any missing participants, classification, notetaker, interpreter, or date/time/place fields.","Face-page gaps: classification marking.","","Needs source-note review","classification marking; classified-by line not parsed; classification reason not parsed","Review fields","classification marking","Heavy annotation review","Ready to read; source-note review","Economic Reform / Assistance (17); Arms Control / Nonproliferation (6); Iraq / Middle East (5)","41-45","76-79","https://therealjameswilson.github.io/Clinton-Russia-High-Level/public/documents/1993-06-28-telcon-08.pdf","https://www.clintonlibrary.gov/sites/default/files/finding_aids_a_z/2026-05/2015-0782-M-1.pdf","face-page-metadata.html; source-note-element-audit.html"
"P3","Face-page metadata backlog","19","1994-01-15","Memcon","Tier 3 - supporting candidate","49","2","One-on-One Meeting with President Boris Yeltsin of Russia","Review first-page metadata and fill any missing participants, classification, notetaker, interpreter, or date/time/place fields.","Face-page gaps: classification marking.","","Needs source-note review","classification marking; classified-by line not parsed; classification reason not parsed","Review fields","classification marking","Heavy annotation review","Ready to read; source-note review","Economic Reform / Assistance (7); Russian Politics / Elections (3)","102-103","1-2","https://therealjameswilson.github.io/Clinton-Russia-High-Level/public/documents/clinton-standalone-1994-01-15-memcon-one-on-one.pdf","https://clinton.presidentiallibraries.us/files/original/67bc3e4fc7cc0ed1ba4f438e510624d8.pdf","face-page-metadata.html; source-note-element-audit.html"
"P3","Face-page metadata backlog","21","1994-04-10","Telcon","Tier 3 - supporting candidate","48","3","Telephone call with President Boris Yeltsin of Russia, April 10, 1994, White House","Review first-page metadata and fill any missing participants, classification, notetaker, interpreter, or date/time/place fields.","Face-page gaps: classification marking.","","Needs source-note review","classification marking; classified-by line not parsed; classification reason not parsed","Review fields","classification marking","Heavy annotation review","Ready to read; source-note review","NATO / European Security (5); Kosovo / Balkans (2)","108-111","164-166","https://therealjameswilson.github.io/Clinton-Russia-High-Level/public/documents/1994-04-10-telcon-17.pdf","https://www.clintonlibrary.gov/sites/default/files/finding_aids_a_z/2026-05/2015-0782-M-1.pdf","face-page-metadata.html; source-note-element-audit.html"
"P3","Face-page metadata backlog","22","1994-04-20","Telcon","Tier 3 - supporting candidate","56","4","Telephone call with President Boris Yeltsin of Russia, April 20, 1994, White House","Review first-page metadata and fill any missing participants, classification, notetaker, interpreter, or date/time/place fields.","Face-page gaps: classification marking.","","Needs source-note review","classification marking; classified-by line not parsed; classification reason not parsed","Review fields","classification marking","Heavy annotation review","Ready to read; source-note review","Kosovo / Balkans (6); NATO / European Security (6); Economic Reform / Assistance (4)","112-116","181-184","https://therealjameswilson.github.io/Clinton-Russia-High-Level/public/documents/1994-04-20-telcon-18.pdf","https://www.clintonlibrary.gov/sites/default/files/finding_aids_a_z/2026-05/2015-0782-M-1.pdf","face-page-metadata.html; source-note-element-audit.html"
"P3","Face-page metadata backlog","29","1994-09-28","Memcon","Tier 3 - supporting candidate","50","6","Second Clinton/Yeltsin One-on-One","Review first-page metadata and fill any missing participants, classification, notetaker, interpreter, or date/time/place fields.","Face-page gaps: participants; classification marking.","","Needs source-note review","participants; classification marking; classified-by line not parsed; classification reason not parsed; declassify-on line not parsed","Review fields","participants; classification marking","Heavy annotation review","Ready to read; source-note review","NATO / European Security (12); Ukraine / Nuclear Security (6); Iraq / Middle East (4)","145-150","3-7,9","https://therealjameswilson.github.io/Clinton-Russia-High-Level/public/documents/clinton-standalone-1994-09-28-second-one-on-one.pdf","https://clinton.presidentiallibraries.us/files/original/2509827ca57f98e07eec584b3d69250f.pdf","face-page-metadata.html; source-note-element-audit.html"
"P3","Face-page metadata backlog","30","1994-10-05","Telcon","Tier 3 - supporting candidate","48","4","Telephone call with President Boris Yeltsin, October 5, 1994, White House","Review first-page metadata and fill any missing participants, classification, notetaker, interpreter, or date/time/place fields.","Face-page gaps: classification marking.","","Needs source-note review","classification marking; classified-by line not parsed; classification reason not parsed","Review fields","classification marking","Heavy annotation review","Ready to read; source-note review","Iraq / Middle East (6); Economic Reform / Assistance (4); Russian Politics / Elections (1)","151-155","227-230","https://therealjameswilson.github.io/Clinton-Russia-High-Level/public/documents/1994-10-05-telcon-24.pdf","https://www.clintonlibrary.gov/sites/default/files/finding_aids_a_z/2026-05/2015-0782-M-1.pdf","face-page-metadata.html; source-note-element-audit.html"
"P3","Face-page metadata backlog","31","1994-10-10","Telcon","Tier 3 - supporting candidate","63","4","Telephone call with President Boris Yeltsin of Russia, October 10, 1994, White House","Review first-page metadata and fill any missing participants, classification, notetaker, interpreter, or date/time/place fields.","Face-page gaps: classification marking.","","Needs source-note review","classification marking; classified-by line not parsed; classification reason not parsed","Review fields","classification marking","Heavy annotation review","Ready to read; source-note review","Iraq / Middle East (22); Economic Reform / Assistance (5); Ukraine / Nuclear Security (2)","156-160","238-241","https://therealjameswilson.github.io/Clinton-Russia-High-Level/public/documents/1994-10-10-clinton-yeltsin-iraq-telcon.pdf","https://www.clintonlibrary.gov/sites/default/files/finding_aids_a_z/2026-05/2015-0782-M-1.pdf","face-page-metadata.html; source-note-element-audit.html"
"P3","Face-page metadata backlog","32","1995-02-13","Telcon","Tier 3 - supporting candidate","55","4","Telephone call with President Boris Yeltsin of Russia, February 13, 1995, White House","Review first-page metadata and fill any missing participants, classification, notetaker, interpreter, or date/time/place fields.","Face-page gaps: participants; notetaker; interpreter.","","Needs source-note review","participants; notetaker; interpreter; classified-by line not parsed; classification reason not parsed","Review fields","participants; notetaker; interpreter","Heavy annotation review","Ready to read; source-note review","Chechnya / Caucasus (15); Economic Reform / Assistance (12); Russian Politics / Elections (7)","161-165","268-271","https://therealjameswilson.github.io/Clinton-Russia-High-Level/public/documents/1995-02-13-telcon-26.pdf","https://www.clintonlibrary.gov/sites/default/files/finding_aids_a_z/2026-05/2015-0782-M-1.pdf","face-page-metadata.html; source-note-element-audit.html"
"P3","Face-page metadata backlog","37","1995-09-27","Telcon","Tier 3 - supporting candidate","50","3","Telephone call with President Boris Yeltsin of Russia, September 27, 1995, White House","Review first-page metadata and fill any missing participants, classification, notetaker, interpreter, or date/time/place fields.","Face-page gaps: classification marking.","","Needs source-note review","classification marking; classified-by line not parsed; classification reason not parsed","Review fields","classification marking","Heavy annotation review","Ready to read; source-note review","NATO / European Security (8); Ukraine / Nuclear Security (5); Arms Control / Nonproliferation (4)","202-205","324-326","https://therealjameswilson.github.io/Clinton-Russia-High-Level/public/documents/1995-09-27-telcon-31.pdf","https://www.clintonlibrary.gov/sites/default/files/finding_aids_a_z/2026-05/2015-0782-M-1.pdf","face-page-metadata.html; source-note-element-audit.html"
"P3","Face-page metadata backlog","39","1995-10-23","Memcon","Tier 3 - supporting candidate","48","5","Lunch with Boris Yeltsin, President of Russian Federation","Review first-page metadata and fill any missing participants, classification, notetaker, interpreter, or date/time/place fields.","Face-page gaps: classification marking.","","Needs source-note review","classification marking","Review fields","classification marking","Heavy annotation review","Ready to read; source-note review","NATO / European Security (1); Ukraine / Nuclear Security (1)","219-224","31-35","https://therealjameswilson.github.io/Clinton-Russia-High-Level/public/documents/1995-10-23-clinton-yeltsin-hyde-park-lunch.pdf","https://s3.amazonaws.com/NARAprodstorage/lz/presidential-libraries/clinton/wjc-nscrm/7585721/7-YeltsinHydePark.pdf","face-page-metadata.html; source-note-element-audit.html"
"P3","Face-page metadata backlog","44","1996-04-21","Memcon","Tier 3 - supporting candidate","65","13","POTUS-Yeltsin One-on-One","Review first-page metadata and fill any missing participants, classification, notetaker, interpreter, or date/time/place fields.","Face-page gaps: participants; classification marking.","","Needs source-note review","participants; classification marking; classified-by line not parsed; classification reason not parsed; declassify-on line not parsed","Review fields","participants; classification marking","Heavy annotation review","Ready to read; source-note review","Iraq / Middle East (13); Arms Control / Nonproliferation (11); Chechnya / Caucasus (7)","247-260","381-393","https://therealjameswilson.github.io/Clinton-Russia-High-Level/public/documents/1996-04-21-memcon-moscow-one-on-one.pdf","https://www.clintonlibrary.gov/sites/default/files/finding_aids_a_z/2026-05/2015-0782-M-1.pdf","face-page-metadata.html; source-note-element-audit.html"
"P3","Face-page metadata backlog","46","1996-05-07","Telcon","Tier 3 - supporting candidate","50","4","Telephone call with President Boris Yeltsin of Russia, May 7, 1996, White House","Review first-page metadata and fill any missing participants, classification, notetaker, interpreter, or date/time/place fields.","Face-page gaps: classification marking.","","Needs source-note review","classification marking; classified-by line not parsed","Review fields","classification marking","Heavy annotation review","Ready to read; source-note review","Russian Politics / Elections (10); Chechnya / Caucasus (5); Economic Reform / Assistance (5)","269-273","25-28","https://therealjameswilson.github.io/Clinton-Russia-High-Level/public/documents/1996-05-07-telcon-38.pdf","https://www.clintonlibrary.gov/sites/default/files/finding_aids_a_z/2026-01/2015-0782-M-2.pdf","face-page-metadata.html; source-note-element-audit.html"
"P3","Face-page metadata backlog","51","1997-02-27","Telcon","Tier 3 - supporting candidate","54","3","Telephone call with President Boris Yeltsin of Russia, February 27, 1997, White House","Review first-page metadata and fill any missing participants, classification, notetaker, interpreter, or date/time/place fields.","Face-page gaps: classification marking.","","Needs source-note review","classification marking; classified-by line not parsed","Review fields","classification marking","Heavy annotation review","Ready to read; source-note review","NATO / European Security (16); Arms Control / Nonproliferation (11); Economic Reform / Assistance (3)","288-291","87-89","https://therealjameswilson.github.io/Clinton-Russia-High-Level/public/documents/1997-02-27-telcon-43.pdf","https://www.clintonlibrary.gov/sites/default/files/finding_aids_a_z/2026-01/2015-0782-M-2.pdf","face-page-metadata.html; source-note-element-audit.html"
"P3","Face-page metadata backlog","58","1997-10-30","Telcon","Tier 3 - supporting candidate","69","6","Telephone call with President Boris Yeltsin of Russia, October 30, 1997, White House","Review first-page metadata and fill any missing participants, classification, notetaker, interpreter, or date/time/place fields.","Face-page gaps: classification marking.","","Needs source-note review","classification marking","Review fields","classification marking","Heavy annotation review","Ready to read; source-note review","Arms Control / Nonproliferation (21); Russian Politics / Elections (5); Iraq / Middle East (3)","343-349","183-188","https://therealjameswilson.github.io/Clinton-Russia-High-Level/public/documents/1997-10-30-telcon-47.pdf","https://www.clintonlibrary.gov/sites/default/files/finding_aids_a_z/2026-01/2015-0782-M-2.pdf","face-page-metadata.html; source-note-element-audit.html"
"P3","Face-page metadata backlog","60","1997-11-22","Telcon","Tier 3 - supporting candidate","46","6","Telephone call with President Boris Yeltsin of Russia, November 22, 1997, White House","Review first-page metadata and fill any missing participants, classification, notetaker, interpreter, or date/time/place fields.","Face-page gaps: classification marking.","","Needs source-note review","classification marking","Review fields","classification marking","Heavy annotation review","Ready to read; source-note review","Iraq / Middle East (10); Arms Control / Nonproliferation (7); Russian Politics / Elections (5)","354-360","218-223","https://therealjameswilson.github.io/Clinton-Russia-High-Level/public/documents/1997-11-22-telcon-49.pdf","https://www.clintonlibrary.gov/sites/default/files/finding_aids_a_z/2026-01/2015-0782-M-2.pdf","face-page-metadata.html; source-note-element-audit.html"
"P3","Face-page metadata backlog","64","1998-05-12","Telcon","Tier 3 - supporting candidate","54","5","Telephone call with President Boris Yeltsin of Russia, May 12, 1998, White House","Review first-page metadata and fill any missing participants, classification, notetaker, interpreter, or date/time/place fields.","Face-page gaps: classification marking.","","Needs source-note review","classification marking","Review fields","classification marking","Heavy annotation review","Ready to read; source-note review","Arms Control / Nonproliferation (13); Ukraine / Nuclear Security (6); Kosovo / Balkans (5)","377-382","286-290","https://therealjameswilson.github.io/Clinton-Russia-High-Level/public/documents/1998-05-12-telcon-53.pdf","https://www.clintonlibrary.gov/sites/default/files/finding_aids_a_z/2026-01/2015-0782-M-2.pdf","face-page-metadata.html; source-note-element-audit.html"
"P3","Face-page metadata backlog","67","1998-05-28","Telcon","Tier 3 - supporting candidate","48","4","Telephone call with President Boris Yeltsin of Russia, May 28, 1998, White House","Review first-page metadata and fill any missing participants, classification, notetaker, interpreter, or date/time/place fields.","Face-page gaps: classification marking.","","Needs source-note review","classification marking","Review fields","classification marking","Heavy annotation review","Ready to read; source-note review","Economic Reform / Assistance (15); Russian Politics / Elections (1); Ukraine / Nuclear Security (1)","396-400","329-332","https://therealjameswilson.github.io/Clinton-Russia-High-Level/public/documents/1998-05-28-telcon-56.pdf","https://www.clintonlibrary.gov/sites/default/files/finding_aids_a_z/2026-01/2015-0782-M-2.pdf","face-page-metadata.html; source-note-element-audit.html"
"P3","Face-page metadata backlog","70","1998-07-10","Telcon","Tier 3 - supporting candidate","56","4","Telephone call with President Boris Yeltsin of Russia, July 10, 1998, White House","Review first-page metadata and fill any missing participants, classification, notetaker, interpreter, or date/time/place fields.","Face-page gaps: classification marking.","","Needs source-note review","classification marking","Review fields","classification marking","Heavy annotation review","Ready to read; source-note review","Russian Politics / Elections (10); Economic Reform / Assistance (7); Iraq / Middle East (3)","410-414","371-374","https://therealjameswilson.github.io/Clinton-Russia-High-Level/public/documents/1998-07-10-telcon-60.pdf","https://www.clintonlibrary.gov/sites/default/files/finding_aids_a_z/2026-01/2015-0782-M-2.pdf","face-page-metadata.html; source-note-element-audit.html"
"P3","Face-page metadata backlog","71","1998-08-14","Telcon","Tier 3 - supporting candidate","68","6","Telephone call with President Boris Yeltsin of Russia, August 14, 1998, White House","Review first-page metadata and fill any missing participants, classification, notetaker, interpreter, or date/time/place fields.","Face-page gaps: classification marking.","","Needs source-note review","classification marking","Review fields","classification marking","Heavy annotation review","Ready to read; source-note review","Economic Reform / Assistance (11); Kosovo / Balkans (9); Russian Politics / Elections (9)","415-421","384-389","https://therealjameswilson.github.io/Clinton-Russia-High-Level/public/documents/1998-08-14-telcon-61.pdf","https://www.clintonlibrary.gov/sites/default/files/finding_aids_a_z/2026-01/2015-0782-M-2.pdf","face-page-metadata.html; source-note-element-audit.html"
"P3","Face-page metadata backlog","74","1998-09-12","Telcon","Tier 3 - supporting candidate","50","4","Telephone call with President Boris Yeltsin of Russia, September 12, 1998, White House","Review first-page metadata and fill any missing participants, classification, notetaker, interpreter, or date/time/place fields.","Face-page gaps: classification marking.","","Needs source-note review","classification marking; declassify-on line not parsed","Review fields","classification marking","Heavy annotation review","Ready to read; source-note review","Economic Reform / Assistance (8); Russian Politics / Elections (4); Iraq / Middle East (1)","427-431","422-425","https://therealjameswilson.github.io/Clinton-Russia-High-Level/public/documents/1998-09-12-telcon-64.pdf","https://www.clintonlibrary.gov/sites/default/files/finding_aids_a_z/2026-01/2015-0782-M-2.pdf","face-page-metadata.html; source-note-element-audit.html"
"P3","Face-page metadata backlog","76","1998-12-30","Telcon","Tier 3 - supporting candidate","62","5","Telephone call with President Boris Yeltsin of Russia, December 30, 1998, White House","Review first-page metadata and fill any missing participants, classification, notetaker, interpreter, or date/time/place fields.","Face-page gaps: classification marking.","","Needs source-note review","classification marking; declassify-on line not parsed","Review fields","classification marking","Heavy annotation review","Ready to read; source-note review","Economic Reform / Assistance (15); Arms Control / Nonproliferation (9); Iraq / Middle East (8)","435-439","1-5","https://therealjameswilson.github.io/Clinton-Russia-High-Level/public/documents/1998-12-30-clinton-yeltsin-telcon-actual-pages.pdf","https://clinton.presidentiallibraries.us/files/original/1ec29c3214c0ccb6c6ed30fd7e5b06af.pdf","face-page-metadata.html; source-note-element-audit.html"
"P3","Face-page metadata backlog","81","1999-05-02","Telcon","Tier 3 - supporting candidate","45","4","Telephone call with President Boris Yeltsin of Russia, May 2, 1999, White House","Review first-page metadata and fill any missing participants, classification, notetaker, interpreter, or date/time/place fields.","Face-page gaps: classification marking.","","Needs source-note review","classification marking","Review fields","classification marking","Heavy annotation review","Ready to read; source-note review","Kosovo / Balkans (5)","466-470","470-473","https://therealjameswilson.github.io/Clinton-Russia-High-Level/public/documents/1999-05-02-telcon-71.pdf","https://www.clintonlibrary.gov/sites/default/files/finding_aids_a_z/2026-01/2015-0782-M-2.pdf","face-page-metadata.html; source-note-element-audit.html"
"P3","Face-page metadata backlog","88","1999-09-08","Telcon","Tier 3 - supporting candidate","45","5","Telephone call with President Boris Yeltsin of Russia, September 8, 1999, White House","Review first-page metadata and fill any missing participants, classification, notetaker, interpreter, or date/time/place fields.","Face-page gaps: participants; notetaker; interpreter.","","Needs source-note review","participants; notetaker; interpreter","Review fields","participants; notetaker; interpreter","Heavy annotation review","Ready to read; source-note review","Arms Control / Nonproliferation (19); Chechnya / Caucasus (3); Russian Politics / Elections (3)","504-509","548-552","https://therealjameswilson.github.io/Clinton-Russia-High-Level/public/documents/1999-09-08-telcon-78.pdf","https://www.clintonlibrary.gov/sites/default/files/finding_aids_a_z/2026-01/2015-0782-M-2.pdf","face-page-metadata.html; source-note-element-audit.html"
"P3","Face-page metadata backlog","6","1993-04-26","Telcon","Tier 4 - concise/confirmatory","23","2","Telephone call with President Boris Yeltsin of Russia, April 26, 1993, White House","Review first-page metadata and fill any missing participants, classification, notetaker, interpreter, or date/time/place fields.","Face-page gaps: classification marking.","","Needs source-note review","classification marking; classified-by line not parsed; classification reason not parsed","Review fields","classification marking","Light annotation check","Ready to read; source-note review","Economic Reform / Assistance (1)","32-34","51-52","https://therealjameswilson.github.io/Clinton-Russia-High-Level/public/documents/1993-04-26-telcon-05.pdf","https://www.clintonlibrary.gov/sites/default/files/finding_aids_a_z/2026-05/2015-0782-M-1.pdf","face-page-metadata.html; source-note-element-audit.html"
"P3","Face-page metadata backlog","7","1993-05-02","Telcon","Tier 4 - concise/confirmatory","23","2","Telephone call with President Boris Yeltsin of Russia, May 2, 1993, White House","Review first-page metadata and fill any missing participants, classification, notetaker, interpreter, or date/time/place fields.","Face-page gaps: classification marking.","","Needs source-note review","classification marking; classified-by line not parsed; classification reason not parsed","Review fields","classification marking","Light annotation check","Ready to read; source-note review","","35-37","60-61","https://therealjameswilson.github.io/Clinton-Russia-High-Level/public/documents/1993-05-02-telcon-06.pdf","https://www.clintonlibrary.gov/sites/default/files/finding_aids_a_z/2026-05/2015-0782-M-1.pdf","face-page-metadata.html; source-note-element-audit.html"
"P3","Face-page metadata backlog","20","1994-02-20","Telcon","Tier 4 - concise/confirmatory","37","3","Telephone call with President Boris Yeltsin of Russia, February 20, 1994, White House White House","Review first-page metadata and fill any missing participants, classification, notetaker, interpreter, or date/time/place fields.","Face-page gaps: classification marking.","","Needs source-note review","classification marking; classified-by line not parsed; classification reason not parsed","Review fields","classification marking","Standard annotation review","Ready to read; source-note review","Kosovo / Balkans (6); NATO / European Security (1)","104-107","155-157","https://therealjameswilson.github.io/Clinton-Russia-High-Level/public/documents/1994-02-20-telcon-16.pdf","https://www.clintonlibrary.gov/sites/default/files/finding_aids_a_z/2026-05/2015-0782-M-1.pdf","face-page-metadata.html; source-note-element-audit.html"
"P3","Face-page metadata backlog","47","1996-06-18","Telcon","Tier 4 - concise/confirmatory","37","2","Telephone call with President Boris Yeltsin of Russia, June 18, 1996, White House","Review first-page metadata and fill any missing participants, classification, notetaker, interpreter, or date/time/place fields.","Face-page gaps: classification marking.","","Needs source-note review","classification marking; classified-by line not parsed","Review fields","classification marking","Standard annotation review","Ready to read; source-note review","Russian Politics / Elections (4); Economic Reform / Assistance (2); NATO / European Security (1)","274-276","39-40","https://therealjameswilson.github.io/Clinton-Russia-High-Level/public/documents/1996-06-18-telcon-39.pdf","https://www.clintonlibrary.gov/sites/default/files/finding_aids_a_z/2026-01/2015-0782-M-2.pdf","face-page-metadata.html; source-note-element-audit.html"
"P3","Face-page metadata backlog","48","1996-07-05","Telcon","Tier 4 - concise/confirmatory","37","3","Telephone call with President Boris Yeltsin of Russia, July 5, 1996, White House","Review first-page metadata and fill any missing participants, classification, notetaker, interpreter, or date/time/place fields.","Face-page gaps: classification marking.","","Needs source-note review","classification marking; classified-by line not parsed","Review fields","classification marking","Standard annotation review","Ready to read; source-note review","Russian Politics / Elections (5); Arms Control / Nonproliferation (2); NATO / European Security (1)","277-280","49-51","https://therealjameswilson.github.io/Clinton-Russia-High-Level/public/documents/1996-07-05-telcon-40.pdf","https://www.clintonlibrary.gov/sites/default/files/finding_aids_a_z/2026-01/2015-0782-M-2.pdf","face-page-metadata.html; source-note-element-audit.html"
"P3","Face-page metadata backlog","49","1996-09-15","Telcon","Tier 4 - concise/confirmatory","16","2","Telephone call with President Boris Yeltsin of Russia, September 15, 1996, White House","Review first-page metadata and fill any missing participants, classification, notetaker, interpreter, or date/time/place fields.","Face-page gaps: classification marking.","","Needs source-note review","classification marking","Review fields","classification marking","Light annotation check","Ready to read; source-note review","Russian Politics / Elections (1)","281-283","64-65","https://therealjameswilson.github.io/Clinton-Russia-High-Level/public/documents/1996-09-15-telcon-41.pdf","https://www.clintonlibrary.gov/sites/default/files/finding_aids_a_z/2026-01/2015-0782-M-2.pdf","face-page-metadata.html; source-note-element-audit.html"
"P3","Face-page metadata backlog","50","1996-12-05","Telcon","Tier 4 - concise/confirmatory","31","3","Telephone call with President Boris Yeltsin of Russia, December 5, 1996, White House","Review first-page metadata and fill any missing participants, classification, notetaker, interpreter, or date/time/place fields.","Face-page gaps: classification marking.","","Needs source-note review","classification marking","Review fields","classification marking","Standard annotation review","Ready to read; source-note review","Russian Politics / Elections (3); Economic Reform / Assistance (1)","284-287","77-79","https://therealjameswilson.github.io/Clinton-Russia-High-Level/public/documents/1996-12-05-telcon-42.pdf","https://www.clintonlibrary.gov/sites/default/files/finding_aids_a_z/2026-01/2015-0782-M-2.pdf","face-page-metadata.html; source-note-element-audit.html"
"P3","Face-page metadata backlog","59","1997-11-16","Telcon","Tier 4 - concise/confirmatory","35","3","Telephone call with President Boris Yeltsin of Russia, November 16, 1997, Malibu, California","Review first-page metadata and fill any missing participants, classification, notetaker, interpreter, or date/time/place fields.","Face-page gaps: classification marking.","","Needs source-note review","classification marking","Review fields","classification marking","Standard annotation review","Ready to read; source-note review","Iraq / Middle East (9); Arms Control / Nonproliferation (2); Ukraine / Nuclear Security (1)","350-353","206-208","https://therealjameswilson.github.io/Clinton-Russia-High-Level/public/documents/1997-11-16-telcon-48.pdf","https://www.clintonlibrary.gov/sites/default/files/finding_aids_a_z/2026-01/2015-0782-M-2.pdf","face-page-metadata.html; source-note-element-audit.html"
"P3","Face-page metadata backlog","61","1998-02-02","Telcon","Tier 4 - concise/confirmatory","44","4","Telephone call with President Boris Yeltsin of Russia, February 2, 1998, White House","Review first-page metadata and fill any missing participants, classification, notetaker, interpreter, or date/time/place fields.","Face-page gaps: classification marking.","","Needs source-note review","classification marking","Review fields","classification marking","Standard annotation review","Ready to read; source-note review","Iraq / Middle East (15); Arms Control / Nonproliferation (1); Russian Politics / Elections (1)","361-365","236-239","https://therealjameswilson.github.io/Clinton-Russia-High-Level/public/documents/1998-02-02-telcon-50.pdf","https://www.clintonlibrary.gov/sites/default/files/finding_aids_a_z/2026-01/2015-0782-M-2.pdf","face-page-metadata.html; source-note-element-audit.html"
"P3","Face-page metadata backlog","66","1998-05-21","Telcon","Tier 4 - concise/confirmatory","30","3","Telephone call with President Boris Yeltsin of Russia, May 21, 1998, White House","Review first-page metadata and fill any missing participants, classification, notetaker, interpreter, or date/time/place fields.","Face-page gaps: classification marking.","","Needs source-note review","classification marking","Review fields","classification marking","Standard annotation review","Ready to read; source-note review","Arms Control / Nonproliferation (2); Iraq / Middle East (1); Russian Politics / Elections (1)","392-395","301-303","https://therealjameswilson.github.io/Clinton-Russia-High-Level/public/documents/1998-05-21-telcon-55.pdf","https://www.clintonlibrary.gov/sites/default/files/finding_aids_a_z/2026-01/2015-0782-M-2.pdf","face-page-metadata.html; source-note-element-audit.html"
"P3","Face-page metadata backlog","69","1998-06-16","Telcon","Tier 4 - concise/confirmatory","22","2","Telephone call with President Boris Yeltsin of Russia, June 16, 1998, White House","Review first-page metadata and fill any missing participants, classification, notetaker, interpreter, or date/time/place fields.","Face-page gaps: classification marking.","","Needs source-note review","classification marking","Review fields","classification marking","Light annotation check","Ready to read; source-note review","Kosovo / Balkans (3)","407-409","359-360","https://therealjameswilson.github.io/Clinton-Russia-High-Level/public/documents/1998-06-16-telcon-59.pdf","https://www.clintonlibrary.gov/sites/default/files/finding_aids_a_z/2026-01/2015-0782-M-2.pdf","face-page-metadata.html; source-note-element-audit.html"
"P3","Face-page metadata backlog","72","1998-08-25","Telcon","Tier 4 - concise/confirmatory","39","4","Telephone call with President Boris Yeltsin of Russia, August 25, 1998, Martha's Vineyard, Massachusetts","Review first-page metadata and fill any missing participants, classification, notetaker, interpreter, or date/time/place fields.","Face-page gaps: classification marking; notetaker.","","Needs source-note review","classification marking; notetaker","Review fields","classification marking; notetaker","Standard annotation review","Ready to read; source-note review","Iraq / Middle East (7); Kosovo / Balkans (4); Arms Control / Nonproliferation (3)","422-426","405-408","https://therealjameswilson.github.io/Clinton-Russia-High-Level/public/documents/1998-08-25-telcon-62.pdf","https://www.clintonlibrary.gov/sites/default/files/finding_aids_a_z/2026-01/2015-0782-M-2.pdf","face-page-metadata.html; source-note-element-audit.html"
"P3","Face-page metadata backlog","82","1999-06-07","Telcon","Tier 4 - concise/confirmatory","24","2","Telephone call with President Boris Yeltsin of Russia, June 7, 1999, White House","Review first-page metadata and fill any missing participants, classification, notetaker, interpreter, or date/time/place fields.","Face-page gaps: classification marking.","","Needs source-note review","classification marking","Review fields","classification marking","Standard annotation review","Ready to read; source-note review","Kosovo / Balkans (2)","471-473","479-480","https://therealjameswilson.github.io/Clinton-Russia-High-Level/public/documents/1999-06-07-telcon-72.pdf","https://www.clintonlibrary.gov/sites/default/files/finding_aids_a_z/2026-01/2015-0782-M-2.pdf","face-page-metadata.html; source-note-element-audit.html"
"P3","Face-page metadata backlog","86","1999-06-14","Telcon","Tier 4 - concise/confirmatory","34","4","Telephone call with President Boris Yeltsin of Russia, June 14, 1999, White House","Review first-page metadata and fill any missing participants, classification, notetaker, interpreter, or date/time/place fields.","Face-page gaps: classification marking.","","Needs source-note review","classification marking; classified-by line not parsed","Review fields","classification marking","Standard annotation review","Ready to read; source-note review","Kosovo / Balkans (9); NATO / European Security (1)","489-493","521-524","https://therealjameswilson.github.io/Clinton-Russia-High-Level/public/documents/1999-06-14-telcon-76.pdf","https://www.clintonlibrary.gov/sites/default/files/finding_aids_a_z/2026-01/2015-0782-M-2.pdf","face-page-metadata.html; source-note-element-audit.html"
"P3","Face-page metadata backlog","90","1999-12-31","Telcon","Tier 4 - concise/confirmatory","24","3","Telephone call with President Boris Yeltsin of Russia, December 31, 1999, White House","Review first-page metadata and fill any missing participants, classification, notetaker, interpreter, or date/time/place fields.","Face-page gaps: classification marking; interpreter.","","Needs source-note review","classification marking; interpreter","Review fields","classification marking; interpreter","Standard annotation review","Ready to read; source-note review","Russian Politics / Elections (5); Arms Control / Nonproliferation (1); Iraq / Middle East (1)","518-521","582-584","https://therealjameswilson.github.io/Clinton-Russia-High-Level/public/documents/1999-12-31-telcon-80.pdf","https://www.clintonlibrary.gov/sites/default/files/finding_aids_a_z/2026-01/2015-0782-M-2.pdf","face-page-metadata.html; source-note-element-audit.html"
"P3","Annotation backlog","9","1993-06-28","Telcon","Tier 3 - supporting candidate","69","4","Telephone call with President Boris Yeltsin of Russia, June 28, 1993, White House","Capture authorities, issue hooks, and possible editorial-note use before final pruning.","Heavy annotation row outside the draft spine; dominant issues: Economic Reform / Assistance; Arms Control / Nonproliferation; Iraq / Middle East.","","Needs source-note review","classification marking; classified-by line not parsed; classification reason not parsed","Review fields","classification marking","Heavy annotation review","Ready to read; source-note review","Economic Reform / Assistance (17); Arms Control / Nonproliferation (6); Iraq / Middle East (5)","41-45","76-79","https://therealjameswilson.github.io/Clinton-Russia-High-Level/public/documents/1993-06-28-telcon-08.pdf","https://www.clintonlibrary.gov/sites/default/files/finding_aids_a_z/2026-05/2015-0782-M-1.pdf","annotation-workbench.html; topic-index.html; contact-dossier-crosswalk.html"
"P3","Annotation backlog","11","1993-09-07","Telcon","Tier 3 - supporting candidate","59","4","Telephone call with President Boris Yeltsin of Russia, September 7, 1993, White House","Capture authorities, issue hooks, and possible editorial-note use before final pruning.","Heavy annotation row outside the draft spine; dominant issues: Ukraine / Nuclear Security; Economic Reform / Assistance; Arms Control / Nonproliferation.","","Needs source-note review","classified-by line not parsed; classification reason not parsed; declassify-on line not parsed","Parsed","","Heavy annotation review","Ready to read; source-note review","Ukraine / Nuclear Security (12); Economic Reform / Assistance (7); Arms Control / Nonproliferation (2)","56-60","95-98","https://therealjameswilson.github.io/Clinton-Russia-High-Level/public/documents/1993-09-07-telcon-10.pdf","https://www.clintonlibrary.gov/sites/default/files/finding_aids_a_z/2026-05/2015-0782-M-1.pdf","annotation-workbench.html; topic-index.html; contact-dossier-crosswalk.html"
"P3","Annotation backlog","17","1994-01-14","Memcon","Tier 3 - supporting candidate","66","3","Trilateral Meeting with President Boris Yeltsin of Russia on Security Issues","Capture authorities, issue hooks, and possible editorial-note use before final pruning.","Heavy annotation row outside the draft spine; dominant issues: Ukraine / Nuclear Security; Arms Control / Nonproliferation; Economic Reform / Assistance.","","Needs source-note review","classified-by line not parsed; classification reason not parsed; declassify-on line not parsed","Parsed","","Heavy annotation review","Ready to read; source-note review","Ukraine / Nuclear Security (29); Arms Control / Nonproliferation (3); Economic Reform / Assistance (1)","91-93","State FOIA document C06694499, conversation pages 1-3","https://therealjameswilson.github.io/Clinton-Russia-High-Level/public/documents/1994-01-14-memcon-trilateral-yeltsin-kravchuk.pdf","https://drive.google.com/file/d/1mA2m1fonXTwvzmbdVLzjWV7iGpBWAC1r/view","annotation-workbench.html; topic-index.html; contact-dossier-crosswalk.html"
"P3","Annotation backlog","19","1994-01-15","Memcon","Tier 3 - supporting candidate","49","2","One-on-One Meeting with President Boris Yeltsin of Russia","Capture authorities, issue hooks, and possible editorial-note use before final pruning.","Heavy annotation row outside the draft spine; dominant issues: Economic Reform / Assistance; Russian Politics / Elections.","","Needs source-note review","classification marking; classified-by line not parsed; classification reason not parsed","Review fields","classification marking","Heavy annotation review","Ready to read; source-note review","Economic Reform / Assistance (7); Russian Politics / Elections (3)","102-103","1-2","https://therealjameswilson.github.io/Clinton-Russia-High-Level/public/documents/clinton-standalone-1994-01-15-memcon-one-on-one.pdf","https://clinton.presidentiallibraries.us/files/original/67bc3e4fc7cc0ed1ba4f438e510624d8.pdf","annotation-workbench.html; topic-index.html; contact-dossier-crosswalk.html"
"P3","Annotation backlog","21","1994-04-10","Telcon","Tier 3 - supporting candidate","48","3","Telephone call with President Boris Yeltsin of Russia, April 10, 1994, White House","Capture authorities, issue hooks, and possible editorial-note use before final pruning.","Heavy annotation row outside the draft spine; dominant issues: NATO / European Security; Kosovo / Balkans.","","Needs source-note review","classification marking; classified-by line not parsed; classification reason not parsed","Review fields","classification marking","Heavy annotation review","Ready to read; source-note review","NATO / European Security (5); Kosovo / Balkans (2)","108-111","164-166","https://therealjameswilson.github.io/Clinton-Russia-High-Level/public/documents/1994-04-10-telcon-17.pdf","https://www.clintonlibrary.gov/sites/default/files/finding_aids_a_z/2026-05/2015-0782-M-1.pdf","annotation-workbench.html; topic-index.html; contact-dossier-crosswalk.html"
"P3","Annotation backlog","22","1994-04-20","Telcon","Tier 3 - supporting candidate","56","4","Telephone call with President Boris Yeltsin of Russia, April 20, 1994, White House","Capture authorities, issue hooks, and possible editorial-note use before final pruning.","Heavy annotation row outside the draft spine; dominant issues: Kosovo / Balkans; NATO / European Security; Economic Reform / Assistance.","","Needs source-note review","classification marking; classified-by line not parsed; classification reason not parsed","Review fields","classification marking","Heavy annotation review","Ready to read; source-note review","Kosovo / Balkans (6); NATO / European Security (6); Economic Reform / Assistance (4)","112-116","181-184","https://therealjameswilson.github.io/Clinton-Russia-High-Level/public/documents/1994-04-20-telcon-18.pdf","https://www.clintonlibrary.gov/sites/default/files/finding_aids_a_z/2026-05/2015-0782-M-1.pdf","annotation-workbench.html; topic-index.html; contact-dossier-crosswalk.html"
"P3","Annotation backlog","24","1994-06-13","Telcon","Tier 3 - supporting candidate","59","4","Telephone Call with President Boris Yeltsin of Russia, June 13, 1994, White House","Capture authorities, issue hooks, and possible editorial-note use before final pruning.","Heavy annotation row outside the draft spine; dominant issues: Iraq / Middle East; Arms Control / Nonproliferation; Economic Reform / Assistance.","","Needs source-note review","classified-by line not parsed; classification reason not parsed","Parsed","","Heavy annotation review","Ready to read; source-note review","Iraq / Middle East (17); Arms Control / Nonproliferation (3); Economic Reform / Assistance (2)","117-121","191-194","https://therealjameswilson.github.io/Clinton-Russia-High-Level/public/documents/1994-06-13-telcon-20.pdf","https://www.clintonlibrary.gov/sites/default/files/finding_aids_a_z/2026-05/2015-0782-M-1.pdf","annotation-workbench.html; topic-index.html; contact-dossier-crosswalk.html"
"P3","Annotation backlog","29","1994-09-28","Memcon","Tier 3 - supporting candidate","50","6","Second Clinton/Yeltsin One-on-One","Capture authorities, issue hooks, and possible editorial-note use before final pruning.","Heavy annotation row outside the draft spine; dominant issues: NATO / European Security; Ukraine / Nuclear Security; Iraq / Middle East.","","Needs source-note review","participants; classification marking; classified-by line not parsed; classification reason not parsed; declassify-on line not parsed","Review fields","participants; classification marking","Heavy annotation review","Ready to read; source-note review","NATO / European Security (12); Ukraine / Nuclear Security (6); Iraq / Middle East (4)","145-150","3-7,9","https://therealjameswilson.github.io/Clinton-Russia-High-Level/public/documents/clinton-standalone-1994-09-28-second-one-on-one.pdf","https://clinton.presidentiallibraries.us/files/original/2509827ca57f98e07eec584b3d69250f.pdf","annotation-workbench.html; topic-index.html; contact-dossier-crosswalk.html"
"P3","Annotation backlog","30","1994-10-05","Telcon","Tier 3 - supporting candidate","48","4","Telephone call with President Boris Yeltsin, October 5, 1994, White House","Capture authorities, issue hooks, and possible editorial-note use before final pruning.","Heavy annotation row outside the draft spine; dominant issues: Iraq / Middle East; Economic Reform / Assistance; Russian Politics / Elections.","","Needs source-note review","classification marking; classified-by line not parsed; classification reason not parsed","Review fields","classification marking","Heavy annotation review","Ready to read; source-note review","Iraq / Middle East (6); Economic Reform / Assistance (4); Russian Politics / Elections (1)","151-155","227-230","https://therealjameswilson.github.io/Clinton-Russia-High-Level/public/documents/1994-10-05-telcon-24.pdf","https://www.clintonlibrary.gov/sites/default/files/finding_aids_a_z/2026-05/2015-0782-M-1.pdf","annotation-workbench.html; topic-index.html; contact-dossier-crosswalk.html"
"P3","Annotation backlog","31","1994-10-10","Telcon","Tier 3 - supporting candidate","63","4","Telephone call with President Boris Yeltsin of Russia, October 10, 1994, White House","Capture authorities, issue hooks, and possible editorial-note use before final pruning.","Heavy annotation row outside the draft spine; dominant issues: Iraq / Middle East; Economic Reform / Assistance; Ukraine / Nuclear Security.","","Needs source-note review","classification marking; classified-by line not parsed; classification reason not parsed","Review fields","classification marking","Heavy annotation review","Ready to read; source-note review","Iraq / Middle East (22); Economic Reform / Assistance (5); Ukraine / Nuclear Security (2)","156-160","238-241","https://therealjameswilson.github.io/Clinton-Russia-High-Level/public/documents/1994-10-10-clinton-yeltsin-iraq-telcon.pdf","https://www.clintonlibrary.gov/sites/default/files/finding_aids_a_z/2026-05/2015-0782-M-1.pdf","annotation-workbench.html; topic-index.html; contact-dossier-crosswalk.html"
"P3","Annotation backlog","32","1995-02-13","Telcon","Tier 3 - supporting candidate","55","4","Telephone call with President Boris Yeltsin of Russia, February 13, 1995, White House","Capture authorities, issue hooks, and possible editorial-note use before final pruning.","Heavy annotation row outside the draft spine; dominant issues: Chechnya / Caucasus; Economic Reform / Assistance; Russian Politics / Elections.","","Needs source-note review","participants; notetaker; interpreter; classified-by line not parsed; classification reason not parsed","Review fields","participants; notetaker; interpreter","Heavy annotation review","Ready to read; source-note review","Chechnya / Caucasus (15); Economic Reform / Assistance (12); Russian Politics / Elections (7)","161-165","268-271","https://therealjameswilson.github.io/Clinton-Russia-High-Level/public/documents/1995-02-13-telcon-26.pdf","https://www.clintonlibrary.gov/sites/default/files/finding_aids_a_z/2026-05/2015-0782-M-1.pdf","annotation-workbench.html; topic-index.html; contact-dossier-crosswalk.html"
"P3","Annotation backlog","33","1995-04-27","Telcon","Tier 3 - supporting candidate","64","4","Telephone call with President Boris Yeltsin of Russia, April 27, 1995, White House","Capture authorities, issue hooks, and possible editorial-note use before final pruning.","Heavy annotation row outside the draft spine; dominant issues: NATO / European Security; Arms Control / Nonproliferation; Chechnya / Caucasus.","","Needs source-note review","classified-by line not parsed; classification reason not parsed","Parsed","","Heavy annotation review","Ready to read; source-note review","NATO / European Security (16); Arms Control / Nonproliferation (4); Chechnya / Caucasus (3)","166-170","280-283","https://therealjameswilson.github.io/Clinton-Russia-High-Level/public/documents/1995-04-27-telcon-27.pdf","https://www.clintonlibrary.gov/sites/default/files/finding_aids_a_z/2026-05/2015-0782-M-1.pdf","annotation-workbench.html; topic-index.html; contact-dossier-crosswalk.html"
"P3","Annotation backlog","37","1995-09-27","Telcon","Tier 3 - supporting candidate","50","3","Telephone call with President Boris Yeltsin of Russia, September 27, 1995, White House","Capture authorities, issue hooks, and possible editorial-note use before final pruning.","Heavy annotation row outside the draft spine; dominant issues: NATO / European Security; Ukraine / Nuclear Security; Arms Control / Nonproliferation.","","Needs source-note review","classification marking; classified-by line not parsed; classification reason not parsed","Review fields","classification marking","Heavy annotation review","Ready to read; source-note review","NATO / European Security (8); Ukraine / Nuclear Security (5); Arms Control / Nonproliferation (4)","202-205","324-326","https://therealjameswilson.github.io/Clinton-Russia-High-Level/public/documents/1995-09-27-telcon-31.pdf","https://www.clintonlibrary.gov/sites/default/files/finding_aids_a_z/2026-05/2015-0782-M-1.pdf","annotation-workbench.html; topic-index.html; contact-dossier-crosswalk.html"
"P3","Annotation backlog","39","1995-10-23","Memcon","Tier 3 - supporting candidate","48","5","Lunch with Boris Yeltsin, President of Russian Federation","Capture authorities, issue hooks, and possible editorial-note use before final pruning.","Heavy annotation row outside the draft spine; dominant issues: NATO / European Security; Ukraine / Nuclear Security.","","Needs source-note review","classification marking","Review fields","classification marking","Heavy annotation review","Ready to read; source-note review","NATO / European Security (1); Ukraine / Nuclear Security (1)","219-224","31-35","https://therealjameswilson.github.io/Clinton-Russia-High-Level/public/documents/1995-10-23-clinton-yeltsin-hyde-park-lunch.pdf","https://s3.amazonaws.com/NARAprodstorage/lz/presidential-libraries/clinton/wjc-nscrm/7585721/7-YeltsinHydePark.pdf","annotation-workbench.html; topic-index.html; contact-dossier-crosswalk.html"
"P3","Annotation backlog","42","1996-03-13","Memcon","Tier 3 - supporting candidate","56","4","Meeting with President Boris Yeltsin of Russia, March 13, 1996, Sharm El-Sheikh, Egypt","Capture authorities, issue hooks, and possible editorial-note use before final pruning.","Heavy annotation row outside the draft spine; dominant issues: Russian Politics / Elections; Economic Reform / Assistance.","","Needs source-note review","declassify-on line not parsed","Parsed","","Heavy annotation review","Ready to read; source-note review","Russian Politics / Elections (9); Economic Reform / Assistance (2)","236-240","Google Drive file 1kqpS-sURsWvTfRqKhA-09YXKX5fVVh7c, pages 2-5","https://therealjameswilson.github.io/Clinton-Russia-High-Level/public/documents/1996-03-13-clinton-yeltsin-sharm-el-sheikh-memcon-cable.pdf","https://drive.google.com/file/d/1kqpS-sURsWvTfRqKhA-09YXKX5fVVh7c/view","annotation-workbench.html; topic-index.html; contact-dossier-crosswalk.html"
"P3","Annotation backlog","43","1996-04-09","Telcon","Tier 3 - supporting candidate","56","5","Telephone call with President Boris Yeltsin of Russia, April 9, 1996, White House","Capture authorities, issue hooks, and possible editorial-note use before final pruning.","Heavy annotation row outside the draft spine; dominant issues: Ukraine / Nuclear Security; Russian Politics / Elections; Arms Control / Nonproliferation.","","Needs source-note review","classified-by line not parsed","Parsed","","Heavy annotation review","Ready to read; source-note review","Ukraine / Nuclear Security (8); Russian Politics / Elections (6); Arms Control / Nonproliferation (5)","241-246","369-373","https://therealjameswilson.github.io/Clinton-Russia-High-Level/public/documents/1996-04-09-telcon-36.pdf","https://www.clintonlibrary.gov/sites/default/files/finding_aids_a_z/2026-05/2015-0782-M-1.pdf","annotation-workbench.html; topic-index.html; contact-dossier-crosswalk.html"
"P3","Annotation backlog","44","1996-04-21","Memcon","Tier 3 - supporting candidate","65","13","POTUS-Yeltsin One-on-One","Capture authorities, issue hooks, and possible editorial-note use before final pruning.","Heavy annotation row outside the draft spine; dominant issues: Iraq / Middle East; Arms Control / Nonproliferation; Chechnya / Caucasus.","","Needs source-note review","participants; classification marking; classified-by line not parsed; classification reason not parsed; declassify-on line not parsed","Review fields","participants; classification marking","Heavy annotation review","Ready to read; source-note review","Iraq / Middle East (13); Arms Control / Nonproliferation (11); Chechnya / Caucasus (7)","247-260","381-393","https://therealjameswilson.github.io/Clinton-Russia-High-Level/public/documents/1996-04-21-memcon-moscow-one-on-one.pdf","https://www.clintonlibrary.gov/sites/default/files/finding_aids_a_z/2026-05/2015-0782-M-1.pdf","annotation-workbench.html; topic-index.html; contact-dossier-crosswalk.html"
"P3","Annotation backlog","46","1996-05-07","Telcon","Tier 3 - supporting candidate","50","4","Telephone call with President Boris Yeltsin of Russia, May 7, 1996, White House","Capture authorities, issue hooks, and possible editorial-note use before final pruning.","Heavy annotation row outside the draft spine; dominant issues: Russian Politics / Elections; Chechnya / Caucasus; Economic Reform / Assistance.","","Needs source-note review","classification marking; classified-by line not parsed","Review fields","classification marking","Heavy annotation review","Ready to read; source-note review","Russian Politics / Elections (10); Chechnya / Caucasus (5); Economic Reform / Assistance (5)","269-273","25-28","https://therealjameswilson.github.io/Clinton-Russia-High-Level/public/documents/1996-05-07-telcon-38.pdf","https://www.clintonlibrary.gov/sites/default/files/finding_aids_a_z/2026-01/2015-0782-M-2.pdf","annotation-workbench.html; topic-index.html; contact-dossier-crosswalk.html"
"P3","Annotation backlog","51","1997-02-27","Telcon","Tier 3 - supporting candidate","54","3","Telephone call with President Boris Yeltsin of Russia, February 27, 1997, White House","Capture authorities, issue hooks, and possible editorial-note use before final pruning.","Heavy annotation row outside the draft spine; dominant issues: NATO / European Security; Arms Control / Nonproliferation; Economic Reform / Assistance.","","Needs source-note review","classification marking; classified-by line not parsed","Review fields","classification marking","Heavy annotation review","Ready to read; source-note review","NATO / European Security (16); Arms Control / Nonproliferation (11); Economic Reform / Assistance (3)","288-291","87-89","https://therealjameswilson.github.io/Clinton-Russia-High-Level/public/documents/1997-02-27-telcon-43.pdf","https://www.clintonlibrary.gov/sites/default/files/finding_aids_a_z/2026-01/2015-0782-M-2.pdf","annotation-workbench.html; topic-index.html; contact-dossier-crosswalk.html"
"P3","Annotation backlog","58","1997-10-30","Telcon","Tier 3 - supporting candidate","69","6","Telephone call with President Boris Yeltsin of Russia, October 30, 1997, White House","Capture authorities, issue hooks, and possible editorial-note use before final pruning.","Heavy annotation row outside the draft spine; dominant issues: Arms Control / Nonproliferation; Russian Politics / Elections; Iraq / Middle East.","","Needs source-note review","classification marking","Review fields","classification marking","Heavy annotation review","Ready to read; source-note review","Arms Control / Nonproliferation (21); Russian Politics / Elections (5); Iraq / Middle East (3)","343-349","183-188","https://therealjameswilson.github.io/Clinton-Russia-High-Level/public/documents/1997-10-30-telcon-47.pdf","https://www.clintonlibrary.gov/sites/default/files/finding_aids_a_z/2026-01/2015-0782-M-2.pdf","annotation-workbench.html; topic-index.html; contact-dossier-crosswalk.html"
"P3","Annotation backlog","60","1997-11-22","Telcon","Tier 3 - supporting candidate","46","6","Telephone call with President Boris Yeltsin of Russia, November 22, 1997, White House","Capture authorities, issue hooks, and possible editorial-note use before final pruning.","Heavy annotation row outside the draft spine; dominant issues: Iraq / Middle East; Arms Control / Nonproliferation; Russian Politics / Elections.","","Needs source-note review","classification marking","Review fields","classification marking","Heavy annotation review","Ready to read; source-note review","Iraq / Middle East (10); Arms Control / Nonproliferation (7); Russian Politics / Elections (5)","354-360","218-223","https://therealjameswilson.github.io/Clinton-Russia-High-Level/public/documents/1997-11-22-telcon-49.pdf","https://www.clintonlibrary.gov/sites/default/files/finding_aids_a_z/2026-01/2015-0782-M-2.pdf","annotation-workbench.html; topic-index.html; contact-dossier-crosswalk.html"
"P3","Annotation backlog","63","1998-04-06","Telcon","Tier 3 - supporting candidate","49","5","Telephone call with President Boris Yeltsin of Russia, April 6, 1998, White House","Capture authorities, issue hooks, and possible editorial-note use before final pruning.","Heavy annotation row outside the draft spine; dominant issues: Arms Control / Nonproliferation; Kosovo / Balkans; Iraq / Middle East.","","Parsed face-page fields available","","Parsed","","Heavy annotation review","Ready for selection reading","Arms Control / Nonproliferation (8); Kosovo / Balkans (8); Iraq / Middle East (4)","371-376","274-278","https://therealjameswilson.github.io/Clinton-Russia-High-Level/public/documents/1998-04-06-telcon-52.pdf","https://www.clintonlibrary.gov/sites/default/files/finding_aids_a_z/2026-01/2015-0782-M-2.pdf","annotation-workbench.html; topic-index.html; contact-dossier-crosswalk.html"
"P3","Annotation backlog","64","1998-05-12","Telcon","Tier 3 - supporting candidate","54","5","Telephone call with President Boris Yeltsin of Russia, May 12, 1998, White House","Capture authorities, issue hooks, and possible editorial-note use before final pruning.","Heavy annotation row outside the draft spine; dominant issues: Arms Control / Nonproliferation; Ukraine / Nuclear Security; Kosovo / Balkans.","","Needs source-note review","classification marking","Review fields","classification marking","Heavy annotation review","Ready to read; source-note review","Arms Control / Nonproliferation (13); Ukraine / Nuclear Security (6); Kosovo / Balkans (5)","377-382","286-290","https://therealjameswilson.github.io/Clinton-Russia-High-Level/public/documents/1998-05-12-telcon-53.pdf","https://www.clintonlibrary.gov/sites/default/files/finding_aids_a_z/2026-01/2015-0782-M-2.pdf","annotation-workbench.html; topic-index.html; contact-dossier-crosswalk.html"
"P3","Annotation backlog","67","1998-05-28","Telcon","Tier 3 - supporting candidate","48","4","Telephone call with President Boris Yeltsin of Russia, May 28, 1998, White House","Capture authorities, issue hooks, and possible editorial-note use before final pruning.","Heavy annotation row outside the draft spine; dominant issues: Economic Reform / Assistance; Russian Politics / Elections; Ukraine / Nuclear Security.","","Needs source-note review","classification marking","Review fields","classification marking","Heavy annotation review","Ready to read; source-note review","Economic Reform / Assistance (15); Russian Politics / Elections (1); Ukraine / Nuclear Security (1)","396-400","329-332","https://therealjameswilson.github.io/Clinton-Russia-High-Level/public/documents/1998-05-28-telcon-56.pdf","https://www.clintonlibrary.gov/sites/default/files/finding_aids_a_z/2026-01/2015-0782-M-2.pdf","annotation-workbench.html; topic-index.html; contact-dossier-crosswalk.html"
"P3","Annotation backlog","70","1998-07-10","Telcon","Tier 3 - supporting candidate","56","4","Telephone call with President Boris Yeltsin of Russia, July 10, 1998, White House","Capture authorities, issue hooks, and possible editorial-note use before final pruning.","Heavy annotation row outside the draft spine; dominant issues: Russian Politics / Elections; Economic Reform / Assistance; Iraq / Middle East.","","Needs source-note review","classification marking","Review fields","classification marking","Heavy annotation review","Ready to read; source-note review","Russian Politics / Elections (10); Economic Reform / Assistance (7); Iraq / Middle East (3)","410-414","371-374","https://therealjameswilson.github.io/Clinton-Russia-High-Level/public/documents/1998-07-10-telcon-60.pdf","https://www.clintonlibrary.gov/sites/default/files/finding_aids_a_z/2026-01/2015-0782-M-2.pdf","annotation-workbench.html; topic-index.html; contact-dossier-crosswalk.html"
"P3","Annotation backlog","71","1998-08-14","Telcon","Tier 3 - supporting candidate","68","6","Telephone call with President Boris Yeltsin of Russia, August 14, 1998, White House","Capture authorities, issue hooks, and possible editorial-note use before final pruning.","Heavy annotation row outside the draft spine; dominant issues: Economic Reform / Assistance; Kosovo / Balkans; Russian Politics / Elections.","","Needs source-note review","classification marking","Review fields","classification marking","Heavy annotation review","Ready to read; source-note review","Economic Reform / Assistance (11); Kosovo / Balkans (9); Russian Politics / Elections (9)","415-421","384-389","https://therealjameswilson.github.io/Clinton-Russia-High-Level/public/documents/1998-08-14-telcon-61.pdf","https://www.clintonlibrary.gov/sites/default/files/finding_aids_a_z/2026-01/2015-0782-M-2.pdf","annotation-workbench.html; topic-index.html; contact-dossier-crosswalk.html"
"P3","Annotation backlog","74","1998-09-12","Telcon","Tier 3 - supporting candidate","50","4","Telephone call with President Boris Yeltsin of Russia, September 12, 1998, White House","Capture authorities, issue hooks, and possible editorial-note use before final pruning.","Heavy annotation row outside the draft spine; dominant issues: Economic Reform / Assistance; Russian Politics / Elections; Iraq / Middle East.","","Needs source-note review","classification marking; declassify-on line not parsed","Review fields","classification marking","Heavy annotation review","Ready to read; source-note review","Economic Reform / Assistance (8); Russian Politics / Elections (4); Iraq / Middle East (1)","427-431","422-425","https://therealjameswilson.github.io/Clinton-Russia-High-Level/public/documents/1998-09-12-telcon-64.pdf","https://www.clintonlibrary.gov/sites/default/files/finding_aids_a_z/2026-01/2015-0782-M-2.pdf","annotation-workbench.html; topic-index.html; contact-dossier-crosswalk.html"
"P3","Annotation backlog","76","1998-12-30","Telcon","Tier 3 - supporting candidate","62","5","Telephone call with President Boris Yeltsin of Russia, December 30, 1998, White House","Capture authorities, issue hooks, and possible editorial-note use before final pruning.","Heavy annotation row outside the draft spine; dominant issues: Economic Reform / Assistance; Arms Control / Nonproliferation; Iraq / Middle East.","","Needs source-note review","classification marking; declassify-on line not parsed","Review fields","classification marking","Heavy annotation review","Ready to read; source-note review","Economic Reform / Assistance (15); Arms Control / Nonproliferation (9); Iraq / Middle East (8)","435-439","1-5","https://therealjameswilson.github.io/Clinton-Russia-High-Level/public/documents/1998-12-30-clinton-yeltsin-telcon-actual-pages.pdf","https://clinton.presidentiallibraries.us/files/original/1ec29c3214c0ccb6c6ed30fd7e5b06af.pdf","annotation-workbench.html; topic-index.html; contact-dossier-crosswalk.html"
"P3","Annotation backlog","78","1999-03-24","Telcon","Tier 3 - supporting candidate","57","5","Telephone call with President Boris Yeltsin of Russia, March 24, 1999, White House","Capture authorities, issue hooks, and possible editorial-note use before final pruning.","Heavy annotation row outside the draft spine; dominant issues: Kosovo / Balkans; Russian Politics / Elections; Ukraine / Nuclear Security.","","Needs source-note review","classification reason not parsed; declassify-on line not parsed","Parsed","","Heavy annotation review","Ready to read; source-note review","Kosovo / Balkans (18); Russian Politics / Elections (4); Ukraine / Nuclear Security (3)","440-445","432-436","https://therealjameswilson.github.io/Clinton-Russia-High-Level/public/documents/1999-03-24-telcon-68.pdf","https://www.clintonlibrary.gov/sites/default/files/finding_aids_a_z/2026-01/2015-0782-M-2.pdf","annotation-workbench.html; topic-index.html; contact-dossier-crosswalk.html"
"P3","Annotation backlog","81","1999-05-02","Telcon","Tier 3 - supporting candidate","45","4","Telephone call with President Boris Yeltsin of Russia, May 2, 1999, White House","Capture authorities, issue hooks, and possible editorial-note use before final pruning.","Heavy annotation row outside the draft spine; dominant issues: Kosovo / Balkans.","","Needs source-note review","classification marking","Review fields","classification marking","Heavy annotation review","Ready to read; source-note review","Kosovo / Balkans (5)","466-470","470-473","https://therealjameswilson.github.io/Clinton-Russia-High-Level/public/documents/1999-05-02-telcon-71.pdf","https://www.clintonlibrary.gov/sites/default/files/finding_aids_a_z/2026-01/2015-0782-M-2.pdf","annotation-workbench.html; topic-index.html; contact-dossier-crosswalk.html"
"P3","Annotation backlog","83","1999-06-08","Telcon","Tier 3 - supporting candidate","45","3","Telephone call with President Boris Yeltsin of Russia, June 8, 1999, White House","Capture authorities, issue hooks, and possible editorial-note use before final pruning.","Heavy annotation row outside the draft spine; dominant issues: Kosovo / Balkans; NATO / European Security.","","Parsed face-page fields available","","Parsed","","Heavy annotation review","Ready for selection reading","Kosovo / Balkans (9); NATO / European Security (1)","474-477","482-484","https://therealjameswilson.github.io/Clinton-Russia-High-Level/public/documents/1999-06-08-telcon-73.pdf","https://www.clintonlibrary.gov/sites/default/files/finding_aids_a_z/2026-01/2015-0782-M-2.pdf","annotation-workbench.html; topic-index.html; contact-dossier-crosswalk.html"
"P3","Annotation backlog","85","1999-06-13","Telcon","Tier 3 - supporting candidate","60","7","Telephone call with President Boris Yeltsin of Russia, June 13, 1999, White House","Capture authorities, issue hooks, and possible editorial-note use before final pruning.","Heavy annotation row outside the draft spine; dominant issues: Kosovo / Balkans.","","Needs source-note review","classified-by line not parsed","Parsed","","Heavy annotation review","Ready to read; source-note review","Kosovo / Balkans (24)","481-488","531-537","https://therealjameswilson.github.io/Clinton-Russia-High-Level/public/documents/1999-06-13-telcon-75.pdf","https://www.clintonlibrary.gov/sites/default/files/finding_aids_a_z/2026-01/2015-0782-M-2.pdf","annotation-workbench.html; topic-index.html; contact-dossier-crosswalk.html"
"P3","Annotation backlog","88","1999-09-08","Telcon","Tier 3 - supporting candidate","45","5","Telephone call with President Boris Yeltsin of Russia, September 8, 1999, White House","Capture authorities, issue hooks, and possible editorial-note use before final pruning.","Heavy annotation row outside the draft spine; dominant issues: Arms Control / Nonproliferation; Chechnya / Caucasus; Russian Politics / Elections.","","Needs source-note review","participants; notetaker; interpreter","Review fields","participants; notetaker; interpreter","Heavy annotation review","Ready to read; source-note review","Arms Control / Nonproliferation (19); Chechnya / Caucasus (3); Russian Politics / Elections (3)","504-509","548-552","https://therealjameswilson.github.io/Clinton-Russia-High-Level/public/documents/1999-09-08-telcon-78.pdf","https://www.clintonlibrary.gov/sites/default/files/finding_aids_a_z/2026-01/2015-0782-M-2.pdf","annotation-workbench.html; topic-index.html; contact-dossier-crosswalk.html"
