sequence,date,type,status,actualConversationPages,title,corePdfUrl,sourcePacketUrl,sourcePdfPages,readingPacketPages,actualConversationPacketPages,markerPage,pddReferences,publicStatementsSameDay,publicStatementsNearby,sourceCopies,strobeContext,naraSupport,frusSourceNote,compilerAction
"1","1993-01-23","Telcon","counted","3","Telephone call with President Boris Yeltsin of Russia, January 23, 1993, White House","https://therealjameswilson.github.io/Clinton-Russia-High-Level/public/documents/1993-01-23-telcon-01.pdf","https://www.clintonlibrary.gov/sites/default/files/finding_aids_a_z/2026-05/2015-0782-M-1.pdf","9-11","1-4","1-3","1","10:30; 10:45-11:17 The President telephoned Boris N. Yeltsin; the call was not completed. He then talked on a conference call with President Yeltsin. pp. 29 <https://s3.amazonaws.com/NARAprodstorage/lz/presidential-libraries/clinton/foia/2013/2013-0549-F/42-t-101784486-20130549F-001-001-2018.pdf>","","","1NxhemfjqE_hcdqHtQKlLDBumnl1Mbz7K: 930123 Clinton Yeltsin telconpdf.pdf (Google Drive search match) <https://drive.google.com/file/d/1NxhemfjqE_hcdqHtQKlLDBumnl1Mbz7K/view>","","","Source: William J. Clinton Presidential Library, Clinton Presidential Records, Records of the National Security Council Records Management Office (Clinton Administration), NAID 7388808, Presidential Records Series (PRS) Files, NAID 7585721, Document ID 9300052, Original OA/ID 139, Mandatory Declassification Review 2015-0782-M-1, Declassified documents concerning Russian President Boris Yeltsin.","Use the canonical extracted PDF and page range as the document candidate. Use the Daily Diary reference to confirm timing and call/meeting occurrence. Treat linked Drive/Strobe files as source-copy or duplicate controls unless the compiler chooses a different authoritative source."
"2","1993-02-10","Telcon","counted","3","Telephone call with President Boris Yeltsin of Russia, February 10, 1993, White House","https://therealjameswilson.github.io/Clinton-Russia-High-Level/public/documents/1993-02-10-telcon-02.pdf","https://www.clintonlibrary.gov/sites/default/files/finding_aids_a_z/2026-05/2015-0782-M-1.pdf","19-21","5-8","5-7","14","","","","15AYs4fgvbYNfhuAAJ96QewfB7HktZ2gb: 930210 Clinton Yeltsin telconpdf.pdf (Google Drive search match) <https://drive.google.com/file/d/15AYs4fgvbYNfhuAAJ96QewfB7HktZ2gb/view>","","","Source: William J. Clinton Presidential Library, Clinton Presidential Records, Records of the National Security Council Records Management Office (Clinton Administration), NAID 7388808, Presidential Records Series (PRS) Files, NAID 7585721, NSC Records Management, [Yeltsin and Telcons], OA/Box Number 140, Folder Title/Record ID 9300488, Mandatory Declassification Review 2015-0782-M-1, Declassified documents concerning Russian President Boris Yeltsin.","Use the canonical extracted PDF and page range as the document candidate. Treat linked Drive/Strobe files as source-copy or duplicate controls unless the compiler chooses a different authoritative source."
"3","1993-04-01","Telcon","pending extent","","Telephone call with President Boris Yeltsin of Russia, April 1, 1993, Portland, Oregon","","https://www.clintonlibrary.gov/sites/default/files/finding_aids_a_z/2026-05/2015-0782-M-1.pdf","No released April 1 telcon pages located in 2015-0782-M-1","","","","9:04-9:36 The President talked on a conference line with Boris N. Yeltsin. pp. 9 <https://s3.amazonaws.com/NARAprodstorage/lz/presidential-libraries/clinton/foia/2013/2013-0549-F/42-t-101784486-20130549F-001-006-2018.pdf>","","1993-04-03 (+2 days) Exchange With Reporters With President Boris Yeltsin of Russia in Vancouver [p. 392] <https://www.govinfo.gov/content/pkg/PPP-1993-book1/pdf/PPP-1993-book1-doc-pg392.pdf>","","","","Source: William J. Clinton Presidential Library, Clinton Presidential Records, Records of the National Security Council Records Management Office (Clinton Administration), NAID 7388808, Presidential Records Series (PRS) Files, NAID 7585721, Mandatory Declassification Review 2015-0782-M-1, Declassified documents concerning Russian President Boris Yeltsin.","Hard source gap: locate released actual conversation text before counting or extracting a derivative PDF. Use the Daily Diary reference to confirm timing and call/meeting occurrence. Review linked Public Papers rows for editorial-note framing around the contact."
"3","1993-04-03","Memcon","counted","9","Working Dinner with President Boris Yeltsin","https://therealjameswilson.github.io/Clinton-Russia-High-Level/public/documents/1993-04-03-clinton-yeltsin-vancouver-working-dinner.pdf","https://s3.amazonaws.com/NARAprodstorage/lz/presidential-libraries/clinton/wjc-nscrm/7585721/6-YeltsinVancouver.pdf","9-17","9-18","9-17","2","","1993-04-03 (same day) Exchange With Reporters With President Boris Yeltsin of Russia in Vancouver [p. 392] <https://www.govinfo.gov/content/pkg/PPP-1993-book1/pdf/PPP-1993-book1-doc-pg392.pdf>; 1993-04-03 (same day) Remarks and an Exchange With Reporters in Vancouver, Canada [pp. 391-392] <https://www.govinfo.gov/content/pkg/PPP-1993-book1/pdf/PPP-1993-book1-doc-pg391.pdf>","1993-04-04 (+1 days) The President's News Conference With President Boris Yeltsin of Russia in Vancouver [pp. 393-401] <https://www.govinfo.gov/content/pkg/PPP-1993-book1/pdf/PPP-1993-book1-doc-pg393.pdf>","","","","Source: William J. Clinton Presidential Library, Clinton Presidential Records, Records of the National Security Council Records Management Office (Clinton Administration), NAID 7388808, Presidential Records Series (PRS) Files, NAID 7585721, NSC Records Management, OA/Box Number 145, Folder Title/Record ID 9302226, National Archives Catalog item 2014-0901-M, Memcons between President William Jefferson Clinton and President Boris Yeltsin, NAID 163545404.","Use the canonical extracted PDF and page range as the document candidate. Review linked Public Papers rows for editorial-note framing around the contact."
"4","1993-04-04","Memcon","counted","12","Meeting with Russian President Boris Yeltsin on Security Issues","https://therealjameswilson.github.io/Clinton-Russia-High-Level/public/documents/1993-04-04-clinton-yeltsin-vancouver-security-issues.pdf","https://s3.amazonaws.com/NARAprodstorage/lz/presidential-libraries/clinton/wjc-nscrm/7585721/6-YeltsinVancouver.pdf","19-30","19-31","19-30","2","","1993-04-04 (same day) The President's News Conference With President Boris Yeltsin of Russia in Vancouver [pp. 393-401] <https://www.govinfo.gov/content/pkg/PPP-1993-book1/pdf/PPP-1993-book1-doc-pg393.pdf>; 1993-04-04 (same day) Question-and-Answer Session With Russian Reporters in Vancouver [pp. 401-403] <https://www.govinfo.gov/content/pkg/PPP-1993-book1/pdf/PPP-1993-book1-doc-pg401.pdf>","1993-04-03 (-1 days) Exchange With Reporters With President Boris Yeltsin of Russia in Vancouver [p. 392] <https://www.govinfo.gov/content/pkg/PPP-1993-book1/pdf/PPP-1993-book1-doc-pg392.pdf>","","","","Source: William J. Clinton Presidential Library, Clinton Presidential Records, Records of the National Security Council Records Management Office (Clinton Administration), NAID 7388808, Presidential Records Series (PRS) Files, NAID 7585721, NSC Records Management, OA/Box Number 145, Folder Title/Record ID 9302226, National Archives Catalog item 2014-0901-M, Memcons between President William Jefferson Clinton and President Boris Yeltsin, NAID 163545404.","Use the canonical extracted PDF and page range as the document candidate. Review linked Public Papers rows for editorial-note framing around the contact."
"5","1993-04-26","Telcon","counted","2","Telephone call with President Boris Yeltsin of Russia, April 26, 1993, White House","https://therealjameswilson.github.io/Clinton-Russia-High-Level/public/documents/1993-04-26-telcon-05.pdf","https://www.clintonlibrary.gov/sites/default/files/finding_aids_a_z/2026-05/2015-0782-M-1.pdf","51-52","32-34","32-33","45","1:35; 1:50-1:59 The President telephoned Boris N. Yeltsin; the call was not completed. He then talked on a conference call with President Yeltsin. pp. 85-86 <https://s3.amazonaws.com/NARAprodstorage/lz/presidential-libraries/clinton/foia/2013/2013-0549-F/42-t-101784486-20130549F-001-007-2018.pdf>","1993-04-26 (same day) Remarks on the Election in Russia and an Exchange With Reporters [pp. 512-514] <https://www.govinfo.gov/content/pkg/PPP-1993-book1/pdf/PPP-1993-book1-doc-pg512.pdf>","","1EgHtw2tYu5lakv8QZX3dd519uhZZ_7kF: 930426 Clinton and Yeltsin telconpdf.pdf (Google Drive search match) <https://drive.google.com/file/d/1EgHtw2tYu5lakv8QZX3dd519uhZZ_7kF/view>","1993-04-28 (+2 days) Proposed Message to President Yeltsin <https://foia.state.gov/DOCUMENTS/FOIA_L_July2022/FL-2017-13804/DOC_0C09000054/C09000054.pdf>","","Source: William J. Clinton Presidential Library, Clinton Presidential Records, Records of the National Security Council Records Management Office (Clinton Administration), NAID 7388808, Presidential Records Series (PRS) Files, NAID 7585721, NSC Records Management, [Yeltsin and Telcons], OA/Box Number 147, Folder Title/Record ID 9302835, Mandatory Declassification Review 2015-0782-M-1, Declassified documents concerning Russian President Boris Yeltsin.","Use the canonical extracted PDF and page range as the document candidate. Use the Daily Diary reference to confirm timing and call/meeting occurrence. Review linked Public Papers rows for editorial-note framing around the contact. Treat linked Drive/Strobe files as source-copy or duplicate controls unless the compiler chooses a different authoritative source. Review nearby support/context records only after final document selection."
"6","1993-05-02","Telcon","counted","2","Telephone call with President Boris Yeltsin of Russia, May 2, 1993, White House","https://therealjameswilson.github.io/Clinton-Russia-High-Level/public/documents/1993-05-02-telcon-06.pdf","https://www.clintonlibrary.gov/sites/default/files/finding_aids_a_z/2026-05/2015-0782-M-1.pdf","60-61","35-37","35-36","55","8:25; 8:42-8:51 The President telephoned Boris N. Yeltsin; the call was not completed. He then talked on a conference call with President Yeltsin. pp. 5 <https://s3.amazonaws.com/NARAprodstorage/opastorage/live/2/3675/17367502/content/presidential-libraries/clinton/foia/2010-0083-F/2010-0083-F-PDF/Box_001/42-t-7262157-20100083F-001-003-2015.pdf>","1993-05-02 (same day) Statement on the Prospects for Peace in Bosnia [pp. 551-552] <https://www.govinfo.gov/content/pkg/PPP-1993-book1/pdf/PPP-1993-book1-doc-pg551-2.pdf>","","1I6JITyg6F8GGaL-udA_mJywVtIwZ4fIU: 930502 Clinton and Yeltsin telconpdf.pdf (Google Drive search match) <https://drive.google.com/file/d/1I6JITyg6F8GGaL-udA_mJywVtIwZ4fIU/view>","1993-04-28 (-4 days) Proposed Message to President Yeltsin <https://foia.state.gov/DOCUMENTS/FOIA_L_July2022/FL-2017-13804/DOC_0C09000054/C09000054.pdf>","","Source: William J. Clinton Presidential Library, Clinton Presidential Records, Records of the National Security Council Records Management Office (Clinton Administration), NAID 7388808, Presidential Records Series (PRS) Files, NAID 7585721, NSC Records Management, [Yeltsin and Telcons], OA/Box Number 148, Folder Title/Record ID 9303034, Mandatory Declassification Review 2015-0782-M-1, Declassified documents concerning Russian President Boris Yeltsin.","Use the canonical extracted PDF and page range as the document candidate. Use the Daily Diary reference to confirm timing and call/meeting occurrence. Review linked Public Papers rows for editorial-note framing around the contact. Treat linked Drive/Strobe files as source-copy or duplicate controls unless the compiler chooses a different authoritative source. Review nearby support/context records only after final document selection."
"7","1993-05-10","Telcon","counted","2","Telephone call with President Boris Yeltsin of Russia, May 10, 1993, White House","https://therealjameswilson.github.io/Clinton-Russia-High-Level/public/documents/1993-05-10-telcon-07.pdf","https://www.clintonlibrary.gov/sites/default/files/finding_aids_a_z/2026-05/2015-0782-M-1.pdf","68-69","38-40","38-39","63","8:12-8:19 The President talked on a conference call with Boris N. Yeltsin. pp. 76 <https://s3.amazonaws.com/NARAprodstorage/lz/presidential-libraries/clinton/foia/2013/2013-0549-F/42-t-101784486-20130549F-001-008-2018.pdf>","","","","","","Source: William J. Clinton Presidential Library, Clinton Presidential Records, Records of the National Security Council Records Management Office (Clinton Administration), NAID 7388808, Presidential Records Series (PRS) Files, NAID 7585721, NSC Records Management, [Yeltsin and Telcons], OA/Box Number 148, Folder Title/Record ID 9303261, Mandatory Declassification Review 2015-0782-M-1, Declassified documents concerning Russian President Boris Yeltsin.","Use the canonical extracted PDF and page range as the document candidate. Use the Daily Diary reference to confirm timing and call/meeting occurrence."
"8","1993-06-28","Telcon","counted","4","Telephone call with President Boris Yeltsin of Russia, June 28, 1993, White House","https://therealjameswilson.github.io/Clinton-Russia-High-Level/public/documents/1993-06-28-telcon-08.pdf","https://www.clintonlibrary.gov/sites/default/files/finding_aids_a_z/2026-05/2015-0782-M-1.pdf","76-79","41-45","41-44","71","12:52; 1:05-1:33 The President telephoned Boris N. Yeltsin; the call was not completed. He then talked on a conference call with President Yeltsin. pp. 118 <https://s3.amazonaws.com/NARAprodstorage/lz/presidential-libraries/clinton/foia/2013/2013-0549-F/42-t-101784486-20130549F-002-003-2018.pdf>","1993-06-28 (same day) Statement by the Press Secretary on the President's Telephone Conversation With President Boris Yeltsin of Russia [p. 941] <https://www.govinfo.gov/content/pkg/PPP-1993-book1/pdf/PPP-1993-book1-doc-pg941.pdf>","","1fonmBkzM0qhOUmDP74PVYmQYEBrQGpq2: 930628 Clinton and Yeltsin telconpdf.pdf (Google Drive search match) <https://drive.google.com/file/d/1fonmBkzM0qhOUmDP74PVYmQYEBrQGpq2/view>","","1993-06-29 (+1 days) Talking points for congressional leaders on Tokyo G-7 meetings with Yeltsin <https://s3.amazonaws.com/NARAprodstorage/lz/presidential-libraries/clinton/systematic/2015-0183-S/42-t-7585721-20150183S-001-035-2016.pdf>","Source: William J. Clinton Presidential Library, Clinton Presidential Records, Records of the National Security Council Records Management Office (Clinton Administration), NAID 7388808, Presidential Records Series (PRS) Files, NAID 7585721, NSC Records Management, [Yeltsin and Telcons], OA/Box Number 152, Folder Title/Record ID 9304871, Mandatory Declassification Review 2015-0782-M-1, Declassified documents concerning Russian President Boris Yeltsin.","Use the canonical extracted PDF and page range as the document candidate. Use the Daily Diary reference to confirm timing and call/meeting occurrence. Review linked Public Papers rows for editorial-note framing around the contact. Treat linked Drive/Strobe files as source-copy or duplicate controls unless the compiler chooses a different authoritative source. Review nearby support/context records only after final document selection."
"9","1993-07-10","Memcon","counted","9","Meeting with President Boris Yeltsin of Russia, July 10, 1993, Tokyo, Japan","https://therealjameswilson.github.io/Clinton-Russia-High-Level/public/documents/1993-07-10-memcon-09.pdf","https://www.clintonlibrary.gov/sites/default/files/finding_aids_a_z/2026-05/2015-0782-M-1.pdf","81-89","46-55","46-54","80","","1993-07-10 (same day) The President's News Conference with President Boris Yeltsin of Russia in Tokyo [pp. 1046-1048] <https://www.govinfo.gov/content/pkg/PPP-1993-book1/pdf/PPP-1993-book1-doc-pg1046-2.pdf>","","1oLH4zCmIub-kgvXXs0wZDGELWehL9Pqh: 930710 Clinton and Yeltsin in Tokyo memconpdf.pdf (Google Drive search match) <https://drive.google.com/file/d/1oLH4zCmIub-kgvXXs0wZDGELWehL9Pqh/view>; C09000001: Memon with President Boris Yeltsin of Russia w/Attached Cover Sheet (Strobe FOIA cable copy of the July 10, 1993 Clinton-Yeltsin Tokyo memcon; cover sheet excluded.) <https://foia.state.gov/DOCUMENTS/FOIA_L_Oct2023/FL-2017-13804/DOC_0C09000001/C09000001.pdf>","","","Source: William J. Clinton Presidential Library, Clinton Presidential Records, Records of the National Security Council Records Management Office (Clinton Administration), NAID 7388808, Presidential Records Series (PRS) Files, NAID 7585721, Document ID 9305178, Original OA/ID 153, Mandatory Declassification Review 2014-0996-M, Declassified documents concerning Russian President Boris Yeltsin.","Use the canonical extracted PDF and page range as the document candidate. Review linked Public Papers rows for editorial-note framing around the contact. Treat linked Drive/Strobe files as source-copy or duplicate controls unless the compiler chooses a different authoritative source."
"10","1993-09-07","Telcon","counted","4","Telephone call with President Boris Yeltsin of Russia, September 7, 1993, White House","https://therealjameswilson.github.io/Clinton-Russia-High-Level/public/documents/1993-09-07-telcon-10.pdf","https://www.clintonlibrary.gov/sites/default/files/finding_aids_a_z/2026-05/2015-0782-M-1.pdf","95-98","56-60","56-59","91","11:40-12:10 The President talked on a conference call with Boris N. Yeltsin. pp. 52 <https://s3.amazonaws.com/NARAprodstorage/lz/presidential-libraries/clinton/foia/2013/2013-0549-F/42-t-101784486-20130549F-002-006-2018.pdf>","1993-09-07 (same day) Statement by the Press Secretary on the President's Telephone Conversation With President Boris Yeltsin of Russia [p. 1448] <https://www.govinfo.gov/content/pkg/PPP-1993-book2/pdf/PPP-1993-book2-doc-pg1448-2.pdf>","","15VrM1_b_ytYNKHKn78ZKANgfJBVY72fn: 930907 Clinton and Yeltsin telconpdf.pdf (Google Drive search match) <https://drive.google.com/file/d/15VrM1_b_ytYNKHKn78ZKANgfJBVY72fn/view>","","","Source: William J. Clinton Presidential Library, Clinton Presidential Records, Records of the National Security Council Records Management Office (Clinton Administration), NAID 7388808, Presidential Records Series (PRS) Files, NAID 7585721, NSC Records Management, [Yeltsin and Telcons], OA/Box Number 160, Folder Title/Record ID 9306715, Mandatory Declassification Review 2015-0782-M-1, Declassified documents concerning Russian President Boris Yeltsin.","Use the canonical extracted PDF and page range as the document candidate. Use the Daily Diary reference to confirm timing and call/meeting occurrence. Review linked Public Papers rows for editorial-note framing around the contact. Treat linked Drive/Strobe files as source-copy or duplicate controls unless the compiler chooses a different authoritative source."
"11","1993-09-21","Telcon","counted","3","Telephone call with President Boris Yeltsin of Russia, September 21, 1993, White House","https://therealjameswilson.github.io/Clinton-Russia-High-Level/public/documents/1993-09-21-telcon-11.pdf","https://www.clintonlibrary.gov/sites/default/files/finding_aids_a_z/2026-05/2015-0782-M-1.pdf","107-109","61-64","61-63","100","3:13 The President telephoned Boris N. Yeltsin; the call was not completed. pp. 47 <https://s3.amazonaws.com/NARAprodstorage/opastorage/live/17/3675/17367517/content/presidential-libraries/clinton/foia/2010-0083-F/2010-0083-F-PDF/Box_001/42-t-7262157-20100083F-001-004-2015.pdf>","1993-09-21 (same day) Interview With Radio Talk Show Hosts [pp. 1548-1553] <https://www.govinfo.gov/content/pkg/PPP-1993-book2/pdf/PPP-1993-book2-doc-pg1548.pdf>; 1993-09-21 (same day) Statement on the Situation in Russia [pp. 1553-1554] <https://www.govinfo.gov/content/pkg/PPP-1993-book2/pdf/PPP-1993-book2-doc-pg1553.pdf>","","17KnXzjPdKqJGPUWyC4ge5PVBSyOJ03QO: 930921 Clinton and Yeltsin telconpdf.pdf (Google Drive search match) <https://drive.google.com/file/d/17KnXzjPdKqJGPUWyC4ge5PVBSyOJ03QO/view>","","","Source: William J. Clinton Presidential Library, Clinton Presidential Records, Records of the National Security Council Records Management Office (Clinton Administration), NAID 7388808, Presidential Records Series (PRS) Files, NAID 7585721, NSC Records Management, [Yeltsin and Telcons], OA/Box Number 163, Folder Title/Record ID 9307171, Mandatory Declassification Review 2015-0782-M-1, Declassified documents concerning Russian President Boris Yeltsin.","Use the canonical extracted PDF and page range as the document candidate. Use the Daily Diary reference to confirm timing and call/meeting occurrence. Review linked Public Papers rows for editorial-note framing around the contact. Treat linked Drive/Strobe files as source-copy or duplicate controls unless the compiler chooses a different authoritative source."
"12","1993-10-05","Telcon","counted","3","Telephone call with President Boris Yeltsin of Russia, October 5, 1993, Air Force One","https://therealjameswilson.github.io/Clinton-Russia-High-Level/public/documents/1993-10-05-telcon-12.pdf","https://www.clintonlibrary.gov/sites/default/files/finding_aids_a_z/2026-05/2015-0782-M-1.pdf","119-121","65-68","65-67","112","1:20; 1:42-2:02 The President telephoned Boris N. Yeltsin; the call was not completed. He then talked on a conference line with President Yeltsin. pp. 47 <https://s3.amazonaws.com/NARAprodstorage/lz/presidential-libraries/clinton/foia/2013/2013-0549-F/42-t-101784486-20130549F-002-008-2018.pdf>","1993-10-05 (same day) Statement by the Press Secretary on the President's Telephone Conversation With President Boris Yeltsin of Russia [pp. 1693-1694] <https://www.govinfo.gov/content/pkg/PPP-1993-book2/pdf/PPP-1993-book2-doc-pg1693-2.pdf>","","1jf6_8GhGV5MGQN3G4OxgrCthB5FHhfaT: 931005 Clinton and Yeltsin telconpdf.pdf (Google Drive search match) <https://drive.google.com/file/d/1jf6_8GhGV5MGQN3G4OxgrCthB5FHhfaT/view>","","","Source: William J. Clinton Presidential Library, Clinton Presidential Records, Records of the National Security Council Records Management Office (Clinton Administration), NAID 7388808, Presidential Records Series (PRS) Files, NAID 7585721, NSC Records Management, [Yeltsin and Telcons], OA/Box Number 165, Folder Title/Record ID 9307653, Mandatory Declassification Review 2015-0782-M-1, Declassified documents concerning Russian President Boris Yeltsin.","Use the canonical extracted PDF and page range as the document candidate. Use the Daily Diary reference to confirm timing and call/meeting occurrence. Review linked Public Papers rows for editorial-note framing around the contact. Treat linked Drive/Strobe files as source-copy or duplicate controls unless the compiler chooses a different authoritative source."
"13","1993-12-22","Telcon","counted","4","Telephone call with President Boris Yeltsin of Russia, December 22, 1993, White House","https://therealjameswilson.github.io/Clinton-Russia-High-Level/public/documents/1993-12-22-telcon-13.pdf","https://www.clintonlibrary.gov/sites/default/files/finding_aids_a_z/2026-05/2015-0782-M-1.pdf","142-145","69-73","69-72","136","9:10-9:40 The President talked on a conference call with Boris N. Yeltsin. pp. 80 <https://s3.amazonaws.com/NARAprodstorage/lz/presidential-libraries/clinton/foia/2013/2013-0549-F/42-t-101784486-20130549F-003-005-2018.pdf>","1993-12-22 (same day) Statement by the Press Secretary on the President's Telephone Conversation With President Boris Yeltsin of Russia [p. 2202] <https://www.govinfo.gov/content/pkg/PPP-1993-book2/pdf/PPP-1993-book2-doc-pg2202.pdf>","","1u1uO_zeA0GNNX8nPkvsTHJ3rALOOn6pZ: 931222 Clinton and Yeltsin telconpdf.pdf (Google Drive search match) <https://drive.google.com/file/d/1u1uO_zeA0GNNX8nPkvsTHJ3rALOOn6pZ/view>","","","Source: William J. Clinton Presidential Library, Clinton Presidential Records, Records of the National Security Council Records Management Office (Clinton Administration), NAID 7388808, Presidential Records Series (PRS) Files, NAID 7585721, NSC Records Management, [Yeltsin and Telcons], OA/Box Number 178, Folder Title/Record ID 9309998, Mandatory Declassification Review 2015-0782-M-1, Declassified documents concerning Russian President Boris Yeltsin.","Use the canonical extracted PDF and page range as the document candidate. Use the Daily Diary reference to confirm timing and call/meeting occurrence. Review linked Public Papers rows for editorial-note framing around the contact. Treat linked Drive/Strobe files as source-copy or duplicate controls unless the compiler chooses a different authoritative source."
"14","1994-01-13","Memcon","counted","6","One-on-One Meeting with President Boris Yeltsin of Russia","https://therealjameswilson.github.io/Clinton-Russia-High-Level/public/documents/clinton-standalone-1994-01-13-memcon-one-on-one.pdf","https://clinton.presidentiallibraries.us/files/original/19662f645b0b622a95717322e238c1ec.pdf","1-6","74-79","74-79","","","1994-01-13 (same day) Remarks at a Reception in Moscow [pp. 48-49] <https://www.govinfo.gov/content/pkg/PPP-1994-book1/pdf/PPP-1994-book1-doc-pg48-3.pdf>; 1994-01-13 (same day) Remarks at a Welcoming Ceremony in Moscow, Russia [p. 47] <https://www.govinfo.gov/content/pkg/PPP-1994-book1/pdf/PPP-1994-book1-doc-pg47.pdf>","1994-01-14 (+1 days) The President's News Conference With President Boris Yeltsin of Russia in Moscow [pp. 50-58] <https://www.govinfo.gov/content/pkg/PPP-1994-book1/pdf/PPP-1994-book1-doc-pg50.pdf>; 1994-01-14 (+1 days) Exchange With Reporters on Signing the Denuclearization Agreement With Russia and Ukraine in Moscow [pp. 49-50] <https://www.govinfo.gov/content/pkg/PPP-1994-book1/pdf/PPP-1994-book1-doc-pg49.pdf>","","","1994-01-09 (-4 days) Declassified Documents Regarding President Clinton's Trip to Europe, January 1994 <https://clinton.presidentiallibraries.us/files/original/366a214486b2bfefbeb1a216c9aaf350.pdf>; 1994-01-20 (+7 days) Telcon with President Ulmanis of Latvia discussing Clinton-Yeltsin Moscow talks [7-10; marker page 1 appended] <https://therealjameswilson.github.io/Clinton-Russia-High-Level/public/documents/nara-23901979-clinton-ulmanis-telcon-context.pdf>","Source: William J. Clinton Presidential Library, Clinton Digital Library item 101363, ""Memorandum of Conversation - President Boris Yeltsin of Russia,"" January 13, 1994, part of 2016-0117-M, Memcons - Memoranda of Conversation.","Use the canonical extracted PDF and page range as the document candidate. Review linked Public Papers rows for editorial-note framing around the contact. Review nearby support/context records only after final document selection."
"15","1994-01-13","Memcon","counted","11","President's dinner with President Yeltsin, January 13/14, 1994","https://therealjameswilson.github.io/Clinton-Russia-High-Level/public/documents/clinton-standalone-1994-01-13-yeltsin-dinner-cable.pdf","https://clinton.presidentiallibraries.us/files/original/c016beef71be071cd9c96fcf0972fd57.pdf","1-11","80-90","80-90","","","1994-01-13 (same day) Remarks at a Reception in Moscow [pp. 48-49] <https://www.govinfo.gov/content/pkg/PPP-1994-book1/pdf/PPP-1994-book1-doc-pg48-3.pdf>; 1994-01-13 (same day) Remarks at a Welcoming Ceremony in Moscow, Russia [p. 47] <https://www.govinfo.gov/content/pkg/PPP-1994-book1/pdf/PPP-1994-book1-doc-pg47.pdf>","1994-01-14 (+1 days) Exchange With Reporters on Signing the Denuclearization Agreement With Russia and Ukraine in Moscow [pp. 49-50] <https://www.govinfo.gov/content/pkg/PPP-1994-book1/pdf/PPP-1994-book1-doc-pg49.pdf>; 1994-01-14 (+1 days) The President's News Conference With President Boris Yeltsin of Russia in Moscow [pp. 50-58] <https://www.govinfo.gov/content/pkg/PPP-1994-book1/pdf/PPP-1994-book1-doc-pg50.pdf>","","","1994-01-09 (-4 days) Declassified Documents Regarding President Clinton's Trip to Europe, January 1994 <https://clinton.presidentiallibraries.us/files/original/366a214486b2bfefbeb1a216c9aaf350.pdf>; 1994-01-20 (+7 days) Telcon with President Ulmanis of Latvia discussing Clinton-Yeltsin Moscow talks [7-10; marker page 1 appended] <https://therealjameswilson.github.io/Clinton-Russia-High-Level/public/documents/nara-23901979-clinton-ulmanis-telcon-context.pdf>","Source: William J. Clinton Presidential Library, Clinton Digital Library item 101370, ""Memorandum of Conversation - President Boris Yeltsin of Russia,"" January 13, 1994, part of 2016-0117-M, Memcons - Memoranda of Conversation. Item description: ""This Memcon was received as a NSC Cable.""","Use the canonical extracted PDF and page range as the document candidate. Review linked Public Papers rows for editorial-note framing around the contact. Review nearby support/context records only after final document selection."
"16","1994-01-14","Memcon","counted","3","Trilateral Meeting with President Boris Yeltsin of Russia on Security Issues","https://therealjameswilson.github.io/Clinton-Russia-High-Level/public/documents/1994-01-14-memcon-trilateral-yeltsin-kravchuk.pdf","https://drive.google.com/file/d/1mA2m1fonXTwvzmbdVLzjWV7iGpBWAC1r/view","State FOIA document C06694499, conversation pages 1-3","91-93","91-93","","11:05-11:15 The President participated in the signing ceremony for the Denuclearization Agreement with Russia and Ukraine, accompanied by Boris N. Yeltsin and Leonid Kravchuk. pp. 68 <https://s3.amazonaws.com/NARAprodstorage/lz/presidential-libraries/clinton/foia/2013/2013-0549-F/42-t-101784486-20130549F-003-006-2018.pdf>","1994-01-14 (same day) Exchange With Reporters on Signing the Denuclearization Agreement With Russia and Ukraine in Moscow [pp. 49-50] <https://www.govinfo.gov/content/pkg/PPP-1994-book1/pdf/PPP-1994-book1-doc-pg49.pdf>; 1994-01-14 (same day) The President's News Conference With President Boris Yeltsin of Russia in Moscow [pp. 50-58] <https://www.govinfo.gov/content/pkg/PPP-1994-book1/pdf/PPP-1994-book1-doc-pg50.pdf>; 1994-01-14 (same day) Statement by the Presidents of the United States, Russia, and Ukraine [pp. 69-70] <https://www.govinfo.gov/content/pkg/PPP-1994-book1/pdf/PPP-1994-book1-doc-pg69.pdf>; 1994-01-14 (same day) Joint American-Russian Statement on Human Rights [pp. 73-74] <https://www.govinfo.gov/content/pkg/PPP-1994-book1/pdf/PPP-1994-book1-doc-pg73.pdf>; 1994-01-14 (same day) Moscow Declaration [pp. 74-75] <https://www.govinfo.gov/content/pkg/PPP-1994-book1/pdf/PPP-1994-book1-doc-pg74.pdf>; 1994-01-14 (same day) Remarks in a Town Meeting With Russian Citizens in Moscow [pp. 58-69] <https://www.govinfo.gov/content/pkg/PPP-1994-book1/pdf/PPP-1994-book1-doc-pg58.pdf>","","1mA2m1fonXTwvzmbdVLzjWV7iGpBWAC1r: 940114 Clinton and Yeltsin and Kravchuk memcon.pdf (Google Drive search match) <https://drive.google.com/file/d/1mA2m1fonXTwvzmbdVLzjWV7iGpBWAC1r/view>","","1994-01-09 (-5 days) Declassified Documents Regarding President Clinton's Trip to Europe, January 1994 <https://clinton.presidentiallibraries.us/files/original/366a214486b2bfefbeb1a216c9aaf350.pdf>","Source: Department of State, FOIA Virtual Reading Room, Strobe Talbott FOIA release, case F-2017-13804, document C06694499.","Use the canonical extracted PDF and page range as the document candidate. Use the Daily Diary reference to confirm timing and call/meeting occurrence. Review linked Public Papers rows for editorial-note framing around the contact. Treat linked Drive/Strobe files as source-copy or duplicate controls unless the compiler chooses a different authoritative source. Review nearby support/context records only after final document selection."
"17","1994-01-14","Memcon","counted","8","Second Expanded Bilateral Session with President Boris Yeltsin of Russia","https://therealjameswilson.github.io/Clinton-Russia-High-Level/public/documents/1994-01-14-memcon-second-expanded-bilateral-session.pdf","https://drive.google.com/file/d/1pr42yhINujL_px_Y5aXD_MmChhc5sy9v/view","State FOIA document C06694502, conversation pages 1-8","94-101","94-101","","11:05-11:15 The President participated in the signing ceremony for the Denuclearization Agreement with Russia and Ukraine, accompanied by Boris N. Yeltsin and Leonid Kravchuk. pp. 68 <https://s3.amazonaws.com/NARAprodstorage/lz/presidential-libraries/clinton/foia/2013/2013-0549-F/42-t-101784486-20130549F-003-006-2018.pdf>","1994-01-14 (same day) Exchange With Reporters on Signing the Denuclearization Agreement With Russia and Ukraine in Moscow [pp. 49-50] <https://www.govinfo.gov/content/pkg/PPP-1994-book1/pdf/PPP-1994-book1-doc-pg49.pdf>; 1994-01-14 (same day) The President's News Conference With President Boris Yeltsin of Russia in Moscow [pp. 50-58] <https://www.govinfo.gov/content/pkg/PPP-1994-book1/pdf/PPP-1994-book1-doc-pg50.pdf>; 1994-01-14 (same day) Moscow Declaration [pp. 74-75] <https://www.govinfo.gov/content/pkg/PPP-1994-book1/pdf/PPP-1994-book1-doc-pg74.pdf>; 1994-01-14 (same day) Remarks in a Town Meeting With Russian Citizens in Moscow [pp. 58-69] <https://www.govinfo.gov/content/pkg/PPP-1994-book1/pdf/PPP-1994-book1-doc-pg58.pdf>; 1994-01-14 (same day) Joint American-Russian Statement on Human Rights [pp. 73-74] <https://www.govinfo.gov/content/pkg/PPP-1994-book1/pdf/PPP-1994-book1-doc-pg73.pdf>; 1994-01-14 (same day) Statement by the Presidents of the United States, Russia, and Ukraine [pp. 69-70] <https://www.govinfo.gov/content/pkg/PPP-1994-book1/pdf/PPP-1994-book1-doc-pg69.pdf>","","1pr42yhINujL_px_Y5aXD_MmChhc5sy9v: 940114 Clinton and Yeltsin Memcon.pdf (Google Drive search match) <https://drive.google.com/file/d/1pr42yhINujL_px_Y5aXD_MmChhc5sy9v/view>; 1bhiipjnmQh_WU-WC9XUGKIrzW93q4r38: 940114 Clinton and Yeltsin Morning Session memcon.pdf (Google Drive search match) <https://drive.google.com/file/d/1bhiipjnmQh_WU-WC9XUGKIrzW93q4r38/view>","","1994-01-09 (-5 days) Declassified Documents Regarding President Clinton's Trip to Europe, January 1994 <https://clinton.presidentiallibraries.us/files/original/366a214486b2bfefbeb1a216c9aaf350.pdf>; 1994-01-20 (+6 days) Telcon with President Ulmanis of Latvia discussing Clinton-Yeltsin Moscow talks [7-10; marker page 1 appended] <https://therealjameswilson.github.io/Clinton-Russia-High-Level/public/documents/nara-23901979-clinton-ulmanis-telcon-context.pdf>","Source: Department of State, FOIA Virtual Reading Room, Strobe Talbott FOIA release, case F-2017-13804, document C06694502.","Use the canonical extracted PDF and page range as the document candidate. Use the Daily Diary reference to confirm timing and call/meeting occurrence. Review linked Public Papers rows for editorial-note framing around the contact. Treat linked Drive/Strobe files as source-copy or duplicate controls unless the compiler chooses a different authoritative source. Review nearby support/context records only after final document selection."
"18","1994-01-15","Memcon","counted","2","One-on-One Meeting with President Boris Yeltsin of Russia","https://therealjameswilson.github.io/Clinton-Russia-High-Level/public/documents/clinton-standalone-1994-01-15-memcon-one-on-one.pdf","https://clinton.presidentiallibraries.us/files/original/67bc3e4fc7cc0ed1ba4f438e510624d8.pdf","1-2","102-103","102-103","","","1994-01-15 (same day) Remarks to Future Leaders of Belarus in Minsk [pp. 77-80] <https://www.govinfo.gov/content/pkg/PPP-1994-book1/pdf/PPP-1994-book1-doc-pg77.pdf>","1994-01-14 (-1 days) The President's News Conference With President Boris Yeltsin of Russia in Moscow [pp. 50-58] <https://www.govinfo.gov/content/pkg/PPP-1994-book1/pdf/PPP-1994-book1-doc-pg50.pdf>; 1994-01-14 (-1 days) Exchange With Reporters on Signing the Denuclearization Agreement With Russia and Ukraine in Moscow [pp. 49-50] <https://www.govinfo.gov/content/pkg/PPP-1994-book1/pdf/PPP-1994-book1-doc-pg49.pdf>","","","1994-01-20 (+5 days) Telcon with President Ulmanis of Latvia discussing Clinton-Yeltsin Moscow talks [7-10; marker page 1 appended] <https://therealjameswilson.github.io/Clinton-Russia-High-Level/public/documents/nara-23901979-clinton-ulmanis-telcon-context.pdf>; 1994-01-09 (-6 days) Declassified Documents Regarding President Clinton's Trip to Europe, January 1994 <https://clinton.presidentiallibraries.us/files/original/366a214486b2bfefbeb1a216c9aaf350.pdf>","Source: William J. Clinton Presidential Library, Clinton Digital Library item 101364, ""Memorandum of Conversation - President Boris Yeltsin of Russia,"" January 15, 1994, part of 2016-0117-M, Memcons - Memoranda of Conversation.","Use the canonical extracted PDF and page range as the document candidate. Review linked Public Papers rows for editorial-note framing around the contact. Review nearby support/context records only after final document selection."
"19","1994-02-20","Telcon","counted","3","Telephone call with President Boris Yeltsin of Russia, February 20, 1994, White House White House","https://therealjameswilson.github.io/Clinton-Russia-High-Level/public/documents/1994-02-20-telcon-16.pdf","https://www.clintonlibrary.gov/sites/default/files/finding_aids_a_z/2026-05/2015-0782-M-1.pdf","155-157","104-107","104-106","148","12:50; 1:27-1:47 The President was telephoned by Boris N. Yeltsin; the call was not completed. He then talked on a conference call with President Yeltsin. pp. 61-62 <https://s3.amazonaws.com/NARAprodstorage/lz/presidential-libraries/clinton/foia/2013/2013-0549-F/42-t-101784486-20130549F-003-009-2018.pdf>","1994-02-20 (same day) Statement on Results of NATO Action on Bosnia [pp. 286-287] <https://www.govinfo.gov/content/pkg/PPP-1994-book1/pdf/PPP-1994-book1-doc-pg286.pdf>","","1-Czdq2907N9Zq6Rt7civTm-xPwkK9h6y: 940220 Clinton and Yeltsin telconpdf.pdf (Google Drive search match) <https://drive.google.com/file/d/1-Czdq2907N9Zq6Rt7civTm-xPwkK9h6y/view>","","","Source: William J. Clinton Presidential Library, Clinton Presidential Records, Records of the National Security Council Records Management Office (Clinton Administration), NAID 7388808, Presidential Records Series (PRS) Files, NAID 7585721, NSC Records Management, [Yeltsin and Telcons], OA/Box Number 470, Folder Title/Record ID 9401529, Mandatory Declassification Review 2015-0782-M-1, Declassified documents concerning Russian President Boris Yeltsin.","Use the canonical extracted PDF and page range as the document candidate. Use the Daily Diary reference to confirm timing and call/meeting occurrence. Review linked Public Papers rows for editorial-note framing around the contact. Treat linked Drive/Strobe files as source-copy or duplicate controls unless the compiler chooses a different authoritative source."
"20","1994-04-10","Telcon","counted","3","Telephone call with President Boris Yeltsin of Russia, April 10, 1994, White House","https://therealjameswilson.github.io/Clinton-Russia-High-Level/public/documents/1994-04-10-telcon-17.pdf","https://www.clintonlibrary.gov/sites/default/files/finding_aids_a_z/2026-05/2015-0782-M-1.pdf","164-166","108-111","108-110","159","10:50; 11:15-11:38 The President telephoned Boris N. Yeltsin; the call was not completed. He then talked on a conference call with President Yeltsin. pp. 53 <https://s3.amazonaws.com/NARAprodstorage/lz/presidential-libraries/clinton/foia/2013/2013-0549-F/42-t-101784486-20130549F-004-003-2018.pdf>","","","1qihIq6mo51EnA3ufb089tvkxIRp4kVnN: 940410 Clinton and Yeltsin telconpdf.pdf (Google Drive search match) <https://drive.google.com/file/d/1qihIq6mo51EnA3ufb089tvkxIRp4kVnN/view>","","","Source: William J. Clinton Presidential Library, Clinton Presidential Records, Records of the National Security Council Records Management Office (Clinton Administration), NAID 7388808, Presidential Records Series (PRS) Files, NAID 7585721, NSC Records Management, [Yeltsin and Telcons], OA/Box Number 472, Folder Title/Record ID 9402775, Mandatory Declassification Review 2015-0782-M-1, Declassified documents concerning Russian President Boris Yeltsin.","Use the canonical extracted PDF and page range as the document candidate. Use the Daily Diary reference to confirm timing and call/meeting occurrence. Treat linked Drive/Strobe files as source-copy or duplicate controls unless the compiler chooses a different authoritative source."
"21","1994-04-20","Telcon","counted","4","Telephone call with President Boris Yeltsin of Russia, April 20, 1994, White House","https://therealjameswilson.github.io/Clinton-Russia-High-Level/public/documents/1994-04-20-telcon-18.pdf","https://www.clintonlibrary.gov/sites/default/files/finding_aids_a_z/2026-05/2015-0782-M-1.pdf","181-184","112-116","112-115","171","2:25-3:05 The President talked on a conference call with Boris N. Yeltsin. pp. 26 <https://s3.amazonaws.com/NARAprodstorage/lz/presidential-libraries/clinton/foia/2013/2013-0549-F/42-t-101784486-20130549F-004-004-2018.pdf>","","","1ak-28O0E3npmQFlhnktlHR9h7Jze_RQq: 940420 Clinton and Yeltsin telconpdf.pdf (Google Drive search match) <https://drive.google.com/file/d/1ak-28O0E3npmQFlhnktlHR9h7Jze_RQq/view>","","","Source: William J. Clinton Presidential Library, Clinton Presidential Records, Records of the National Security Council Records Management Office (Clinton Administration), NAID 7388808, Presidential Records Series (PRS) Files, NAID 7585721, NSC Records Management, [Yeltsin and Telcons], OA/Box Number 472, Folder Title/Record ID 9403047, Mandatory Declassification Review 2015-0782-M-1, Declassified documents concerning Russian President Boris Yeltsin.","Use the canonical extracted PDF and page range as the document candidate. Use the Daily Diary reference to confirm timing and call/meeting occurrence. Treat linked Drive/Strobe files as source-copy or duplicate controls unless the compiler chooses a different authoritative source."
"23","1994-06-03","Telcon","pending extent","","Telephone call with President Boris Yeltsin of Russia, June 3, 1994, Rome, Italy","","https://www.clintonlibrary.gov/sites/default/files/finding_aids_a_z/2026-05/2015-0782-M-1.pdf","Marker/withdrawal packet pages 187-190 only; no released telcon pages","","","187","4:30; 4:55-5:07 The President telephoned Boris N. Yeltsin; the call was not completed. He then talked on a conference call with President Yeltsin. pp. 5 <https://s3.amazonaws.com/NARAprodstorage/lz/presidential-libraries/clinton/foia/2013/2013-0549-F/42-t-101784486-20130549F-004-006-2018.pdf>","1994-06-03 (same day) Statement by the Press Secretary on the President's Telephone Conversations With President Boris Yeltsin of Russia and President Kim Yong-sam of South Korea [p. 1022] <https://www.govinfo.gov/content/pkg/PPP-1994-book1/pdf/PPP-1994-book1-doc-pg1022.pdf>","","","","","Source: William J. Clinton Presidential Library, Clinton Presidential Records, Records of the National Security Council Records Management Office (Clinton Administration), NAID 7388808, Presidential Records Series (PRS) Files, NAID 7585721, Folder Title/Record ID 9404692, Mandatory Declassification Review 2015-0782-M-1, Declassified documents concerning Russian President Boris Yeltsin.","Hard source gap: locate released actual conversation text before counting or extracting a derivative PDF. Use the Daily Diary reference to confirm timing and call/meeting occurrence. Review linked Public Papers rows for editorial-note framing around the contact."
"22","1994-06-13","Telcon","counted","4","Telephone Call with President Boris Yeltsin of Russia, June 13, 1994, White House","https://therealjameswilson.github.io/Clinton-Russia-High-Level/public/documents/1994-06-13-telcon-20.pdf","https://www.clintonlibrary.gov/sites/default/files/finding_aids_a_z/2026-05/2015-0782-M-1.pdf","191-194","117-121","117-120","187","1:24-1:48 The President talked on a conference call with Boris N. Yeltsin. pp. 18 <https://s3.amazonaws.com/NARAprodstorage/lz/presidential-libraries/clinton/foia/2013/2013-0549-F/42-t-101784486-20130549F-004-006-2018.pdf>","","","1FTGT_4HHEl4j1Z7nG2n8Oo36AMCY9rUX: 940611 Clinton and Yeltsin telconpdf.pdf (Google Drive search match) <https://drive.google.com/file/d/1FTGT_4HHEl4j1Z7nG2n8Oo36AMCY9rUX/view>","","","Source: William J. Clinton Presidential Library, Clinton Presidential Records, Records of the National Security Council Records Management Office (Clinton Administration), NAID 7388808, Presidential Records Series (PRS) Files, NAID 7585721, Document ID 9404692, Original OA/ID 475, Mandatory Declassification Review 2015-0782-M-1, Declassified documents concerning Russian President Boris Yeltsin.","Use the canonical extracted PDF and page range as the document candidate. Use the Daily Diary reference to confirm timing and call/meeting occurrence. Treat linked Drive/Strobe files as source-copy or duplicate controls unless the compiler chooses a different authoritative source."
"23","1994-07-05","Telcon","counted","3","Telephone call with President Boris Yeltsin of Russia, July 5, 1994, White House","https://therealjameswilson.github.io/Clinton-Russia-High-Level/public/documents/1994-07-05-telcon-21.pdf","https://www.clintonlibrary.gov/sites/default/files/finding_aids_a_z/2026-05/2015-0782-M-1.pdf","202-204","122-125","122-124","196","","","","1EMCFtfaOX3jrb7Pcncsjcij86vCVFqHx: 940705 Clinto and Yeltsin telconpdf.pdf (Google Drive search match) <https://drive.google.com/file/d/1EMCFtfaOX3jrb7Pcncsjcij86vCVFqHx/view>","","","Source: William J. Clinton Presidential Library, Clinton Presidential Records, Records of the National Security Council Records Management Office (Clinton Administration), NAID 7388808, Presidential Records Series (PRS) Files, NAID 7585721, NSC Records Management, [Yeltsin and Telcons], OA/Box Number 477, Folder Title/Record ID 9405387, Mandatory Declassification Review 2015-0782-M-1, Declassified documents concerning Russian President Boris Yeltsin.","Use the canonical extracted PDF and page range as the document candidate. Treat linked Drive/Strobe files as source-copy or duplicate controls unless the compiler chooses a different authoritative source."
"26","1994-07-10","Memcon","pending extent","","Meeting with President Boris Yeltsin of Russia, July 10, 1994, Naples Italy","","https://www.clintonlibrary.gov/sites/default/files/finding_aids_a_z/2026-05/2015-0782-M-1.pdf","No released July 10, 1994 Naples memcon pages located in 2015-0782-M-1","","","","","1994-07-10 (same day) The President's News Conference With President Boris Yeltsin of Russia in Naples [pp. 1230-1233] <https://www.govinfo.gov/content/pkg/PPP-1994-book1/pdf/PPP-1994-book1-doc-pg1230.pdf>","","","","","Source: William J. Clinton Presidential Library, Clinton Presidential Records, Records of the National Security Council Records Management Office (Clinton Administration), NAID 7388808, Presidential Records Series (PRS) Files, NAID 7585721, Mandatory Declassification Review 2015-0782-M-1, Declassified documents concerning Russian President Boris Yeltsin.","Hard source gap: locate released actual conversation text before counting or extracting a derivative PDF. Review linked Public Papers rows for editorial-note framing around the contact."
"24","1994-09-27","Memcon","counted","7","Clinton-Yeltsin one-on-one memcon, September 27, 1994","https://therealjameswilson.github.io/Clinton-Russia-High-Level/public/documents/1994-09-27-clinton-yeltsin-white-house-one-on-one.pdf","https://www.clintonlibrary.gov/sites/default/files/finding_aids_a_z/2026-05/2015-0782-M-1.pdf","213-219","126-133","126-132","209","","1994-09-27 (same day) Remarks at a State Dinner Honoring President Boris Yeltsin of Russia [p. 1641] <https://www.govinfo.gov/content/pkg/PPP-1994-book2/pdf/PPP-1994-book2-doc-pg1641.pdf>; 1994-09-27 (same day) Remarks Prior to Discussions With President Yeltsin of Russia and an Exchange With Reporters [pp. 1634-1635] <https://www.govinfo.gov/content/pkg/PPP-1994-book2/pdf/PPP-1994-book2-doc-pg1634.pdf>; 1994-09-27 (same day) Remarks Welcoming President Boris Yeltsin of Russia [pp. 1633-1634] <https://www.govinfo.gov/content/pkg/PPP-1994-book2/pdf/PPP-1994-book2-doc-pg1633-2.pdf>; 1994-09-27 (same day) Remarks Honoring Russian and American Veterans of World War II [pp. 1635-1636] <https://www.govinfo.gov/content/pkg/PPP-1994-book2/pdf/PPP-1994-book2-doc-pg1635.pdf>","","15MpCXy-fCB8_KdvadCV1ypsw12ejYX3Z: 940927 Clinton and Yeltsin telconpdf.pdf (Google Drive search match) <https://drive.google.com/file/d/15MpCXy-fCB8_KdvadCV1ypsw12ejYX3Z/view>","1994-09-27 (same day) Handling Yeltsin <https://foia.state.gov/DOCUMENTS/FOIA_L_Jan2022V2/F-2017-13804/DOC_0C09000144/C09000144.pdf>","","Source: William J. Clinton Presidential Library, Clinton Presidential Records, Records of the National Security Council Records Management Office (Clinton Administration), NAID 7388808, Presidential Records Series (PRS) Files, NAID 7585721, NSC Records Management, [Yeltsin and Telcons], OA/Box Number 481, Folder Title/Record ID 9408090, Mandatory Declassification Review 2015-0782-M-1, Declassified documents concerning Russian President Boris Yeltsin.","Use the canonical extracted PDF and page range as the document candidate. Review linked Public Papers rows for editorial-note framing around the contact. Treat linked Drive/Strobe files as source-copy or duplicate controls unless the compiler chooses a different authoritative source. Review nearby support/context records only after final document selection."
"25","1994-09-27","Memcon","counted","10","Meeting with President Boris Yeltsin of Russia, September 27, 1994, White House","https://therealjameswilson.github.io/Clinton-Russia-High-Level/public/documents/1994-09-27-clinton-yeltsin-expanded-security-session.pdf","https://www.clintonlibrary.gov/sites/default/files/finding_aids_a_z/2026-05/2015-0782-M-1.pdf","251-260","134-144","134-143","245","","1994-09-27 (same day) Remarks at a State Dinner Honoring President Boris Yeltsin of Russia [p. 1641] <https://www.govinfo.gov/content/pkg/PPP-1994-book2/pdf/PPP-1994-book2-doc-pg1641.pdf>; 1994-09-27 (same day) Remarks Prior to Discussions With President Yeltsin of Russia and an Exchange With Reporters [pp. 1634-1635] <https://www.govinfo.gov/content/pkg/PPP-1994-book2/pdf/PPP-1994-book2-doc-pg1634.pdf>; 1994-09-27 (same day) Remarks Welcoming President Boris Yeltsin of Russia [pp. 1633-1634] <https://www.govinfo.gov/content/pkg/PPP-1994-book2/pdf/PPP-1994-book2-doc-pg1633-2.pdf>; 1994-09-27 (same day) Remarks Honoring Russian and American Veterans of World War II [pp. 1635-1636] <https://www.govinfo.gov/content/pkg/PPP-1994-book2/pdf/PPP-1994-book2-doc-pg1635.pdf>","","13ojhHQejsL_uYgVxz_GHe8u_ponQ_FFj: 940927 Clinton and Yeltsin in DC memconpdf.pdf (Google Drive search match) <https://drive.google.com/file/d/13ojhHQejsL_uYgVxz_GHe8u_ponQ_FFj/view>","1994-09-27 (same day) Handling Yeltsin <https://foia.state.gov/DOCUMENTS/FOIA_L_Jan2022V2/F-2017-13804/DOC_0C09000144/C09000144.pdf>","","Source: William J. Clinton Presidential Library, Clinton Presidential Records, Records of the National Security Council Records Management Office (Clinton Administration), NAID 7388808, Presidential Records Series (PRS) Files, NAID 7585721, NSC Records Management, [Yeltsin and Telcons], OA/Box Number 482, Folder Title/Record ID 9408513, Mandatory Declassification Review 2015-0782-M-1, Declassified documents concerning Russian President Boris Yeltsin.","Use the canonical extracted PDF and page range as the document candidate. Review linked Public Papers rows for editorial-note framing around the contact. Treat linked Drive/Strobe files as source-copy or duplicate controls unless the compiler chooses a different authoritative source. Review nearby support/context records only after final document selection."
"26","1994-09-28","Memcon","counted","6","Second Clinton/Yeltsin One-on-One","https://therealjameswilson.github.io/Clinton-Russia-High-Level/public/documents/clinton-standalone-1994-09-28-second-one-on-one.pdf","https://clinton.presidentiallibraries.us/files/original/2509827ca57f98e07eec584b3d69250f.pdf","3-7,9","145-150","145-150","","","1994-09-28 (same day) The President's News Conference With President Boris Yeltsin of Russia [pp. 1642-1649] <https://www.govinfo.gov/content/pkg/PPP-1994-book2/pdf/PPP-1994-book2-doc-pg1642-2.pdf>; 1994-09-28 (same day) Remarks on Opening the Library of Congress Exhibit on the History of the Russian Orthodox Church in North America [p. 1642] <https://www.govinfo.gov/content/pkg/PPP-1994-book2/pdf/PPP-1994-book2-doc-pg1642.pdf>","","","","","Source: William J. Clinton Presidential Library, Clinton Digital Library item 101758, ""Declassified documents concerning telcon between the President and Boris Yeltsin on September 28, 1994,"" identifier 2018-1215-M; creators National Security Council, NSC European Affairs Office, and Alexander Vershbow; part of National Archives Catalog Description, NAID 7585499; Clinton Presidential Records: White House Staff and Office Files; Declassified Documents collection.","Use the canonical extracted PDF and page range as the document candidate. Review linked Public Papers rows for editorial-note framing around the contact."
"27","1994-10-05","Telcon","counted","4","Telephone call with President Boris Yeltsin, October 5, 1994, White House","https://therealjameswilson.github.io/Clinton-Russia-High-Level/public/documents/1994-10-05-telcon-24.pdf","https://www.clintonlibrary.gov/sites/default/files/finding_aids_a_z/2026-05/2015-0782-M-1.pdf","227-230","151-155","151-154","221","10:30-11:03 The President talked on a conference call with Boris N. Yeltsin. pp. 81 <https://s3.amazonaws.com/NARAprodstorage/opastorage/live/77/3681/17368177/content/presidential-libraries/clinton/foia/2010-0083-F/2010-0083-F-PDF/Box_001/42-t-7262157-20100083F-001-008-2015.pdf>","","","C06694711: Telephone Conversation with Russian President Yeltsin (Strobe FOIA copy of the actual October 5, 1994 telcon; duplicate source copy, not counted again.) <https://foia.state.gov/DOCUMENTS/FOIA_Jun2019_2020/F-2017-13804/DOC_0C06694711/C06694711.pdf>","1994-10-05 (same day) Telephone Conversation with Russian President Yeltsin <https://foia.state.gov/DOCUMENTS/FOIA_Jun2019_2020/F-2017-13804/DOC_0C06694711/C06694711.pdf>; 1994-10-07 (+2 days) Transmittal of Presidential Telcon with President Boris Yeltsin of Russia <https://foia.state.gov/DOCUMENTS/FOIA_Jun2019_2020/F-2017-13804/DOC_0C06694708/C06694708.pdf>","","Source: William J. Clinton Presidential Library, Clinton Presidential Records, Records of the National Security Council Records Management Office (Clinton Administration), NAID 7388808, Presidential Records Series (PRS) Files, NAID 7585721, NSC Records Management, [Yeltsin and Telcons], Folder Title/Record ID 9408162, Mandatory Declassification Review 2015-0782-M-1, Declassified documents concerning Russian President Boris Yeltsin.","Use the canonical extracted PDF and page range as the document candidate. Use the Daily Diary reference to confirm timing and call/meeting occurrence. Treat linked Drive/Strobe files as source-copy or duplicate controls unless the compiler chooses a different authoritative source. Review nearby support/context records only after final document selection."
"28","1994-10-10","Telcon","counted","4","Telephone call with President Boris Yeltsin of Russia, October 10, 1994, White House","https://therealjameswilson.github.io/Clinton-Russia-High-Level/public/documents/1994-10-10-clinton-yeltsin-iraq-telcon.pdf","https://www.clintonlibrary.gov/sites/default/files/finding_aids_a_z/2026-05/2015-0782-M-1.pdf","238-241","156-160","156-159","233","12:12-12:38 The President talked on a conference call with Boris N. Yeltsin. pp. 83 <https://s3.amazonaws.com/NARAprodstorage/opastorage/live/77/3681/17368177/content/presidential-libraries/clinton/foia/2010-0083-F/2010-0083-F-PDF/Box_001/42-t-7262157-20100083F-001-008-2015.pdf>","","","1fClpMfna1KtDo3cWvis5vnkYWBjNRPwD: 931010 Clinton and Yeltsin telconpdf.pdf (Google Drive search match) <https://drive.google.com/file/d/1fClpMfna1KtDo3cWvis5vnkYWBjNRPwD/view>","1994-10-07 (-3 days) Transmittal of Presidential Telcon with President Boris Yeltsin of Russia <https://foia.state.gov/DOCUMENTS/FOIA_Jun2019_2020/F-2017-13804/DOC_0C06694708/C06694708.pdf>","","Source: William J. Clinton Presidential Library, Clinton Presidential Records, Records of the National Security Council Records Management Office (Clinton Administration), NAID 7388808, Presidential Records Series (PRS) Files, NAID 7585721, OA/Box Number 481, Folder Title/Record ID 9408229, Mandatory Declassification Review 2015-0782-M-1, Declassified documents concerning Russian President Boris Yeltsin.","Use the canonical extracted PDF and page range as the document candidate. Use the Daily Diary reference to confirm timing and call/meeting occurrence. Treat linked Drive/Strobe files as source-copy or duplicate controls unless the compiler chooses a different authoritative source. Review nearby support/context records only after final document selection."
"29","1995-02-13","Telcon","counted","4","Telephone call with President Boris Yeltsin of Russia, February 13, 1995, White House","https://therealjameswilson.github.io/Clinton-Russia-High-Level/public/documents/1995-02-13-telcon-26.pdf","https://www.clintonlibrary.gov/sites/default/files/finding_aids_a_z/2026-05/2015-0782-M-1.pdf","268-271","161-165","161-164","263","1:01-1:27 The President talked on a conference call with Boris N. Yeltsin. pp. 93 <https://s3.amazonaws.com/NARAprodstorage/lz/presidential-libraries/clinton/foia/2013/2013-0549-F/42-t-101784486-20130549F-005-004-2018.pdf>","","","1EgGoQhfX4a7Fq8fEWtIhjUISe6hko4ai: 950213 Clinton and Yeltsin telconpdf.pdf (Google Drive search match) <https://drive.google.com/file/d/1EgGoQhfX4a7Fq8fEWtIhjUISe6hko4ai/view>","","","Source: William J. Clinton Presidential Library, Clinton Presidential Records, Records of the National Security Council Records Management Office (Clinton Administration), NAID 7388808, Presidential Records Series (PRS) Files, NAID 7585721, NSC Records Management, [Yeltsin and Telcons], OA/Box Number 564, Folder Title/Record ID 9500995, Mandatory Declassification Review 2015-0782-M-1, Declassified documents concerning Russian President Boris Yeltsin.","Use the canonical extracted PDF and page range as the document candidate. Use the Daily Diary reference to confirm timing and call/meeting occurrence. Treat linked Drive/Strobe files as source-copy or duplicate controls unless the compiler chooses a different authoritative source."
"30","1995-04-27","Telcon","counted","4","Telephone call with President Boris Yeltsin of Russia, April 27, 1995, White House","https://therealjameswilson.github.io/Clinton-Russia-High-Level/public/documents/1995-04-27-telcon-27.pdf","https://www.clintonlibrary.gov/sites/default/files/finding_aids_a_z/2026-05/2015-0782-M-1.pdf","280-283","166-170","166-169","275","","","","","","","Source: William J. Clinton Presidential Library, Clinton Presidential Records, Records of the National Security Council Records Management Office (Clinton Administration), NAID 7388808, Presidential Records Series (PRS) Files, NAID 7585721, NSC Records Management, [Yeltsin and Telcons], Folder Title/Record ID 9503572, Mandatory Declassification Review 2015-0782-M-1, Declassified documents concerning Russian President Boris Yeltsin.","Use the canonical extracted PDF and page range as the document candidate."
"31","1995-05-10","Memcon","counted","16","Meeting with President Boris Yeltsin of Russia, May 10, 1995, The Kremlin, Moscow, Russia","https://therealjameswilson.github.io/Clinton-Russia-High-Level/public/documents/1995-05-10-memcon-28.pdf","https://www.clintonlibrary.gov/sites/default/files/finding_aids_a_z/2026-05/2015-0782-M-1.pdf","285-300","171-187","171-186","284","10:10-2:05 The President met with Boris N. Yeltsin in Moscow, continued the meeting, and attended a private luncheon hosted by President Yeltsin; appendix lists senior Russian participants including Chernomyrdin and Kozyrev. pp. 67-68, 74 <https://s3.amazonaws.com/NARAprodstorage/lz/presidential-libraries/clinton/foia/2013/2013-0549-F/42-t-101784486-20130549F-006-003-2018.pdf>","1995-05-10 (same day) Exchange With Reporters Following Discussions With President Boris Yeltsin of Russia in Moscow [p. 661] <https://www.govinfo.gov/content/pkg/PPP-1995-book1/pdf/PPP-1995-book1-doc-pg661.pdf>; 1995-05-10 (same day) The President's News Conference With President Boris Yeltsin of Russia in Moscow [pp. 661-667] <https://www.govinfo.gov/content/pkg/PPP-1995-book1/pdf/PPP-1995-book1-doc-pg661-2.pdf>; 1995-05-10 (same day) Remarks to Students at Moscow State University [pp. 672-677] <https://www.govinfo.gov/content/pkg/PPP-1995-book1/pdf/PPP-1995-book1-doc-pg672.pdf>; 1995-05-10 (same day) Joint Statement on European Security [pp. 668-669] <https://www.govinfo.gov/content/pkg/PPP-1995-book1/pdf/PPP-1995-book1-doc-pg668.pdf>; 1995-05-10 (same day) Joint Statement on Nonproliferation [pp. 669-670] <https://www.govinfo.gov/content/pkg/PPP-1995-book1/pdf/PPP-1995-book1-doc-pg669.pdf>; 1995-05-10 (same day) Joint Statement on the Transparency and Irreversibility of the Process of Reducing Nuclear Weapons [pp. 671-672] <https://www.govinfo.gov/content/pkg/PPP-1995-book1/pdf/PPP-1995-book1-doc-pg671.pdf>; 1995-05-10 (same day) Russia-United States Joint Statement on Missile Systems [pp. 667-668] <https://www.govinfo.gov/content/pkg/PPP-1995-book1/pdf/PPP-1995-book1-doc-pg667.pdf>","","","","1995-05-08 (-2 days) Declassified Documents Regarding President Clinton Trip to Russia and Ukraine, May 8-12, 1995 <https://clinton.presidentiallibraries.us/files/original/bf446041854cb39940cdb882deb8f83c.pdf>","Source: William J. Clinton Presidential Library, Clinton Presidential Records, Records of the National Security Council Records Management Office (Clinton Administration), NAID 7388808, Presidential Records Series (PRS) Files, NAID 7585721, Document ID 9503774, Original OA/ID 582, Mandatory Declassification Review 2014-0904-M-Release-A, Declassified documents concerning Russia.","Use the canonical extracted PDF and page range as the document candidate. Use the Daily Diary reference to confirm timing and call/meeting occurrence. Review linked Public Papers rows for editorial-note framing around the contact. Review nearby support/context records only after final document selection."
"32","1995-06-17","Memcon","counted","8","Meeting with President Boris Yeltsin of Russia, June 17, 1995, Halifax, Nova Scotia, Canada","https://therealjameswilson.github.io/Clinton-Russia-High-Level/public/documents/1995-06-17-memcon-29.pdf","https://therealjameswilson.github.io/strobe-talbott-foia/manifest.html","Strobe FOIA document C06835181, conversation pages 1-8","188-195","188-195","","","1995-06-17 (same day) Exchange With Reporters Prior to Discussions With President Boris Yeltsin of Russia in Halifax [pp. 903-904] <https://www.govinfo.gov/content/pkg/PPP-1995-book1/pdf/PPP-1995-book1-doc-pg903.pdf>","","C06835181: Clinton-Yeltsin Meeting (Strobe FOIA copy with the actual Halifax Clinton-Yeltsin meeting pages 1-8.) <https://foia.state.gov/DOCUMENTS/FOIA_L_Jan2021_C/F-2017-13804/DOC_0C06835181/C06835181.pdf>","1995-06-17 (same day) Clinton-Yeltsin Meeting <https://foia.state.gov/DOCUMENTS/FOIA_L_Jan2021_C/F-2017-13804/DOC_0C06835181/C06835181.pdf>; 1995-06-12 (-5 days) Your Meeting with Yeltsin in Halifax <https://foia.state.gov/DOCUMENTS/FOIA_L_Jan2021_C/F-2017-13804/DOC_0C06835149/C06835149.pdf>","1995-06-15 (-2 days) Declassified Documents Regarding President Clinton's Trip to Canada, June 15-17, 1995 <https://clinton.presidentiallibraries.us/files/original/794a59781b0879223b941b62869e017b.pdf>","Source: Department of State, FOIA Virtual Reading Room, Strobe Talbott FOIA release, case F-2017-13804, document C06835181.","Use the canonical extracted PDF and page range as the document candidate. Review linked Public Papers rows for editorial-note framing around the contact. Treat linked Drive/Strobe files as source-copy or duplicate controls unless the compiler chooses a different authoritative source. Review nearby support/context records only after final document selection."
"33","1995-07-28","Telcon","counted","5","Telephone call with President Boris Yeltsin of Russia, July 28, 1995, White House","https://therealjameswilson.github.io/Clinton-Russia-High-Level/public/documents/1995-07-28-telcon-30.pdf","https://www.clintonlibrary.gov/sites/default/files/finding_aids_a_z/2026-05/2015-0782-M-1.pdf","309-313","196-201","196-200","302","10:35-11:39 The President talked on a conference call with Boris N. Yeltsin. pp. 50 <https://s3.amazonaws.com/NARAprodstorage/lz/presidential-libraries/clinton/foia/2013/2013-0549-F/42-t-101784486-20130549F-006-006-2018.pdf>","","","1-VyJatd2iE4fjlYtr3YM6930R3dRVHVU: 950728 Clinton and Yeltsin telconpdf.pdf (Google Drive search match) <https://drive.google.com/file/d/1-VyJatd2iE4fjlYtr3YM6930R3dRVHVU/view>","","","Source: William J. Clinton Presidential Library, Clinton Presidential Records, Records of the National Security Council Records Management Office (Clinton Administration), NAID 7388808, Presidential Records Series (PRS) Files, NAID 7585721, NSC Records Management, [Yeltsin and Telcons], OA/Box Number 597, Folder Title/Record ID 9505860, Mandatory Declassification Review 2015-0782-M-1, Declassified documents concerning Russian President Boris Yeltsin.","Use the canonical extracted PDF and page range as the document candidate. Use the Daily Diary reference to confirm timing and call/meeting occurrence. Treat linked Drive/Strobe files as source-copy or duplicate controls unless the compiler chooses a different authoritative source."
"34","1995-09-27","Telcon","counted","3","Telephone call with President Boris Yeltsin of Russia, September 27, 1995, White House","https://therealjameswilson.github.io/Clinton-Russia-High-Level/public/documents/1995-09-27-telcon-31.pdf","https://www.clintonlibrary.gov/sites/default/files/finding_aids_a_z/2026-05/2015-0782-M-1.pdf","324-326","202-205","202-204","318","10:35-10:53 The President talked on a conference call with Boris N. Yeltsin. pp. 38 <https://s3.amazonaws.com/NARAprodstorage/lz/presidential-libraries/clinton/foia/2013/2013-0549-F/42-t-101784486-20130549F-006-008-2018.pdf>","","","13wiC3-DXoaYOXFvnwFGZ2EoaL39Z6oCh: 950927 Clinton and Yeltsin telconpdf.pdf (Google Drive search match) <https://drive.google.com/file/d/13wiC3-DXoaYOXFvnwFGZ2EoaL39Z6oCh/view>","","","Source: William J. Clinton Presidential Library, Clinton Presidential Records, Records of the National Security Council Records Management Office (Clinton Administration), NAID 7388808, Presidential Records Series (PRS) Files, NAID 7585721, NSC Records Management, [Yeltsin and Telcons], OA/Box Number 606, Folder Title/Record ID 9507137, Mandatory Declassification Review 2015-0782-M-1, Declassified documents concerning Russian President Boris Yeltsin.","Use the canonical extracted PDF and page range as the document candidate. Use the Daily Diary reference to confirm timing and call/meeting occurrence. Treat linked Drive/Strobe files as source-copy or duplicate controls unless the compiler chooses a different authoritative source."
"35","1995-10-23","Memcon","counted","12","Clinton-Yeltsin One-on-One","https://therealjameswilson.github.io/Clinton-Russia-High-Level/public/documents/1995-10-23-clinton-yeltsin-hyde-park-one-on-one.pdf","https://s3.amazonaws.com/NARAprodstorage/lz/presidential-libraries/clinton/wjc-nscrm/7585721/7-YeltsinHydePark.pdf","5-16","206-218","206-217","2","","1995-10-23 (same day) Joint Statement With President Yeltsin on Nuclear Materials Security [pp. 1663-1664] <https://www.govinfo.gov/content/pkg/PPP-1995-book2/pdf/PPP-1995-book2-doc-pg1663.pdf>; 1995-10-23 (same day) The President's News Conference With President Boris Yeltsin of Russia in Hyde Park, New York [pp. 1661-1663] <https://www.govinfo.gov/content/pkg/PPP-1995-book2/pdf/PPP-1995-book2-doc-pg1661.pdf>","","C06835137: Clinton-Yeltsin One-on-One (Strobe FOIA copy of the October 23, 1995 Hyde Park one-on-one; duplicate source copy, not counted again.) <https://foia.state.gov/DOCUMENTS/FOIA_L_Jan2021_C/F-2017-13804/DOC_0C06835137/C06835137.pdf>","1995-10-23 (same day) Clinton-Yeltsin One-on-One <https://foia.state.gov/DOCUMENTS/FOIA_L_Jan2021_C/F-2017-13804/DOC_0C06835137/C06835137.pdf>; 1995-10-23 (same day) RUSSIAN PRESIDENTIAL FOREIGN AFFAIRS ADVISOR RYURIKOV: OCTOBER 23 SUMMIT ISSUES <https://foia.state.gov/DOCUMENTS/FOIA_Jul2019_2020/F-2017-13804/DOC_0C06698198/C06698198.pdf>; 1995-10-22 (-1 days) Your meeting with Boris Yeltsin (II) <https://foia.state.gov/DOCUMENTS/FOIA_L_Jan2021_C/F-2017-13804/DOC_0C06835150/C06835150.pdf>; 1995-10-22 (-1 days) YOUR MEETING WITH BORIS YELTSIN (II) <https://foia.state.gov/DOCUMENTS/FOIA_Jul2019_2020/F-2017-13804/DOC_0C06698066/C06698066.pdf>; 1995-10-20 (-3 days) Your Meeting with Boris Yeltsin <https://foia.state.gov/DOCUMENTS/FOIA_L_Jan2021_C/F-2017-13804/DOC_0C06835175/C06835175.pdf>","","Source: William J. Clinton Presidential Library, Clinton Presidential Records, Records of the National Security Council Records Management Office (Clinton Administration), NAID 7388808, Presidential Records Series (PRS) Files, NAID 7585721, NSC Records Management, [Yeltsin], OA/Box Number 43319, Folder Title/Record ID 9507853, National Archives Catalog item 2014-0948-M, Memcon between President William Jefferson Clinton and President Boris Yeltsin, NAID 163545436.","Use the canonical extracted PDF and page range as the document candidate. Review linked Public Papers rows for editorial-note framing around the contact. Treat linked Drive/Strobe files as source-copy or duplicate controls unless the compiler chooses a different authoritative source. Review nearby support/context records only after final document selection."
"36","1995-10-23","Memcon","counted","5","Lunch with Boris Yeltsin, President of Russian Federation","https://therealjameswilson.github.io/Clinton-Russia-High-Level/public/documents/1995-10-23-clinton-yeltsin-hyde-park-lunch.pdf","https://s3.amazonaws.com/NARAprodstorage/lz/presidential-libraries/clinton/wjc-nscrm/7585721/7-YeltsinHydePark.pdf","31-35","219-224","219-223","19","","1995-10-23 (same day) The President's News Conference With President Boris Yeltsin of Russia in Hyde Park, New York [pp. 1661-1663] <https://www.govinfo.gov/content/pkg/PPP-1995-book2/pdf/PPP-1995-book2-doc-pg1661.pdf>; 1995-10-23 (same day) Joint Statement With President Yeltsin on Nuclear Materials Security [pp. 1663-1664] <https://www.govinfo.gov/content/pkg/PPP-1995-book2/pdf/PPP-1995-book2-doc-pg1663.pdf>","","","1995-10-23 (same day) Clinton-Yeltsin One-on-One <https://foia.state.gov/DOCUMENTS/FOIA_L_Jan2021_C/F-2017-13804/DOC_0C06835137/C06835137.pdf>; 1995-10-23 (same day) RUSSIAN PRESIDENTIAL FOREIGN AFFAIRS ADVISOR RYURIKOV: OCTOBER 23 SUMMIT ISSUES <https://foia.state.gov/DOCUMENTS/FOIA_Jul2019_2020/F-2017-13804/DOC_0C06698198/C06698198.pdf>; 1995-10-22 (-1 days) Your meeting with Boris Yeltsin (II) <https://foia.state.gov/DOCUMENTS/FOIA_L_Jan2021_C/F-2017-13804/DOC_0C06835150/C06835150.pdf>; 1995-10-22 (-1 days) YOUR MEETING WITH BORIS YELTSIN (II) <https://foia.state.gov/DOCUMENTS/FOIA_Jul2019_2020/F-2017-13804/DOC_0C06698066/C06698066.pdf>; 1995-10-20 (-3 days) Your Meeting with Boris Yeltsin <https://foia.state.gov/DOCUMENTS/FOIA_L_Jan2021_C/F-2017-13804/DOC_0C06835175/C06835175.pdf>","","Source: William J. Clinton Presidential Library, Clinton Presidential Records, Records of the National Security Council Records Management Office (Clinton Administration), NAID 7388808, Presidential Records Series (PRS) Files, NAID 7585721, NSC Records Management, [Yeltsin], OA/Box Number 611, Folder Title/Record ID 9507991, National Archives Catalog item 2014-0948-M, Memcon between President William Jefferson Clinton and President Boris Yeltsin, NAID 163545436.","Use the canonical extracted PDF and page range as the document candidate. Review linked Public Papers rows for editorial-note framing around the contact. Review nearby support/context records only after final document selection."
"37","1996-01-26","Telcon","counted","5","Telephone call with President Boris Yeltsin of Russia, January 26, 1996, White House","https://therealjameswilson.github.io/Clinton-Russia-High-Level/public/documents/1996-01-26-telcon-33.pdf","https://www.clintonlibrary.gov/sites/default/files/finding_aids_a_z/2026-05/2015-0782-M-1.pdf","342-346","225-230","225-229","336","10:25; 10:46-11:25 The President telephoned Boris N. Yeltsin; the call was not completed. He then talked on a conference call with President Yeltsin. pp. 48-49 <https://s3.amazonaws.com/NARAprodstorage/lz/presidential-libraries/clinton/foia/2013/2013-0549-F/42-t-101784486-20130549F-006-012-2018.pdf>","1996-01-26 (same day) Statement on Senate Ratification of the START II Nuclear Arms Reduction Treaty With Russia [pp. 104-105] <https://www.govinfo.gov/content/pkg/PPP-1996-book1/pdf/PPP-1996-book1-doc-pg104.pdf>","","1yNha4AfK3kD6rPBPbSwA7RXGD_RLjz_e: 960126 Clinton and Yeltsin telconpdf.pdf (Google Drive search match) <https://drive.google.com/file/d/1yNha4AfK3kD6rPBPbSwA7RXGD_RLjz_e/view>","","","Source: William J. Clinton Presidential Library, Clinton Presidential Records, Records of the National Security Council Records Management Office (Clinton Administration), NAID 7388808, Presidential Records Series (PRS) Files, NAID 7585721, NSC Records Management, [Yeltsin and Telcons], OA/Box Number 1082, Folder Title/Record ID 9600480, Mandatory Declassification Review 2015-0782-M-1, Declassified documents concerning Russian President Boris Yeltsin.","Use the canonical extracted PDF and page range as the document candidate. Use the Daily Diary reference to confirm timing and call/meeting occurrence. Review linked Public Papers rows for editorial-note framing around the contact. Treat linked Drive/Strobe files as source-copy or duplicate controls unless the compiler chooses a different authoritative source."
"38","1996-02-21","Telcon","counted","4","Telephone call with President Boris Yeltsin of Russia, February 21, 1996, White House","https://therealjameswilson.github.io/Clinton-Russia-High-Level/public/documents/1996-02-21-telcon-34.pdf","https://www.clintonlibrary.gov/sites/default/files/finding_aids_a_z/2026-05/2015-0782-M-1.pdf","354-357","231-235","231-234","348","10:10; 10:39-11:05 The President telephoned Boris N. Yeltsin; the call was not completed. He then talked on a conference call with President Yeltsin. pp. 36 <https://s3.amazonaws.com/NARAprodstorage/lz/presidential-libraries/clinton/foia/2013/2013-0549-F/42-t-101784486-20130549F-006-013-2018.pdf>","","","1tsAEajB4pmA2K-uxgCE3uIGe3Ek-PSMl: 960221 Clinton and Yeltsin telconpdf.pdf (Google Drive search match) <https://drive.google.com/file/d/1tsAEajB4pmA2K-uxgCE3uIGe3Ek-PSMl/view>","","","Source: William J. Clinton Presidential Library, Clinton Presidential Records, Records of the National Security Council Records Management Office (Clinton Administration), NAID 7388808, Presidential Records Series (PRS) Files, NAID 7585721, Document ID 9601097, Original OA/ID 1086, Mandatory Declassification Review 2015-0782-M-1, Declassified documents concerning Russian President Boris Yeltsin.","Use the canonical extracted PDF and page range as the document candidate. Use the Daily Diary reference to confirm timing and call/meeting occurrence. Treat linked Drive/Strobe files as source-copy or duplicate controls unless the compiler chooses a different authoritative source."
"39","1996-03-13","Memcon","counted","4","Meeting with President Boris Yeltsin of Russia, March 13, 1996, Sharm El-Sheikh, Egypt","https://therealjameswilson.github.io/Clinton-Russia-High-Level/public/documents/1996-03-13-clinton-yeltsin-sharm-el-sheikh-memcon-cable.pdf","https://drive.google.com/file/d/1kqpS-sURsWvTfRqKhA-09YXKX5fVVh7c/view","Google Drive file 1kqpS-sURsWvTfRqKhA-09YXKX5fVVh7c, pages 2-5","236-240","236-239","1","","","","1kqpS-sURsWvTfRqKhA-09YXKX5fVVh7c: 960313 Cable Memcon with Yeltsin Sharm el-Sheikh Egypt.pdf (Google Drive search match) <https://drive.google.com/file/d/1kqpS-sURsWvTfRqKhA-09YXKX5fVVh7c/view>; 1Qr896gBJeiMDZ1hO5PNnmI2OtyAaBMU2: 960313 Clinton and Yeltsin memcon cable.pdf (Google Drive search match) <https://drive.google.com/file/d/1Qr896gBJeiMDZ1hO5PNnmI2OtyAaBMU2/view>","","","Source: William J. Clinton Presidential Library, Clinton Presidential Records: NSC Cable, Email, and Records Management System, Clinton Digital Library item 118876, Clinton Digital Library item 2016-0118-M, Meetings between President Clinton and Russian President Boris Yeltsin.","Use the canonical extracted PDF and page range as the document candidate. Treat linked Drive/Strobe files as source-copy or duplicate controls unless the compiler chooses a different authoritative source."
"40","1996-04-09","Telcon","counted","5","Telephone call with President Boris Yeltsin of Russia, April 9, 1996, White House","https://therealjameswilson.github.io/Clinton-Russia-High-Level/public/documents/1996-04-09-telcon-36.pdf","https://www.clintonlibrary.gov/sites/default/files/finding_aids_a_z/2026-05/2015-0782-M-1.pdf","369-373","241-246","241-245","362","","","","1lGJCeA3FFPSqmmsNnXNA64B6koOy56ZB: 960409 Clinton and Yeltsin telconpdf.pdf (Google Drive search match) <https://drive.google.com/file/d/1lGJCeA3FFPSqmmsNnXNA64B6koOy56ZB/view>","1996-04-12 (+3 days) April 12, 1996 Note From Strobe To Chris <https://foia.state.gov/DOCUMENTS/FOIA_L_Apr2023/FL-2017-13804/DOC_0C09000072/C09000072.pdf>; 1996-04-12 (+3 days) YELTSIN-TALBOTT MEETING, APRIL 11, 1996 <https://foia.state.gov/DOCUMENTS/FOIA_Jun2019_2020/F-2017-13804/DOC_0C06697702/C06697702.pdf>","","Source: William J. Clinton Presidential Library, Clinton Presidential Records, Records of the National Security Council Records Management Office (Clinton Administration), NAID 7388808, Presidential Records Series (PRS) Files, NAID 7585721, NSC Records Management, [Yeltsin and Telcons], OA/Box Number 1093, Folder Title/Record ID 9602172, Mandatory Declassification Review 2015-0782-M-1, Declassified documents concerning Russian President Boris Yeltsin.","Use the canonical extracted PDF and page range as the document candidate. Treat linked Drive/Strobe files as source-copy or duplicate controls unless the compiler chooses a different authoritative source. Review nearby support/context records only after final document selection."
"41","1996-04-21","Memcon","counted","13","POTUS-Yeltsin One-on-One","https://therealjameswilson.github.io/Clinton-Russia-High-Level/public/documents/1996-04-21-memcon-moscow-one-on-one.pdf","https://www.clintonlibrary.gov/sites/default/files/finding_aids_a_z/2026-05/2015-0782-M-1.pdf","381-393","247-260","247-259","377","","1996-04-21 (same day) The President's News Conference With President Boris Yeltsin of Russia in Moscow [pp. 610-616] <https://www.govinfo.gov/content/pkg/PPP-1996-book1/pdf/PPP-1996-book1-doc-pg610.pdf>; 1996-04-21 (same day) Russia-U.S. Joint Statement on the Highly Enriched Uranium Agreement: Transparency Measures [p. 617] <https://www.govinfo.gov/content/pkg/PPP-1996-book1/pdf/PPP-1996-book1-doc-pg617.pdf>","1996-04-20 (-1 days) Remarks Prior to Discussions With Prime Minister John Major of the United Kingdom in Moscow, Russia [p. 602] <https://www.govinfo.gov/content/pkg/PPP-1996-book1/pdf/PPP-1996-book1-doc-pg602.pdf>; 1996-04-20 (-1 days) The President's News Conference in Moscow [pp. 604-609] <https://www.govinfo.gov/content/pkg/PPP-1996-book1/pdf/PPP-1996-book1-doc-pg604.pdf>","14NhGIMpynoxRlqbrA48-tTTGziPFz-B_: 960421 Clinton and Yeltsin in the Kremlin memconpdf.pdf (Google Drive search match) <https://drive.google.com/file/d/14NhGIMpynoxRlqbrA48-tTTGziPFz-B_/view>; C06697699: POTUS-Yeltsin One-on-One (Strobe FOIA copy of the April 21, 1996 Moscow one-on-one pages 1-13; duplicate source copy, not counted again.) <https://foia.state.gov/DOCUMENTS/FOIA_Jun2019_2020/F-2017-13804/DOC_0C06697699/C06697699.pdf>","1996-04-21 (same day) POTUS-Yeltsin One-on-One <https://foia.state.gov/DOCUMENTS/FOIA_Jun2019_2020/F-2017-13804/DOC_0C06697699/C06697699.pdf>","","Source: William J. Clinton Presidential Library, Clinton Presidential Records, Records of the National Security Council Records Management Office (Clinton Administration), NAID 7388808, Presidential Records Series (PRS) Files, NAID 7585721, NSC Records Management, [Yeltsin and Telcons], OA/Box Number 43319, Folder Title/Record ID 9602708, Mandatory Declassification Review 2015-0782-M-1, Declassified documents concerning Russian President Boris Yeltsin.","Use the canonical extracted PDF and page range as the document candidate. Review linked Public Papers rows for editorial-note framing around the contact. Treat linked Drive/Strobe files as source-copy or duplicate controls unless the compiler chooses a different authoritative source. Review nearby support/context records only after final document selection."
"42","1996-04-21","Memcon","counted","7","Luncheon Meeting with Russian President Boris Yeltsin","https://therealjameswilson.github.io/Clinton-Russia-High-Level/public/documents/1996-04-21-memcon-moscow-luncheon.pdf","https://www.clintonlibrary.gov/sites/default/files/finding_aids_a_z/2026-01/2015-0782-M-2.pdf","7-13","261-268","261-267","2","","1996-04-21 (same day) The President's News Conference With President Boris Yeltsin of Russia in Moscow [pp. 610-616] <https://www.govinfo.gov/content/pkg/PPP-1996-book1/pdf/PPP-1996-book1-doc-pg610.pdf>; 1996-04-21 (same day) Russia-U.S. Joint Statement on the Highly Enriched Uranium Agreement: Transparency Measures [p. 617] <https://www.govinfo.gov/content/pkg/PPP-1996-book1/pdf/PPP-1996-book1-doc-pg617.pdf>","1996-04-20 (-1 days) Remarks Prior to Discussions With Prime Minister John Major of the United Kingdom in Moscow, Russia [p. 602] <https://www.govinfo.gov/content/pkg/PPP-1996-book1/pdf/PPP-1996-book1-doc-pg602.pdf>; 1996-04-20 (-1 days) The President's News Conference in Moscow [pp. 604-609] <https://www.govinfo.gov/content/pkg/PPP-1996-book1/pdf/PPP-1996-book1-doc-pg604.pdf>","1jOjVAVkV8IeRD0SJmY4krQCH_Jr1oJQl: 960421 Clinton and Yeltsin lunch meeting memconpdf.pdf (Google Drive search match) <https://drive.google.com/file/d/1jOjVAVkV8IeRD0SJmY4krQCH_Jr1oJQl/view>","1996-04-21 (same day) POTUS-Yeltsin One-on-One <https://foia.state.gov/DOCUMENTS/FOIA_Jun2019_2020/F-2017-13804/DOC_0C06697699/C06697699.pdf>","","Source: William J. Clinton Presidential Library, Clinton Presidential Records, Records of the National Security Council Records Management Office (Clinton Administration), NAID 7388808, Presidential Records Series (PRS) Files, NAID 7585721, NSC Records Management, [Yeltsin and Telcons], OA/Box Number 1100, Folder Title/Record ID 9602963, Mandatory Declassification Review 2015-0782-M-2, Declassified documents concerning Russian President Boris Yeltsin.","Use the canonical extracted PDF and page range as the document candidate. Review linked Public Papers rows for editorial-note framing around the contact. Treat linked Drive/Strobe files as source-copy or duplicate controls unless the compiler chooses a different authoritative source. Review nearby support/context records only after final document selection."
"43","1996-05-07","Telcon","counted","4","Telephone call with President Boris Yeltsin of Russia, May 7, 1996, White House","https://therealjameswilson.github.io/Clinton-Russia-High-Level/public/documents/1996-05-07-telcon-38.pdf","https://www.clintonlibrary.gov/sites/default/files/finding_aids_a_z/2026-01/2015-0782-M-2.pdf","25-28","269-273","269-272","19","8:20; 8:32-8:54 The President telephoned Boris N. Yeltsin; the call was not completed. He then talked on a conference call with President Yeltsin. pp. 10 <https://s3.amazonaws.com/NARAprodstorage/lz/presidential-libraries/clinton/foia/2013/2013-0549-F/42-t-101784486-20130549F-007-003-2018.pdf>","","","1C9TLIGhTQ1RQQ6CuX9UG0eQsksrFHvO5: 960507 Clinton and Yeltsin telconpdf.pdf (Google Drive search match) <https://drive.google.com/file/d/1C9TLIGhTQ1RQQ6CuX9UG0eQsksrFHvO5/view>","","1996-05-07 (same day) RUE guidance with current item on POTUS-Yeltsin phone call <https://s3.amazonaws.com/NARAprodstorage/lz/presidential-libraries/clinton/foia/2022/Batch0002/7585721-20060996F-012-003-2022.pdf>","Source: William J. Clinton Presidential Library, Clinton Presidential Records, Records of the National Security Council Records Management Office (Clinton Administration), NAID 7388808, Presidential Records Series (PRS) Files, NAID 7585721, NSC Records Management, [Yeltsin and Telcons], OA/Box Number 1101, Folder Title/Record ID 9603149, Mandatory Declassification Review 2015-0782-M-2, Declassified documents concerning Russian President Boris Yeltsin.","Use the canonical extracted PDF and page range as the document candidate. Use the Daily Diary reference to confirm timing and call/meeting occurrence. Treat linked Drive/Strobe files as source-copy or duplicate controls unless the compiler chooses a different authoritative source. Review nearby support/context records only after final document selection."
"44","1996-06-18","Telcon","counted","2","Telephone call with President Boris Yeltsin of Russia, June 18, 1996, White House","https://therealjameswilson.github.io/Clinton-Russia-High-Level/public/documents/1996-06-18-telcon-39.pdf","https://www.clintonlibrary.gov/sites/default/files/finding_aids_a_z/2026-01/2015-0782-M-2.pdf","39-40","274-276","274-275","33","","1996-06-18 (same day) Statement on the Russian Presidential Election [p. 928] <https://www.govinfo.gov/content/pkg/PPP-1996-book1/pdf/PPP-1996-book1-doc-pg928-2.pdf>","","1WFu5nHDo4uSM89CiS2CvB-vhCG76XUy3: 960618 Clinton and Yeltsin telconpdf.pdf (Google Drive search match) <https://drive.google.com/file/d/1WFu5nHDo4uSM89CiS2CvB-vhCG76XUy3/view>; C09000056: Transmittal Memorandum of Telephone Conversation with Russian Boris Yeltsin w/Attachment(s) (Strobe FOIA packet; actual June 18, 1996 telcon is pages 3-4, with transmittal and unrelated attachments excluded.) <https://foia.state.gov/DOCUMENTS/FOIA_L_Mar2025/FL-2017-13804/DOC_0C09000056/C09000056.pdf>; C09000028: Memorandum of Conversation between President Clinton and President Yeltsin on 6/18/96 (Strobe FOIA cable copy of the June 18, 1996 call; duplicate source copy, not counted again.) <https://foia.state.gov/DOCUMENTS/FOIA_L_Oct2024/FL-2017-13804/DOC_0C09000028/C09000028.pdf>","1996-06-18 (same day) Transmittal Memorandum of Telephone Conversation with Russian Boris Yeltsin w/Attachment(s) <https://foia.state.gov/DOCUMENTS/FOIA_L_Mar2025/FL-2017-13804/DOC_0C09000056/C09000056.pdf>; 1996-06-19 (+1 days) G-7 working Dinner w/Attached Fax Cover Sheet <https://foia.state.gov/DOCUMENTS/FOIA_L_Oct2024/FL-2017-13804/DOC_0C09000029/C09000029.pdf>; 1996-06-20 (+2 days) Memorandum of Conversation between President Clinton and President Yeltsin on 6/18/96 <https://foia.state.gov/DOCUMENTS/FOIA_L_Oct2024/FL-2017-13804/DOC_0C09000028/C09000028.pdf>","","Source: William J. Clinton Presidential Library, Clinton Presidential Records, Records of the National Security Council Records Management Office (Clinton Administration), NAID 7388808, Presidential Records Series (PRS) Files, NAID 7585721, Document ID 9604219, Original OA/ID 1108, Mandatory Declassification Review 2015-0782-M-2, Declassified documents concerning Russian President Boris Yeltsin.","Use the canonical extracted PDF and page range as the document candidate. Review linked Public Papers rows for editorial-note framing around the contact. Treat linked Drive/Strobe files as source-copy or duplicate controls unless the compiler chooses a different authoritative source. Review nearby support/context records only after final document selection."
"45","1996-07-05","Telcon","counted","3","Telephone call with President Boris Yeltsin of Russia, July 5, 1996, White House","https://therealjameswilson.github.io/Clinton-Russia-High-Level/public/documents/1996-07-05-telcon-40.pdf","https://www.clintonlibrary.gov/sites/default/files/finding_aids_a_z/2026-01/2015-0782-M-2.pdf","49-51","277-280","277-279","44","8:40; 9:05-9:27 The President was telephoned by Boris N. Yeltsin; the call was not completed. He then talked on a conference call with President Yeltsin. pp. 6 <https://s3.amazonaws.com/NARAprodstorage/lz/presidential-libraries/clinton/foia/2013/2013-0549-F/42-t-101784486-20130549F-007-005-2018.pdf>","","","17IU8SnZtm4swpzXILw5JnpUXQ3PEx1ql: 960705 Clinton and Yeltsin telconpdf.pdf (Google Drive search match) <https://drive.google.com/file/d/17IU8SnZtm4swpzXILw5JnpUXQ3PEx1ql/view>","1996-07-05 (same day) TRANSMITTAL OF MEMORANDUM OF CONVERSATION WITH RUSSIAN PRIME MINISTER CHERNOMYRDIN <https://foia.state.gov/DOCUMENTS/FOIA_Jun2019_2020/F-2017-13804/DOC_0C06697692/C06697692.pdf>","","Source: William J. Clinton Presidential Library, Clinton Presidential Records, Records of the National Security Council Records Management Office (Clinton Administration), NAID 7388808, Presidential Records Series (PRS) Files, NAID 7585721, NSC Records Management, [Yeltsin and Telcons], Folder Title/Record ID 9604660, Mandatory Declassification Review 2015-0782-M-2, Declassified documents concerning Russian President Boris Yeltsin.","Use the canonical extracted PDF and page range as the document candidate. Use the Daily Diary reference to confirm timing and call/meeting occurrence. Treat linked Drive/Strobe files as source-copy or duplicate controls unless the compiler chooses a different authoritative source. Review nearby support/context records only after final document selection."
"46","1996-09-15","Telcon","counted","2","Telephone call with President Boris Yeltsin of Russia, September 15, 1996, White House","https://therealjameswilson.github.io/Clinton-Russia-High-Level/public/documents/1996-09-15-telcon-41.pdf","https://www.clintonlibrary.gov/sites/default/files/finding_aids_a_z/2026-01/2015-0782-M-2.pdf","64-65","281-283","281-282","58","","","","","","","Source: William J. Clinton Presidential Library, Clinton Presidential Records, Records of the National Security Council Records Management Office (Clinton Administration), NAID 7388808, Presidential Records Series (PRS) Files, NAID 7585721, NSC Records Management, [Yeltsin and Telcons], Folder Title/Record ID 9606243, Mandatory Declassification Review 2015-0782-M-2, Declassified documents concerning Russian President Boris Yeltsin.","Use the canonical extracted PDF and page range as the document candidate."
"47","1996-12-05","Telcon","counted","3","Telephone call with President Boris Yeltsin of Russia, December 5, 1996, White House","https://therealjameswilson.github.io/Clinton-Russia-High-Level/public/documents/1996-12-05-telcon-42.pdf","https://www.clintonlibrary.gov/sites/default/files/finding_aids_a_z/2026-01/2015-0782-M-2.pdf","77-79","284-287","284-286","70","","","","C06699017: Conversation with President Boris Yeltsin of Russia (Strobe FOIA copy of the December 5, 1996 telcon pages 1-3; duplicate source copy, not counted again.) <https://foia.state.gov/DOCUMENTS/FOIA_Aug2019_2020/F-2017-13804/DOC_0C06699017/C06699017.pdf>","1996-12-05 (same day) Conversation with President Boris Yeltsin of Russia <https://foia.state.gov/DOCUMENTS/FOIA_Aug2019_2020/F-2017-13804/DOC_0C06699017/C06699017.pdf>","","Source: William J. Clinton Presidential Library, Clinton Presidential Records, Records of the National Security Council Records Management Office (Clinton Administration), NAID 7388808, Presidential Records Series (PRS) Files, NAID 7585721, NSC Records Management, [Yeltsin and Telcons], Folder Title/Record ID 9607896, Mandatory Declassification Review 2015-0782-M-2, Declassified documents concerning Russian President Boris Yeltsin.","Use the canonical extracted PDF and page range as the document candidate. Treat linked Drive/Strobe files as source-copy or duplicate controls unless the compiler chooses a different authoritative source. Review nearby support/context records only after final document selection."
"48","1997-02-27","Telcon","counted","3","Telephone call with President Boris Yeltsin of Russia, February 27, 1997, White House","https://therealjameswilson.github.io/Clinton-Russia-High-Level/public/documents/1997-02-27-telcon-43.pdf","https://www.clintonlibrary.gov/sites/default/files/finding_aids_a_z/2026-01/2015-0782-M-2.pdf","87-89","288-291","288-290","82","","","","1HVoBqp-n_57yMZlA7nWh-mMXEdBUum5Q: 970227 Clinton and Yeltsin telconpdf.pdf (Google Drive search match) <https://drive.google.com/file/d/1HVoBqp-n_57yMZlA7nWh-mMXEdBUum5Q/view>","","","Source: William J. Clinton Presidential Library, Clinton Presidential Records, Records of the National Security Council Records Management Office (Clinton Administration), NAID 7388808, Presidential Records Series (PRS) Files, NAID 7585721, NSC Records Management, [Yeltsin and Telcons], OA/Box Number 1604, Folder Title/Record ID 9701361, Mandatory Declassification Review 2015-0782-M-2, Declassified documents concerning Russian President Boris Yeltsin.","Use the canonical extracted PDF and page range as the document candidate. Treat linked Drive/Strobe files as source-copy or duplicate controls unless the compiler chooses a different authoritative source."
"49","1997-03-21","Memcon","counted","11","Helsinki Morning Meeting with President Boris Yeltsin","https://therealjameswilson.github.io/Clinton-Russia-High-Level/public/documents/1997-03-21-memcon-helsinki-morning.pdf","https://www.clintonlibrary.gov/sites/default/files/finding_aids_a_z/2026-01/2015-0782-M-2.pdf","105-115","292-303","292-302","97","","1997-03-21 (same day) The President's News Conference With President Boris Yeltsin of Russia in Helsinki [pp. 331-340] <https://www.govinfo.gov/content/pkg/PPP-1997-book1/pdf/PPP-1997-book1-doc-pg331-2.pdf>; 1997-03-21 (same day) Exchange With Reporters on Greeting President Boris Yeltsin of Russia and President Martti Ahtisaari of Finland in Helsinki [pp. 330-331] <https://www.govinfo.gov/content/pkg/PPP-1997-book1/pdf/PPP-1997-book1-doc-pg330-2.pdf>; 1997-03-21 (same day) Exchange With Reporters Prior to Discussions With President Boris Yeltsin of Russia in Helsinki [p. 331] <https://www.govinfo.gov/content/pkg/PPP-1997-book1/pdf/PPP-1997-book1-doc-pg331.pdf>; 1997-03-21 (same day) Russia-United States Joint Statement Concerning the Anti-Ballistic Missile Treaty [pp. 341-342] <https://www.govinfo.gov/content/pkg/PPP-1997-book1/pdf/PPP-1997-book1-doc-pg341.pdf>; 1997-03-21 (same day) Russia-United States Joint Statement on Chemical Weapons [pp. 342-343] <https://www.govinfo.gov/content/pkg/PPP-1997-book1/pdf/PPP-1997-book1-doc-pg342.pdf>; 1997-03-21 (same day) Russia-United States Joint Statement on European Security [pp. 343-344] <https://www.govinfo.gov/content/pkg/PPP-1997-book1/pdf/PPP-1997-book1-doc-pg343.pdf>; 1997-03-21 (same day) Russia-United States Joint Statement on Parameters on Future Reduction in Nuclear Forces [pp. 340-341] <https://www.govinfo.gov/content/pkg/PPP-1997-book1/pdf/PPP-1997-book1-doc-pg340.pdf>; 1997-03-21 (same day) Joint Statement on United States-Russia Economic Initiative [pp. 344-346] <https://www.govinfo.gov/content/pkg/PPP-1997-book1/pdf/PPP-1997-book1-doc-pg344.pdf>","","1sBvI46_5rIq0yKZ1b7nf67To2f5foPmf: 970321 950am to 1155am Clinton and Yeltsin in Helsinki memconpdf.pdf (Google Drive search match) <https://drive.google.com/file/d/1sBvI46_5rIq0yKZ1b7nf67To2f5foPmf/view>","1997-03-20 (-1 days) CLINTON, YELTSIN PREPARE FOR SUMMIT TALKS <https://foia.state.gov/DOCUMENTS/FOIA_L_Oct2024/FL-2017-13804/DOC_0C09000062/C09000062.pdf>","1997-03-17 (-4 days) President Ulmanis letter on the upcoming Helsinki summit with Yeltsin <https://s3.us-east-1.amazonaws.com/NARAprodstorage/lz/presidential-libraries/clinton/7585709/42-t-7585709-20111037F-012-012-2015.pdf>","Source: William J. Clinton Presidential Library, Clinton Presidential Records, Records of the National Security Council Records Management Office (Clinton Administration), NAID 7388808, Presidential Records Series (PRS) Files, NAID 7585721, NSC Records Management, [Yeltsin and Telcons], OA/Box Number 1609, Folder Title/Record ID 9702044, Mandatory Declassification Review 2015-0782-M-2, Declassified documents concerning Russian President Boris Yeltsin.","Use the canonical extracted PDF and page range as the document candidate. Review linked Public Papers rows for editorial-note framing around the contact. Treat linked Drive/Strobe files as source-copy or duplicate controls unless the compiler chooses a different authoritative source. Review nearby support/context records only after final document selection."
"50","1997-03-21","Memcon","counted","8","Helsinki Working Lunch with President Boris Yeltsin","https://therealjameswilson.github.io/Clinton-Russia-High-Level/public/documents/1997-03-21-memcon-helsinki-working-lunch.pdf","https://www.clintonlibrary.gov/sites/default/files/finding_aids_a_z/2026-01/2015-0782-M-2.pdf","116-123","304-312","304-311","97","","1997-03-21 (same day) The President's News Conference With President Boris Yeltsin of Russia in Helsinki [pp. 331-340] <https://www.govinfo.gov/content/pkg/PPP-1997-book1/pdf/PPP-1997-book1-doc-pg331-2.pdf>; 1997-03-21 (same day) Exchange With Reporters on Greeting President Boris Yeltsin of Russia and President Martti Ahtisaari of Finland in Helsinki [pp. 330-331] <https://www.govinfo.gov/content/pkg/PPP-1997-book1/pdf/PPP-1997-book1-doc-pg330-2.pdf>; 1997-03-21 (same day) Exchange With Reporters Prior to Discussions With President Boris Yeltsin of Russia in Helsinki [p. 331] <https://www.govinfo.gov/content/pkg/PPP-1997-book1/pdf/PPP-1997-book1-doc-pg331.pdf>; 1997-03-21 (same day) Russia-United States Joint Statement on European Security [pp. 343-344] <https://www.govinfo.gov/content/pkg/PPP-1997-book1/pdf/PPP-1997-book1-doc-pg343.pdf>; 1997-03-21 (same day) Joint Statement on United States-Russia Economic Initiative [pp. 344-346] <https://www.govinfo.gov/content/pkg/PPP-1997-book1/pdf/PPP-1997-book1-doc-pg344.pdf>; 1997-03-21 (same day) Russia-United States Joint Statement Concerning the Anti-Ballistic Missile Treaty [pp. 341-342] <https://www.govinfo.gov/content/pkg/PPP-1997-book1/pdf/PPP-1997-book1-doc-pg341.pdf>; 1997-03-21 (same day) Russia-United States Joint Statement on Chemical Weapons [pp. 342-343] <https://www.govinfo.gov/content/pkg/PPP-1997-book1/pdf/PPP-1997-book1-doc-pg342.pdf>; 1997-03-21 (same day) Russia-United States Joint Statement on Parameters on Future Reduction in Nuclear Forces [pp. 340-341] <https://www.govinfo.gov/content/pkg/PPP-1997-book1/pdf/PPP-1997-book1-doc-pg340.pdf>","","1FvtlBsBnOZu4uFuqxfjLe9Fdj9iaT8dY: 970321 Working Lunch Clinton and Yeltsin in Helsinki memconpdf.pdf (Google Drive search match) <https://drive.google.com/file/d/1FvtlBsBnOZu4uFuqxfjLe9Fdj9iaT8dY/view>","1997-03-20 (-1 days) CLINTON, YELTSIN PREPARE FOR SUMMIT TALKS <https://foia.state.gov/DOCUMENTS/FOIA_L_Oct2024/FL-2017-13804/DOC_0C09000062/C09000062.pdf>","1997-03-17 (-4 days) President Ulmanis letter on the upcoming Helsinki summit with Yeltsin <https://s3.us-east-1.amazonaws.com/NARAprodstorage/lz/presidential-libraries/clinton/7585709/42-t-7585709-20111037F-012-012-2015.pdf>","Source: William J. Clinton Presidential Library, Clinton Presidential Records, Records of the National Security Council Records Management Office (Clinton Administration), NAID 7388808, Presidential Records Series (PRS) Files, NAID 7585721, NSC Records Management, [Yeltsin and Telcons], OA/Box Number 1609, Folder Title/Record ID 9702044, Mandatory Declassification Review 2015-0782-M-2, Declassified documents concerning Russian President Boris Yeltsin.","Use the canonical extracted PDF and page range as the document candidate. Review linked Public Papers rows for editorial-note framing around the contact. Treat linked Drive/Strobe files as source-copy or duplicate controls unless the compiler chooses a different authoritative source. Review nearby support/context records only after final document selection."
"51","1997-03-21","Memcon","counted","4","Helsinki Afternoon Meeting with President Boris Yeltsin","https://therealjameswilson.github.io/Clinton-Russia-High-Level/public/documents/1997-03-21-memcon-helsinki-afternoon.pdf","https://www.clintonlibrary.gov/sites/default/files/finding_aids_a_z/2026-01/2015-0782-M-2.pdf","124-127","313-317","313-316","97","","1997-03-21 (same day) The President's News Conference With President Boris Yeltsin of Russia in Helsinki [pp. 331-340] <https://www.govinfo.gov/content/pkg/PPP-1997-book1/pdf/PPP-1997-book1-doc-pg331-2.pdf>; 1997-03-21 (same day) Exchange With Reporters on Greeting President Boris Yeltsin of Russia and President Martti Ahtisaari of Finland in Helsinki [pp. 330-331] <https://www.govinfo.gov/content/pkg/PPP-1997-book1/pdf/PPP-1997-book1-doc-pg330-2.pdf>; 1997-03-21 (same day) Exchange With Reporters Prior to Discussions With President Boris Yeltsin of Russia in Helsinki [p. 331] <https://www.govinfo.gov/content/pkg/PPP-1997-book1/pdf/PPP-1997-book1-doc-pg331.pdf>; 1997-03-21 (same day) Russia-United States Joint Statement on European Security [pp. 343-344] <https://www.govinfo.gov/content/pkg/PPP-1997-book1/pdf/PPP-1997-book1-doc-pg343.pdf>; 1997-03-21 (same day) Joint Statement on United States-Russia Economic Initiative [pp. 344-346] <https://www.govinfo.gov/content/pkg/PPP-1997-book1/pdf/PPP-1997-book1-doc-pg344.pdf>; 1997-03-21 (same day) Russia-United States Joint Statement Concerning the Anti-Ballistic Missile Treaty [pp. 341-342] <https://www.govinfo.gov/content/pkg/PPP-1997-book1/pdf/PPP-1997-book1-doc-pg341.pdf>; 1997-03-21 (same day) Russia-United States Joint Statement on Chemical Weapons [pp. 342-343] <https://www.govinfo.gov/content/pkg/PPP-1997-book1/pdf/PPP-1997-book1-doc-pg342.pdf>; 1997-03-21 (same day) Russia-United States Joint Statement on Parameters on Future Reduction in Nuclear Forces [pp. 340-341] <https://www.govinfo.gov/content/pkg/PPP-1997-book1/pdf/PPP-1997-book1-doc-pg340.pdf>","","1zmToE2EEbOlex2gl6Nv1ULdECLF8PDWM: 970321 Afternoon Meeting Clinton and Yeltsin in Helsinki memconpdf.pdf (Google Drive search match) <https://drive.google.com/file/d/1zmToE2EEbOlex2gl6Nv1ULdECLF8PDWM/view>","1997-03-20 (-1 days) CLINTON, YELTSIN PREPARE FOR SUMMIT TALKS <https://foia.state.gov/DOCUMENTS/FOIA_L_Oct2024/FL-2017-13804/DOC_0C09000062/C09000062.pdf>","1997-03-17 (-4 days) President Ulmanis letter on the upcoming Helsinki summit with Yeltsin <https://s3.us-east-1.amazonaws.com/NARAprodstorage/lz/presidential-libraries/clinton/7585709/42-t-7585709-20111037F-012-012-2015.pdf>","Source: William J. Clinton Presidential Library, Clinton Presidential Records, Records of the National Security Council Records Management Office (Clinton Administration), NAID 7388808, Presidential Records Series (PRS) Files, NAID 7585721, NSC Records Management, [Yeltsin and Telcons], OA/Box Number 1609, Folder Title/Record ID 9702044, Mandatory Declassification Review 2015-0782-M-2, Declassified documents concerning Russian President Boris Yeltsin.","Use the canonical extracted PDF and page range as the document candidate. Review linked Public Papers rows for editorial-note framing around the contact. Treat linked Drive/Strobe files as source-copy or duplicate controls unless the compiler chooses a different authoritative source. Review nearby support/context records only after final document selection."
"52","1997-03-21","Memcon","counted","6","Helsinki Private Dinner with President Boris Yeltsin","https://therealjameswilson.github.io/Clinton-Russia-High-Level/public/documents/1997-03-21-memcon-helsinki-private-dinner.pdf","https://www.clintonlibrary.gov/sites/default/files/finding_aids_a_z/2026-01/2015-0782-M-2.pdf","128-133","318-324","318-323","97","","1997-03-21 (same day) The President's News Conference With President Boris Yeltsin of Russia in Helsinki [pp. 331-340] <https://www.govinfo.gov/content/pkg/PPP-1997-book1/pdf/PPP-1997-book1-doc-pg331-2.pdf>; 1997-03-21 (same day) Exchange With Reporters on Greeting President Boris Yeltsin of Russia and President Martti Ahtisaari of Finland in Helsinki [pp. 330-331] <https://www.govinfo.gov/content/pkg/PPP-1997-book1/pdf/PPP-1997-book1-doc-pg330-2.pdf>; 1997-03-21 (same day) Exchange With Reporters Prior to Discussions With President Boris Yeltsin of Russia in Helsinki [p. 331] <https://www.govinfo.gov/content/pkg/PPP-1997-book1/pdf/PPP-1997-book1-doc-pg331.pdf>; 1997-03-21 (same day) Russia-United States Joint Statement on European Security [pp. 343-344] <https://www.govinfo.gov/content/pkg/PPP-1997-book1/pdf/PPP-1997-book1-doc-pg343.pdf>; 1997-03-21 (same day) Joint Statement on United States-Russia Economic Initiative [pp. 344-346] <https://www.govinfo.gov/content/pkg/PPP-1997-book1/pdf/PPP-1997-book1-doc-pg344.pdf>; 1997-03-21 (same day) Russia-United States Joint Statement Concerning the Anti-Ballistic Missile Treaty [pp. 341-342] <https://www.govinfo.gov/content/pkg/PPP-1997-book1/pdf/PPP-1997-book1-doc-pg341.pdf>; 1997-03-21 (same day) Russia-United States Joint Statement on Chemical Weapons [pp. 342-343] <https://www.govinfo.gov/content/pkg/PPP-1997-book1/pdf/PPP-1997-book1-doc-pg342.pdf>; 1997-03-21 (same day) Russia-United States Joint Statement on Parameters on Future Reduction in Nuclear Forces [pp. 340-341] <https://www.govinfo.gov/content/pkg/PPP-1997-book1/pdf/PPP-1997-book1-doc-pg340.pdf>","","1KLOMwJsMKTaMp-3fsDHGk24zWvqLh6ou: 970321 815pm to 930pm Clinton and Yeltsin in Helsinki memconpdf.pdf (Google Drive search match) <https://drive.google.com/file/d/1KLOMwJsMKTaMp-3fsDHGk24zWvqLh6ou/view>","1997-03-20 (-1 days) CLINTON, YELTSIN PREPARE FOR SUMMIT TALKS <https://foia.state.gov/DOCUMENTS/FOIA_L_Oct2024/FL-2017-13804/DOC_0C09000062/C09000062.pdf>","1997-03-17 (-4 days) President Ulmanis letter on the upcoming Helsinki summit with Yeltsin <https://s3.us-east-1.amazonaws.com/NARAprodstorage/lz/presidential-libraries/clinton/7585709/42-t-7585709-20111037F-012-012-2015.pdf>","Source: William J. Clinton Presidential Library, Clinton Presidential Records, Records of the National Security Council Records Management Office (Clinton Administration), NAID 7388808, Presidential Records Series (PRS) Files, NAID 7585721, NSC Records Management, [Yeltsin and Telcons], OA/Box Number 1609, Folder Title/Record ID 9702044, Mandatory Declassification Review 2015-0782-M-2, Declassified documents concerning Russian President Boris Yeltsin.","Use the canonical extracted PDF and page range as the document candidate. Review linked Public Papers rows for editorial-note framing around the contact. Treat linked Drive/Strobe files as source-copy or duplicate controls unless the compiler chooses a different authoritative source. Review nearby support/context records only after final document selection."
"53","1997-05-27","Memcon","counted","8","Meeting with President Boris Yeltsin of Russia, May 27, 1997, Paris, France","https://therealjameswilson.github.io/Clinton-Russia-High-Level/public/documents/1997-05-27-memcon-45.pdf","https://www.clintonlibrary.gov/sites/default/files/finding_aids_a_z/2026-01/2015-0782-M-2.pdf","143-150","325-333","325-332","137","","1997-05-27 (same day) Remarks at the Signing Ceremony for the NATO-Russia Founding Act in Paris, France [pp. 657-658] <https://www.govinfo.gov/content/pkg/PPP-1997-book1/pdf/PPP-1997-book1-doc-pg657.pdf>","","1VNFoDJYteyNDoWqrRuAWT8iLIAiHpFzh: 970527 Clinton and Yeltsin in Paris memconpdf.pdf (Google Drive search match) <https://drive.google.com/file/d/1VNFoDJYteyNDoWqrRuAWT8iLIAiHpFzh/view>","","","Source: William J. Clinton Presidential Library, Clinton Presidential Records, Records of the National Security Council Records Management Office (Clinton Administration), NAID 7388808, Presidential Records Series (PRS) Files, NAID 7585721, NSC Records Management, [Yeltsin and Telcons], OA/Box Number 1623, Folder Title/Record ID 9703720, Mandatory Declassification Review 2015-0782-M-2, Declassified documents concerning Russian President Boris Yeltsin.","Use the canonical extracted PDF and page range as the document candidate. Review linked Public Papers rows for editorial-note framing around the contact. Treat linked Drive/Strobe files as source-copy or duplicate controls unless the compiler chooses a different authoritative source."
"54","1997-06-20","Memcon","counted","8","Meeting with President Boris Yeltsin of Russia, June 20, 1997, Denver, Colorado","https://therealjameswilson.github.io/Clinton-Russia-High-Level/public/documents/1997-06-20-memcon-46.pdf","https://www.clintonlibrary.gov/sites/default/files/finding_aids_a_z/2026-01/2015-0782-M-2.pdf","165-172","334-342","334-341","158","","1997-06-20 (same day) Exchange With Reporters Prior to Discussions With President Boris Yeltsin of Russia in Denver [pp. 770-772] <https://www.govinfo.gov/content/pkg/PPP-1997-book1/pdf/PPP-1997-book1-doc-pg770-2.pdf>; 1997-06-20 (same day) Remarks Prior to Discussions With President Jacques Chirac of France and an Exchange With Reporters in Denver [pp. 772-773] <https://www.govinfo.gov/content/pkg/PPP-1997-book1/pdf/PPP-1997-book1-doc-pg772.pdf>; 1997-06-20 (same day) Joint Statement by France, Russia, and the United States on the Nagorno- Karabakh Conflict [p. 776] <https://www.govinfo.gov/content/pkg/PPP-1997-book1/pdf/PPP-1997-book1-doc-pg776.pdf>; 1997-06-20 (same day) Letter to Congressional Leaders on the Deployment of United States Military Forces for Stabilization of the Balkan Peace Process [pp. 776-777] <https://www.govinfo.gov/content/pkg/PPP-1997-book1/pdf/PPP-1997-book1-doc-pg776-2.pdf>","1997-06-22 (+2 days) The President's News Conference in Denver [pp. 782-793] <https://www.govinfo.gov/content/pkg/PPP-1997-book1/pdf/PPP-1997-book1-doc-pg782.pdf>","1068D97hQCXClJSz5sIQkmPDuuW_yCf5K: 970620 Clinton and Yeltsin in Denver memconpdf.pdf (Google Drive search match) <https://drive.google.com/file/d/1068D97hQCXClJSz5sIQkmPDuuW_yCf5K/view>","","","Source: William J. Clinton Presidential Library, Clinton Presidential Records, Records of the National Security Council Records Management Office (Clinton Administration), NAID 7388808, Presidential Records Series (PRS) Files, NAID 7585721, NSC Records Management, [Yeltsin and Telcons], OA/Box Number 1629, Folder Title/Record ID 9704607, Mandatory Declassification Review 2015-0782-M-2, Declassified documents concerning Russian President Boris Yeltsin.","Use the canonical extracted PDF and page range as the document candidate. Review linked Public Papers rows for editorial-note framing around the contact. Treat linked Drive/Strobe files as source-copy or duplicate controls unless the compiler chooses a different authoritative source."
"55","1997-10-30","Telcon","counted","6","Telephone call with President Boris Yeltsin of Russia, October 30, 1997, White House","https://therealjameswilson.github.io/Clinton-Russia-High-Level/public/documents/1997-10-30-telcon-47.pdf","https://www.clintonlibrary.gov/sites/default/files/finding_aids_a_z/2026-01/2015-0782-M-2.pdf","183-188","343-349","343-348","177","12:33; 12:52-1:21 The President telephoned Boris N. Yeltsin; the call was not completed. He then talked on a conference call with President Yeltsin. pp. 64 <https://s3.amazonaws.com/NARAprodstorage/lz/presidential-libraries/clinton/foia/2013/2013-0549-F/42-t-101784486-20130549F-008-003-2018.pdf>","","","1fT5AgUtzJunIagUVKSoKio6YudL2rLEx: 971030 Clinton and Yeltsin telconpdf.pdf (Google Drive search match) <https://drive.google.com/file/d/1fT5AgUtzJunIagUVKSoKio6YudL2rLEx/view>; C09000014: Memorandum of Telephone Conversation (Strobe FOIA copy of the October 30, 1997 telcon; duplicate source copy, not counted again.) <https://foia.state.gov/DOCUMENTS/FOIA_L_Apr2024/FL-2017-13804/DOC_0C09000014/C09000014.pdf>","1997-10-30 (same day) Memorandum of Telephone Conversation <https://foia.state.gov/DOCUMENTS/FOIA_L_Apr2024/FL-2017-13804/DOC_0C09000014/C09000014.pdf>","","Source: William J. Clinton Presidential Library, Clinton Presidential Records, Records of the National Security Council Records Management Office (Clinton Administration), NAID 7388808, Presidential Records Series (PRS) Files, NAID 7585721, OA/Box Number 1651, Folder Title/Record ID 9707450, Mandatory Declassification Review 2015-0782-M-2, Declassified documents concerning Russian President Boris Yeltsin.","Use the canonical extracted PDF and page range as the document candidate. Use the Daily Diary reference to confirm timing and call/meeting occurrence. Treat linked Drive/Strobe files as source-copy or duplicate controls unless the compiler chooses a different authoritative source. Review nearby support/context records only after final document selection."
"56","1997-11-16","Telcon","counted","3","Telephone call with President Boris Yeltsin of Russia, November 16, 1997, Malibu, California","https://therealjameswilson.github.io/Clinton-Russia-High-Level/public/documents/1997-11-16-telcon-48.pdf","https://www.clintonlibrary.gov/sites/default/files/finding_aids_a_z/2026-01/2015-0782-M-2.pdf","206-208","350-353","350-352","200","","","","1c64v-q0n_DF-5kg16qrNjXxT6o4O7iEZ: 971116 Clinton and Yeltsin telconpdf.pdf (Google Drive search match) <https://drive.google.com/file/d/1c64v-q0n_DF-5kg16qrNjXxT6o4O7iEZ/view>","","","Source: William J. Clinton Presidential Library, Clinton Presidential Records, Records of the National Security Council Records Management Office (Clinton Administration), NAID 7388808, Presidential Records Series (PRS) Files, NAID 7585721, NSC Records Management, [Yeltsin and Telcons], OA/Box Number 1654, Folder Title/Record ID 9707804, Mandatory Declassification Review 2015-0782-M-2, Declassified documents concerning Russian President Boris Yeltsin.","Use the canonical extracted PDF and page range as the document candidate. Treat linked Drive/Strobe files as source-copy or duplicate controls unless the compiler chooses a different authoritative source."
"57","1997-11-22","Telcon","counted","6","Telephone call with President Boris Yeltsin of Russia, November 22, 1997, White House","https://therealjameswilson.github.io/Clinton-Russia-High-Level/public/documents/1997-11-22-telcon-49.pdf","https://www.clintonlibrary.gov/sites/default/files/finding_aids_a_z/2026-01/2015-0782-M-2.pdf","218-223","354-360","354-359","213","8:40; 9:00-9:43 The President telephoned Boris N. Yeltsin; the call was not completed. He then talked on a conference call with President Yeltsin. pp. 48 <https://s3.amazonaws.com/NARAprodstorage/lz/presidential-libraries/clinton/foia/2013/2013-0549-F/42-t-101784486-20130549F-008-004-2018.pdf>","","","1PgRJZpQqXva-Kp6ogOhraQElJZl0GXdk: 971122 Clinton and Yeltsin telconpdf.pdf (Google Drive search match) <https://drive.google.com/file/d/1PgRJZpQqXva-Kp6ogOhraQElJZl0GXdk/view>","","","Source: William J. Clinton Presidential Library, Clinton Presidential Records, Records of the National Security Council Records Management Office (Clinton Administration), NAID 7388808, Presidential Records Series (PRS) Files, NAID 7585721, NSC Records Management, [Yeltsin and Telcons], OA/Box Number 1655, Folder Title/Record ID 9707985, Mandatory Declassification Review 2015-0782-M-2, Declassified documents concerning Russian President Boris Yeltsin.","Use the canonical extracted PDF and page range as the document candidate. Use the Daily Diary reference to confirm timing and call/meeting occurrence. Treat linked Drive/Strobe files as source-copy or duplicate controls unless the compiler chooses a different authoritative source."
"58","1998-02-02","Telcon","counted","4","Telephone call with President Boris Yeltsin of Russia, February 2, 1998, White House","https://therealjameswilson.github.io/Clinton-Russia-High-Level/public/documents/1998-02-02-telcon-50.pdf","https://www.clintonlibrary.gov/sites/default/files/finding_aids_a_z/2026-01/2015-0782-M-2.pdf","236-239","361-365","361-364","229","9:07; 9:31-9:51 The President telephoned Boris N. Yeltsin; the call was not completed. He then talked on a conference call; appendix lists President Yeltsin as a participant. pp. 6-7, 16 <https://s3.amazonaws.com/NARAprodstorage/lz/presidential-libraries/clinton/foia/2013/2013-0549-F/42-t-101784486-20130549F-008-008-2018.pdf>","","","1mGa3d3xnEIbCrsJNqsQPjAWifdli0Xar: 980202 Clinton and Yeltsin telconpdf.pdf (Google Drive search match) <https://drive.google.com/file/d/1mGa3d3xnEIbCrsJNqsQPjAWifdli0Xar/view>","","","Source: William J. Clinton Presidential Library, Clinton Presidential Records, Records of the National Security Council Records Management Office (Clinton Administration), NAID 7388808, Presidential Records Series (PRS) Files, NAID 7585721, Document ID 9800756, Original OA/ID 2014, Mandatory Declassification Review 2015-0782-M-2, Declassified documents concerning Russian President Boris Yeltsin.","Use the canonical extracted PDF and page range as the document candidate. Use the Daily Diary reference to confirm timing and call/meeting occurrence. Treat linked Drive/Strobe files as source-copy or duplicate controls unless the compiler chooses a different authoritative source."
"59","1998-02-23","Telcon","counted","4","Telephone call with President Boris Yeltsin of Russia, February 23, 1998, White House","https://therealjameswilson.github.io/Clinton-Russia-High-Level/public/documents/1998-02-23-telcon-51.pdf","https://www.clintonlibrary.gov/sites/default/files/finding_aids_a_z/2026-01/2015-0782-M-2.pdf","253-256","366-370","366-369","247","","","","1j7AvpVjmjdRTEhJ4Al4KvPD0ZMiqDVwj: 980223 Clinton and Yeltsin telconpdf.pdf (Google Drive search match) <https://drive.google.com/file/d/1j7AvpVjmjdRTEhJ4Al4KvPD0ZMiqDVwj/view>","","1998-02-24 (+1 days) Recommended calls to senators after Clinton spoke with Blair, Yeltsin, and Chirac on Iraq <https://s3.amazonaws.com/NARAprodstorage/opastorage/live/11/4847/40484711/content/presidential-libraries/clinton/foia/2006/2006-1363-F-Seg-1/2006-1363-F-Seg-1-PDF/Box_11/42-t-26457815-20061363F-Seg1-011-001-2016.pdf>","Source: William J. Clinton Presidential Library, Clinton Presidential Records, Records of the National Security Council Records Management Office (Clinton Administration), NAID 7388808, Presidential Records Series (PRS) Files, NAID 7585721, NSC Records Management, [Yeltsin and Telcons], OA/Box Number 2018, Folder Title/Record ID 9801337, Mandatory Declassification Review 2015-0782-M-2, Declassified documents concerning Russian President Boris Yeltsin.","Use the canonical extracted PDF and page range as the document candidate. Treat linked Drive/Strobe files as source-copy or duplicate controls unless the compiler chooses a different authoritative source. Review nearby support/context records only after final document selection."
"60","1998-04-06","Telcon","counted","5","Telephone call with President Boris Yeltsin of Russia, April 6, 1998, White House","https://therealjameswilson.github.io/Clinton-Russia-High-Level/public/documents/1998-04-06-telcon-52.pdf","https://www.clintonlibrary.gov/sites/default/files/finding_aids_a_z/2026-01/2015-0782-M-2.pdf","274-278","371-376","371-375","260","","","","1BCpDN6EIDJyq188YS46cjJgYs2kyzNui: 980406 Clinton and Yeltsin telconpdf.pdf (Google Drive search match) <https://drive.google.com/file/d/1BCpDN6EIDJyq188YS46cjJgYs2kyzNui/view>; C09000007: POTUS-Yeltsin Memcon w/Attachment(s) (Strobe FOIA packet includes an attached copy of the April 6, 1998 telcon after the May 17 memcon; duplicate source copy, not counted again.) <https://foia.state.gov/DOCUMENTS/FOIA_L_Mar2023/FL-2017-13804/DOC_0C09000007/C09000007.pdf>","","","Source: William J. Clinton Presidential Library, Clinton Presidential Records, Records of the National Security Council Records Management Office (Clinton Administration), NAID 7388808, Presidential Records Series (PRS) Files, NAID 7585721, NSC Records Management, [Yeltsin and Telcons], OA/Box Number 2027, Folder Title/Record ID 9802448, Mandatory Declassification Review 2015-0782-M-2, Declassified documents concerning Russian President Boris Yeltsin.","Use the canonical extracted PDF and page range as the document candidate. Treat linked Drive/Strobe files as source-copy or duplicate controls unless the compiler chooses a different authoritative source."
"61","1998-05-12","Telcon","counted","5","Telephone call with President Boris Yeltsin of Russia, May 12, 1998, White House","https://therealjameswilson.github.io/Clinton-Russia-High-Level/public/documents/1998-05-12-telcon-53.pdf","https://www.clintonlibrary.gov/sites/default/files/finding_aids_a_z/2026-01/2015-0782-M-2.pdf","286-290","377-382","377-381","280","10:45; 11:01-11:27 The President telephoned Boris N. Yeltsin; the call was not completed. He then talked on a conference call with President Yeltsin. pp. 71-72 <https://s3.amazonaws.com/NARAprodstorage/lz/presidential-libraries/clinton/foia/2013/2013-0549-F/42-t-101784486-20130549F-009-003-2018.pdf>","","","1j3wB3sjgDr43yH8nbu9W4eX35XNb5vTo: 980512 Clinton and Yeltsin telconpdf.pdf (Google Drive search match) <https://drive.google.com/file/d/1j3wB3sjgDr43yH8nbu9W4eX35XNb5vTo/view>; C09000006: Memorandum of Conversation between President Clinton and the President of Russia Boris Yeltsin on 5/12/1998 (Strobe FOIA cable copy of the May 12, 1998 Clinton-Yeltsin call; duplicate source copy, not counted again.) <https://foia.state.gov/DOCUMENTS/FOIA_L_Mar2023/FL-2017-13804/DOC_0C09000006/C09000006.pdf>","1998-05-17 (+5 days) POTUS-Yeltsin Memcon w/Attachment(s) <https://foia.state.gov/DOCUMENTS/FOIA_L_Mar2023/FL-2017-13804/DOC_0C09000007/C09000007.pdf>","","Source: William J. Clinton Presidential Library, Clinton Presidential Records, Records of the National Security Council Records Management Office (Clinton Administration), NAID 7388808, Presidential Records Series (PRS) Files, NAID 7585721, OA/Box Number 2036, Folder Title/Record ID 9803457, Mandatory Declassification Review 2015-0782-M-2, Declassified documents concerning Russian President Boris Yeltsin.","Use the canonical extracted PDF and page range as the document candidate. Use the Daily Diary reference to confirm timing and call/meeting occurrence. Treat linked Drive/Strobe files as source-copy or duplicate controls unless the compiler chooses a different authoritative source. Review nearby support/context records only after final document selection."
"62","1998-05-17","Memcon","counted","8","Meeting with President Boris Yeltsin of Russia, May 17, 1998, Birmingham, England","https://therealjameswilson.github.io/Clinton-Russia-High-Level/public/documents/1998-05-17-memcon-54.pdf","https://www.clintonlibrary.gov/sites/default/files/finding_aids_a_z/2026-01/2015-0782-M-2.pdf","312-319","383-391","383-390","311","","1998-05-17 (same day) Remarks and an Exchange With Reporters in Birmingham, United Kingdom [pp. 780-783] <https://www.govinfo.gov/content/pkg/PPP-1998-book1/pdf/PPP-1998-book1-doc-pg780.pdf>","","1IkQrGGfVtGl1fkXMaHmkwjSnmcpTyA7S: 980517 Clinton and Yeltsin in Birmingham memconpdf.pdf (Google Drive search match) <https://drive.google.com/file/d/1IkQrGGfVtGl1fkXMaHmkwjSnmcpTyA7S/view>; C09000007: POTUS-Yeltsin Memcon w/Attachment(s) (Strobe FOIA informal copy of the May 17, 1998 Birmingham memcon on pages 1-13; duplicate source copy, not counted again.) <https://foia.state.gov/DOCUMENTS/FOIA_L_Mar2023/FL-2017-13804/DOC_0C09000007/C09000007.pdf>","1998-05-17 (same day) POTUS-Yeltsin Memcon w/Attachment(s) <https://foia.state.gov/DOCUMENTS/FOIA_L_Mar2023/FL-2017-13804/DOC_0C09000007/C09000007.pdf>; 1998-05-18 (+1 days) May 18, 1998 Note From Strobe Talbott To Leon Fuerth <https://foia.state.gov/DOCUMENTS/FOIA_L_Apr2023/FL-2017-13804/DOC_0C09000051/C09000051.pdf>; 1998-05-20 (+3 days) MEMORANDUM OF CONVERSATION BETWEEN PREISDENT CLINTON AND THE PRESIDENT OF RUSSIA BORIS YELTSIN ON 5/12/1998, S/S#9808780 w/Attached Cover Sheet <https://foia.state.gov/DOCUMENTS/FOIA_L_Mar2023/FL-2017-13804/DOC_0C09000006/C09000006.pdf>","","Source: William J. Clinton Presidential Library, Clinton Presidential Records, Records of the National Security Council Records Management Office (Clinton Administration), NAID 7388808, Presidential Records Series (PRS) Files, NAID 7585721, Document ID 9803752, Original OA/ID 2039, Mandatory Declassification Review 2014-0999-M, Declassified documents concerning Russian President Boris Yeltsin.","Use the canonical extracted PDF and page range as the document candidate. Review linked Public Papers rows for editorial-note framing around the contact. Treat linked Drive/Strobe files as source-copy or duplicate controls unless the compiler chooses a different authoritative source. Review nearby support/context records only after final document selection."
"63","1998-05-21","Telcon","counted","3","Telephone call with President Boris Yeltsin of Russia, May 21, 1998, White House","https://therealjameswilson.github.io/Clinton-Russia-High-Level/public/documents/1998-05-21-telcon-55.pdf","https://www.clintonlibrary.gov/sites/default/files/finding_aids_a_z/2026-01/2015-0782-M-2.pdf","301-303","392-395","392-394","295","10:25; 10:41-10:52 The President telephoned Boris N. Yeltsin; the call was not completed. He then talked on a conference call with President Yeltsin; appendix lists participants. pp. 11, 20 <https://s3.amazonaws.com/NARAprodstorage/opastorage/live/88/3681/17368188/content/presidential-libraries/clinton/foia/2010-0083-F/2010-0083-F-PDF/Box_002/42-t-7262157-20100083F-002-006-2015.pdf>","1998-05-21 (same day) Message to the Congress Reporting Certifications Required by the Ratification Resolution for the Protocols of Accession to NATO for Poland, Hungary, and the Czech Republic [p. 821] <https://www.govinfo.gov/content/pkg/PPP-1998-book1/pdf/PPP-1998-book1-doc-pg821.pdf>; 1998-05-21 (same day) Remarks on Senate Ratification of the Protocols of Accession to NATO for Poland, Hungary, and the Czech Republic [pp. 817-819] <https://www.govinfo.gov/content/pkg/PPP-1998-book1/pdf/PPP-1998-book1-doc-pg817-2.pdf>","","1_cus2DmP8sCA7HtsHoGspBGaKG5MvjMI: 980521 Clinton and Yeltsin telconpdf.pdf (Google Drive search match) <https://drive.google.com/file/d/1_cus2DmP8sCA7HtsHoGspBGaKG5MvjMI/view>","1998-05-20 (-1 days) MEMORANDUM OF CONVERSATION BETWEEN PREISDENT CLINTON AND THE PRESIDENT OF RUSSIA BORIS YELTSIN ON 5/12/1998, S/S#9808780 w/Attached Cover Sheet <https://foia.state.gov/DOCUMENTS/FOIA_L_Mar2023/FL-2017-13804/DOC_0C09000006/C09000006.pdf>; 1998-05-18 (-3 days) May 18, 1998 Note From Strobe Talbott To Leon Fuerth <https://foia.state.gov/DOCUMENTS/FOIA_L_Apr2023/FL-2017-13804/DOC_0C09000051/C09000051.pdf>; 1998-05-17 (-4 days) POTUS-Yeltsin Memcon w/Attachment(s) <https://foia.state.gov/DOCUMENTS/FOIA_L_Mar2023/FL-2017-13804/DOC_0C09000007/C09000007.pdf>","","Source: William J. Clinton Presidential Library, Clinton Presidential Records, Records of the National Security Council Records Management Office (Clinton Administration), NAID 7388808, Presidential Records Series (PRS) Files, NAID 7585721, NSC Records Management, [Yeltsin and Telcons], OA/Box Number 2038, Folder Title/Record ID 9803714, Mandatory Declassification Review 2015-0782-M-2, Declassified documents concerning Russian President Boris Yeltsin.","Use the canonical extracted PDF and page range as the document candidate. Use the Daily Diary reference to confirm timing and call/meeting occurrence. Review linked Public Papers rows for editorial-note framing around the contact. Treat linked Drive/Strobe files as source-copy or duplicate controls unless the compiler chooses a different authoritative source. Review nearby support/context records only after final document selection."
"64","1998-05-28","Telcon","counted","4","Telephone call with President Boris Yeltsin of Russia, May 28, 1998, White House","https://therealjameswilson.github.io/Clinton-Russia-High-Level/public/documents/1998-05-28-telcon-56.pdf","https://www.clintonlibrary.gov/sites/default/files/finding_aids_a_z/2026-01/2015-0782-M-2.pdf","329-332","396-400","396-399","322","11:53-12:14 The President talked on a conference call with Boris N. Yeltsin; appendix lists participants. pp. 46, 53 <https://s3.amazonaws.com/NARAprodstorage/lz/presidential-libraries/clinton/foia/2013/2013-0549-F/42-t-101784486-20130549F-009-004-2018.pdf>","","","1F2aVY9zTrKysoGW-6-bn5tGdsTGDQ4y5: 980528 Clinton and Yeltsin telconpdf.pdf (Google Drive search match) <https://drive.google.com/file/d/1F2aVY9zTrKysoGW-6-bn5tGdsTGDQ4y5/view>; C09000028: Transmittal Memorandum of Telephone Conversation with Russian President Boris Yeltsin w/Attachment(s) (Strobe FOIA packet; actual May 28, 1998 telcon is pages 2-5, with transmittal excluded.) <https://foia.state.gov/DOCUMENTS/FOIA_L_Mar2025/FL-2017-13804/DOC_0C09000028/C09000028.pdf>","1998-05-31 (+3 days) PRESIDENT'S MAY 17 MEETING WITH YELSTIN IN BIRMINGHAM (S/S 9809343) <https://foia.state.gov/DOCUMENTS/FOIA_L_Mar2023/FL-2017-13804/DOC_0C09000005/C09000005.pdf>","","Source: William J. Clinton Presidential Library, Clinton Presidential Records, Records of the National Security Council Records Management Office (Clinton Administration), NAID 7388808, Presidential Records Series (PRS) Files, NAID 7585721, NSC Records Management, [Yeltsin and Telcons], OA/Box Number 2039, Folder Title/Record ID 9803875, Mandatory Declassification Review 2015-0782-M-2, Declassified documents concerning Russian President Boris Yeltsin.","Use the canonical extracted PDF and page range as the document candidate. Use the Daily Diary reference to confirm timing and call/meeting occurrence. Treat linked Drive/Strobe files as source-copy or duplicate controls unless the compiler chooses a different authoritative source. Review nearby support/context records only after final document selection."
"65","1998-06-15","Telcon","counted","5","Telephone call with President Boris Yeltsin of Russia, June 15, 1998, White House","https://therealjameswilson.github.io/Clinton-Russia-High-Level/public/documents/1998-06-15-telcon-57.pdf","https://www.clintonlibrary.gov/sites/default/files/finding_aids_a_z/2026-01/2015-0782-M-2.pdf","342-346","401-406","401-405","336","1:21-1:57 The President talked on a conference call with Boris N. Yeltsin; appendix lists participants. pp. 101, 108 <https://s3.amazonaws.com/NARAprodstorage/lz/presidential-libraries/clinton/foia/2013/2013-0549-F/42-t-101784486-20130549F-009-005-2018.pdf>","","","1hhBx6lIoQXXnyXsHoZxDo7oYNvYHbKsw: 980615 Clinton and Yeltsin telconpdf.pdf (Google Drive search match) <https://drive.google.com/file/d/1hhBx6lIoQXXnyXsHoZxDo7oYNvYHbKsw/view>","","1998-06-15 (same day) Background and talking points for President's telephone call to Yeltsin on Kosovo [17-23; marker page 1 appended] <https://therealjameswilson.github.io/Clinton-Russia-High-Level/public/documents/nara-441675758-yeltsin-kosovo-call-support.pdf>","Source: William J. Clinton Presidential Library, Clinton Presidential Records, Records of the National Security Council Records Management Office (Clinton Administration), NAID 7388808, Presidential Records Series (PRS) Files, NAID 7585721, NSC Records Management, [Yeltsin and Telcons], OA/Box Number 2045, Folder Title/Record ID 9804474, Mandatory Declassification Review 2015-0782-M-2, Declassified documents concerning Russian President Boris Yeltsin.","Use the canonical extracted PDF and page range as the document candidate. Use the Daily Diary reference to confirm timing and call/meeting occurrence. Treat linked Drive/Strobe files as source-copy or duplicate controls unless the compiler chooses a different authoritative source. Review nearby support/context records only after final document selection."
"66","1998-06-16","Telcon","counted","2","Telephone call with President Boris Yeltsin of Russia, June 16, 1998, White House","https://therealjameswilson.github.io/Clinton-Russia-High-Level/public/documents/1998-06-16-telcon-59.pdf","https://www.clintonlibrary.gov/sites/default/files/finding_aids_a_z/2026-01/2015-0782-M-2.pdf","359-360","407-409","407-408","352","10:30; 10:52-10:58 The President telephoned Boris N. Yeltsin; the call was not completed. He then talked on a conference call with President Yeltsin. pp. 5-6 <https://s3.amazonaws.com/NARAprodstorage/lz/presidential-libraries/clinton/foia/2013/2013-0549-F/42-t-101784486-20130549F-009-006-2018.pdf>","","","","","1998-06-15 (-1 days) Background and talking points for President's telephone call to Yeltsin on Kosovo [17-23; marker page 1 appended] <https://therealjameswilson.github.io/Clinton-Russia-High-Level/public/documents/nara-441675758-yeltsin-kosovo-call-support.pdf>","Source: William J. Clinton Presidential Library, Clinton Presidential Records, Records of the National Security Council Records Management Office (Clinton Administration), NAID 7388808, Presidential Records Series (PRS) Files, NAID 7585721, Document ID 9804476, Original OA/ID 2045, Mandatory Declassification Review 2015-0782-M-2, Declassified documents concerning Russian President Boris Yeltsin.","Use the canonical extracted PDF and page range as the document candidate. Use the Daily Diary reference to confirm timing and call/meeting occurrence. Review nearby support/context records only after final document selection."
"67","1998-07-10","Telcon","counted","4","Telephone call with President Boris Yeltsin of Russia, July 10, 1998, White House","https://therealjameswilson.github.io/Clinton-Russia-High-Level/public/documents/1998-07-10-telcon-60.pdf","https://www.clintonlibrary.gov/sites/default/files/finding_aids_a_z/2026-01/2015-0782-M-2.pdf","371-374","410-414","410-413","365","1:19-1:38 The President talked on a conference call with Boris N. Yeltsin. pp. 57 <https://s3.amazonaws.com/NARAprodstorage/lz/presidential-libraries/clinton/foia/2013/2013-0549-F/42-t-101784486-20130549F-009-007-2018.pdf>","","","1rfsHmNUqd_CG69JwlpHp3gb91PiFko5A: 980710 Clinton and Yeltsin telconpdf.pdf (Google Drive search match) <https://drive.google.com/file/d/1rfsHmNUqd_CG69JwlpHp3gb91PiFko5A/view>; C09000004: Telephone Conversation with Russian President Boris Yeltsin w/Attachment(s) (Strobe FOIA packet; actual July 10, 1998 telcon is pages 1-4, with tasking/transmittal pages excluded.) <https://foia.state.gov/DOCUMENTS/FOIA_L_Mar2023/FL-2017-13804/DOC_0C09000004/C09000004.pdf>","1998-07-10 (same day) Telephone Conversation with Russian President Boris Yeltsin w/Attachment(s) <https://foia.state.gov/DOCUMENTS/FOIA_L_Mar2023/FL-2017-13804/DOC_0C09000004/C09000004.pdf>; 1998-07-06 (-4 days) POTUS's VISIT TO MOSCOW IN SEPTEMBER w/Attached Facsimile Transmission <https://foia.state.gov/DOCUMENTS/FOIA_L_Apr2023/FL-2017-13804/DOC_0C09000048/C09000048.pdf>","","Source: William J. Clinton Presidential Library, Clinton Presidential Records, Records of the National Security Council Records Management Office (Clinton Administration), NAID 7388808, Presidential Records Series (PRS) Files, NAID 7585721, NSC Records Management, [Yeltsin and Telcons], OA/Box Number 2048, Folder Title/Record ID 9804971, Mandatory Declassification Review 2015-0782-M-2, Declassified documents concerning Russian President Boris Yeltsin.","Use the canonical extracted PDF and page range as the document candidate. Use the Daily Diary reference to confirm timing and call/meeting occurrence. Treat linked Drive/Strobe files as source-copy or duplicate controls unless the compiler chooses a different authoritative source. Review nearby support/context records only after final document selection."
"68","1998-08-14","Telcon","counted","6","Telephone call with President Boris Yeltsin of Russia, August 14, 1998, White House","https://therealjameswilson.github.io/Clinton-Russia-High-Level/public/documents/1998-08-14-telcon-61.pdf","https://www.clintonlibrary.gov/sites/default/files/finding_aids_a_z/2026-01/2015-0782-M-2.pdf","384-389","415-421","415-420","378","10:30-11:06 The President talked on a conference call with Boris N. Yeltsin; appendix lists participants. pp. 89, 95 <https://s3.amazonaws.com/NARAprodstorage/lz/presidential-libraries/clinton/foia/2013/2013-0549-F/42-t-101784486-20130549F-009-009-2018.pdf>","","","1_Dekfu38Q_Gk1IwYiEJqitsrnsvSX9Qh: 980814 Clinton and Yeltsin telconpdf.pdf (Google Drive search match) <https://drive.google.com/file/d/1_Dekfu38Q_Gk1IwYiEJqitsrnsvSX9Qh/view>","","","Source: William J. Clinton Presidential Library, Clinton Presidential Records, Records of the National Security Council Records Management Office (Clinton Administration), NAID 7388808, Presidential Records Series (PRS) Files, NAID 7585721, NSC Records Management, [Yeltsin and Telcons], OA/Box Number 2055, Folder Title/Record ID 9805782, Mandatory Declassification Review 2015-0782-M-2, Declassified documents concerning Russian President Boris Yeltsin.","Use the canonical extracted PDF and page range as the document candidate. Use the Daily Diary reference to confirm timing and call/meeting occurrence. Treat linked Drive/Strobe files as source-copy or duplicate controls unless the compiler chooses a different authoritative source."
"69","1998-08-25","Telcon","counted","4","Telephone call with President Boris Yeltsin of Russia, August 25, 1998, Martha's Vineyard, Massachusetts","https://therealjameswilson.github.io/Clinton-Russia-High-Level/public/documents/1998-08-25-telcon-62.pdf","https://www.clintonlibrary.gov/sites/default/files/finding_aids_a_z/2026-01/2015-0782-M-2.pdf","405-408","422-426","422-425","399","","","","1HMmaeeYPmG7x8ueyovnZXgGBpb55xkRz: 980825 Clinton and Yeltsin telconpdf.pdf (Google Drive search match) <https://drive.google.com/file/d/1HMmaeeYPmG7x8ueyovnZXgGBpb55xkRz/view>","1998-08-21 (-4 days) MAKING THE MOST OF THE MOSCOW SUMMIT <https://foia.state.gov/DOCUMENTS/FOIA_L_Sep2023/FL-2017-13804/DOC_0C09000019/C09000019.pdf>","","Source: William J. Clinton Presidential Library, Clinton Presidential Records, Records of the National Security Council Records Management Office (Clinton Administration), NAID 7388808, Presidential Records Series (PRS) Files, NAID 7585721, NSC Records Management, [Yeltsin and Telcons], OA/Box Number 2056, Folder Title/Record ID 9805956, Mandatory Declassification Review 2015-0782-M-2, Declassified documents concerning Russian President Boris Yeltsin.","Use the canonical extracted PDF and page range as the document candidate. Treat linked Drive/Strobe files as source-copy or duplicate controls unless the compiler chooses a different authoritative source. Review nearby support/context records only after final document selection."
"73","1998-09-01","Memcon","pending extent","","Meetings with President Boris Yeltsin of Russia, September 1-2, 1998, Moscow, Russia","","https://www.clintonlibrary.gov/sites/default/files/finding_aids_a_z/2026-01/2015-0782-M-2.pdf","No released September 1-2, 1998 Moscow memcon pages located in 2015-0782-M-2","","","","11:12-12:43 The President presented the U.S. delegation to Boris N. Yeltsin, then met with President Yeltsin and senior advisers. pp. 4-5 <https://s3.amazonaws.com/NARAprodstorage/lz/presidential-libraries/clinton/foia/2013/2013-0549-F/42-t-101784486-20130549F-009-011-2018.pdf>; 7:50-9:17 The President and First Lady attended an official dinner hosted by President and Mrs. Yeltsin; appendix lists senior U.S. and Russian participants. pp. 7, 11 <https://s3.amazonaws.com/NARAprodstorage/lz/presidential-libraries/clinton/foia/2013/2013-0549-F/42-t-101784486-20130549F-009-011-2018.pdf>","1998-09-01 (same day) Remarks to Future Russian Leaders in Moscow [pp. 1486-1491] <https://www.govinfo.gov/content/pkg/PPP-1998-book2/pdf/PPP-1998-book2-doc-pg1486.pdf>; 1998-09-01 (same day) Remarks at First Day of School Festivities in Moscow, Russia [pp. 1485-1486] <https://www.govinfo.gov/content/pkg/PPP-1998-book2/pdf/PPP-1998-book2-doc-pg1485-3.pdf>","1998-09-02 (+1 days) The President's News Conference With President Boris Yeltsin of Russia in Moscow [pp. 1494-1501] <https://www.govinfo.gov/content/pkg/PPP-1998-book2/pdf/PPP-1998-book2-doc-pg1494.pdf>","","","1998-08-31 (-1 days) Clinton letter to President Ulmanis before the Russia summit <https://s3.us-east-1.amazonaws.com/NARAprodstorage/lz/presidential-libraries/clinton/7585709/42-t-7585709-20111037F-012-041-2015.pdf>; 1998-08-31 (-1 days) NARA Scout lead: Trip of the President to Russia, Northern Ireland, and Ireland, Aug. 31-Sept. 5, 1998 <https://catalog.archives.gov/id/257664339>","Source: William J. Clinton Presidential Library, Clinton Presidential Records, Records of the National Security Council Records Management Office (Clinton Administration), NAID 7388808, Presidential Records Series (PRS) Files, NAID 7585721, Mandatory Declassification Review 2015-0782-M-2, Declassified documents concerning Russian President Boris Yeltsin.","Hard source gap: locate released actual conversation text before counting or extracting a derivative PDF. Use the Daily Diary reference to confirm timing and call/meeting occurrence. Review linked Public Papers rows for editorial-note framing around the contact. Review nearby support/context records only after final document selection."
"70","1998-09-12","Telcon","counted","4","Telephone call with President Boris Yeltsin of Russia, September 12, 1998, White House","https://therealjameswilson.github.io/Clinton-Russia-High-Level/public/documents/1998-09-12-telcon-64.pdf","https://www.clintonlibrary.gov/sites/default/files/finding_aids_a_z/2026-01/2015-0782-M-2.pdf","422-425","427-431","427-430","415","11:14; 11:32-11:59 The President telephoned Boris N. Yeltsin; the call was not completed. He then talked on a conference call. pp. 92-93 <https://s3.amazonaws.com/NARAprodstorage/lz/presidential-libraries/clinton/foia/2013/2013-0549-F/42-t-101784486-20130549F-009-011-2018.pdf>","","","1zL_1vQEJbvq4SWhIAqKpjAa3J2VR_AxW: 980912 Clinton and Yeltsin telconpdf.pdf (Google Drive search match) <https://drive.google.com/file/d/1zL_1vQEJbvq4SWhIAqKpjAa3J2VR_AxW/view>","","","Source: William J. Clinton Presidential Library, Clinton Presidential Records, Records of the National Security Council Records Management Office (Clinton Administration), NAID 7388808, Presidential Records Series (PRS) Files, NAID 7585721, NSC Records Management, [Yeltsin and Telcons], OA/Box Number 2058, Folder Title/Record ID 9806300, Mandatory Declassification Review 2015-0782-M-2, Declassified documents concerning Russian President Boris Yeltsin.","Use the canonical extracted PDF and page range as the document candidate. Use the Daily Diary reference to confirm timing and call/meeting occurrence. Treat linked Drive/Strobe files as source-copy or duplicate controls unless the compiler chooses a different authoritative source."
"71","1998-10-05","Telcon","counted","3","Telephone call with President Boris Yeltsin of Russia, October 5, 1998, White House","https://therealjameswilson.github.io/Clinton-Russia-High-Level/public/documents/1998-10-05-clinton-yeltsin-telcon-actual-pages.pdf","https://clinton.presidentiallibraries.us/files/original/dac856cd6bbd10b93c2eb815862bce44.pdf","3-5","432-434","432-434","","11:25; 12:01-12:18 The President was telephoned by Boris N. Yeltsin; the call was not completed. He then talked on a conference call with President Yeltsin. pp. 30 <https://s3.amazonaws.com/NARAprodstorage/lz/presidential-libraries/clinton/foia/2013/2013-0549-F/42-t-101784486-20130549F-010-002-2018.pdf>","","","","","","Source: William J. Clinton Presidential Library, Clinton Presidential Records: NSC Cable, Email, and Records Management System, Clinton Digital Library item 100503, Clinton Digital Library item 2016-0620-M, Declassified Documents Concerning Russian President Boris Yeltsin.","Use the canonical extracted PDF and page range as the document candidate. Use the Daily Diary reference to confirm timing and call/meeting occurrence."
"72","1998-12-30","Telcon","counted","5","Telephone call with President Boris Yeltsin of Russia, December 30, 1998, White House","https://therealjameswilson.github.io/Clinton-Russia-High-Level/public/documents/1998-12-30-clinton-yeltsin-telcon-actual-pages.pdf","https://clinton.presidentiallibraries.us/files/original/1ec29c3214c0ccb6c6ed30fd7e5b06af.pdf","1-5","435-439","435-439","","","","","","","","Source: William J. Clinton Presidential Library, Telcons - Memoranda of Telephone Conversation, Clinton Digital Library item 119190, Clinton Digital Library item clinton-item-119190, Memorandum of Telephone Conversation with Russian President Yeltsin.","Use the canonical extracted PDF and page range as the document candidate."
"77","1999-02-08","Memcon","pending extent","","Meeting with President Boris Yeltsin of Russia, February 8, 1999, Amman, Jordan","","https://www.clintonlibrary.gov/sites/default/files/finding_aids_a_z/2026-01/2015-0782-M-2.pdf","No released February 8, 1999 Amman memcon pages located in 2015-0782-M-2","","","","","","","","","","Source: William J. Clinton Presidential Library, Clinton Presidential Records, Records of the National Security Council Records Management Office (Clinton Administration), NAID 7388808, Presidential Records Series (PRS) Files, NAID 7585721, Mandatory Declassification Review 2015-0782-M-2, Declassified documents concerning Russian President Boris Yeltsin.","Hard source gap: locate released actual conversation text before counting or extracting a derivative PDF."
"73","1999-03-24","Telcon","counted","5","Telephone call with President Boris Yeltsin of Russia, March 24, 1999, White House","https://therealjameswilson.github.io/Clinton-Russia-High-Level/public/documents/1999-03-24-telcon-68.pdf","https://www.clintonlibrary.gov/sites/default/files/finding_aids_a_z/2026-01/2015-0782-M-2.pdf","432-436","440-445","440-444","431","9:03; 9:20-9:56 The President telephoned Boris N. Yeltsin; the call was not completed. He then talked on a conference call with President Yeltsin. pp. 35-36 <https://s3.amazonaws.com/NARAprodstorage/lz/presidential-libraries/clinton/foia/2013/2013-0549-F/42-t-101784486-20130549F-011-002-2018.pdf>","1999-03-24 (same day) Address to the Nation on Airstrikes Against Serbian Targets in the Federal Republic of Yugoslavia (Serbia and Montenegro) [pp. 451-453] <https://www.govinfo.gov/content/pkg/PPP-1999-book1/pdf/PPP-1999-book1-doc-pg451.pdf>; 1999-03-24 (same day) Remarks Announcing Airstrikes Against Serbian Targets in the Federal Republic of Yugoslavia (Serbia and Montenegro) [p. 449] <https://www.govinfo.gov/content/pkg/PPP-1999-book1/pdf/PPP-1999-book1-doc-pg449.pdf>","1999-03-22 (-2 days) Remarks on the Situation in Kosovo [pp. 426-427] <https://www.govinfo.gov/content/pkg/PPP-1999-book1/pdf/PPP-1999-book1-doc-pg426.pdf>","","","","Source: William J. Clinton Presidential Library, Clinton Presidential Records, Records of the National Security Council Records Management Office (Clinton Administration), NAID 7388808, Presidential Records Series (PRS) Files, NAID 7585721, Document ID 9902107, Original OA/ID 2719, Mandatory Declassification Review 2014-0546-M, Declassified documents concerning Russian President Boris Yeltsin and Kosovo.","Use the canonical extracted PDF and page range as the document candidate. Use the Daily Diary reference to confirm timing and call/meeting occurrence. Review linked Public Papers rows for editorial-note framing around the contact."
"74","1999-04-19","Telcon","counted","6","Telephone call with President Boris Yeltsin of Russia, April 19, 1999, White House","https://therealjameswilson.github.io/Clinton-Russia-High-Level/public/documents/1999-04-19-telcon-69.pdf","https://www.clintonlibrary.gov/sites/default/files/finding_aids_a_z/2026-01/2015-0782-M-2.pdf","438-443","446-452","446-451","437","9:30-10:13 The President talked on a conference call with Boris N. Yeltsin. pp. 11 <https://s3.amazonaws.com/NARAprodstorage/lz/presidential-libraries/clinton/foia/2013/2013-0549-F/42-t-101784486-20130549F-011-004-2018.pdf>","","","","","","Source: William J. Clinton Presidential Library, Clinton Presidential Records, Records of the National Security Council Records Management Office (Clinton Administration), NAID 7388808, Presidential Records Series (PRS) Files, NAID 7585721, Document ID 9902901, Original OA/ID 2724, Mandatory Declassification Review 2015-0782-M-2, Declassified documents concerning Russian President Boris Yeltsin.","Use the canonical extracted PDF and page range as the document candidate. Use the Daily Diary reference to confirm timing and call/meeting occurrence."
"75","1999-04-25","Telcon","counted","12","Telephone call with President Boris Yeltsin of Russia, April 25, 1999, Washington, D.C.","https://therealjameswilson.github.io/Clinton-Russia-High-Level/public/documents/1999-04-25-telcon-70.pdf","https://www.clintonlibrary.gov/sites/default/files/finding_aids_a_z/2026-01/2015-0782-M-2.pdf","445-456","453-465","453-464","444","10:17; 10:35-10:58 The President telephoned Boris N. Yeltsin; the call was not completed. He then talked on a conference call with President Boris N. Yeltsin. pp. 48 <https://s3.amazonaws.com/NARAprodstorage/lz/presidential-libraries/clinton/foia/2013/2013-0549-F/42-t-101784486-20130549F-011-004-2018.pdf>","","","1YBmo26tprmItE4dS_dXX5Ic6QShZpn4h: 990425 Clinton and Yeltsin telconpdf.pdf (Google Drive search match) <https://drive.google.com/file/d/1YBmo26tprmItE4dS_dXX5Ic6QShZpn4h/view>","1999-04-30 (+5 days) Chernomyrdin-Talbott one-on-one (Tuesday, April 27, 1999) <https://foia.state.gov/DOCUMENTS/FOIA_L_June2024/FL-2017-13804/DOC_0C09000028/C09000028.pdf>","","Source: William J. Clinton Presidential Library, Clinton Presidential Records, Records of the National Security Council Records Management Office (Clinton Administration), NAID 7388808, Presidential Records Series (PRS) Files, NAID 7585721, Document ID 9903106, Original OA/ID 2725, Mandatory Declassification Review 2014-0546-M, Declassified documents concerning Russian President Boris Yeltsin and Kosovo.","Use the canonical extracted PDF and page range as the document candidate. Use the Daily Diary reference to confirm timing and call/meeting occurrence. Treat linked Drive/Strobe files as source-copy or duplicate controls unless the compiler chooses a different authoritative source. Review nearby support/context records only after final document selection."
"76","1999-05-02","Telcon","counted","4","Telephone call with President Boris Yeltsin of Russia, May 2, 1999, White House","https://therealjameswilson.github.io/Clinton-Russia-High-Level/public/documents/1999-05-02-telcon-71.pdf","https://www.clintonlibrary.gov/sites/default/files/finding_aids_a_z/2026-01/2015-0782-M-2.pdf","470-473","466-470","466-469","469","9:52; 10:18-10:31 The President telephoned Boris N. Yeltsin; the call was not completed. He then talked on a conference call with President Yeltsin. pp. 34 <https://s3.amazonaws.com/NARAprodstorage/opastorage/live/93/3681/17368193/content/presidential-libraries/clinton/foia/2010-0083-F/2010-0083-F-PDF/Box_002/42-t-7262157-20100083F-002-010-2015.pdf>","","1999-05-04 (+2 days) Interview With Tom Brokaw of the National Broadcasting Corporation Aboard Air Force One [pp. 693-694] <https://www.govinfo.gov/content/pkg/PPP-1999-book1/pdf/PPP-1999-book1-doc-pg693.pdf>","1ix1Ii-rAWelKeQi7jC6_PI4qRZlMinle: 990502 Clinton Yeltsin telconpdf.pdf (Google Drive search match) <https://drive.google.com/file/d/1ix1Ii-rAWelKeQi7jC6_PI4qRZlMinle/view>","1999-04-30 (-2 days) Chernomyrdin-Talbott one-on-one (Tuesday, April 27, 1999) <https://foia.state.gov/DOCUMENTS/FOIA_L_June2024/FL-2017-13804/DOC_0C09000028/C09000028.pdf>","","Source: William J. Clinton Presidential Library, Clinton Presidential Records, Records of the National Security Council Records Management Office (Clinton Administration), NAID 7388808, Presidential Records Series (PRS) Files, NAID 7585721, Document ID 9903364, Original OA/ID 2727, Mandatory Declassification Review 2014-0546-M, Declassified documents concerning Russian President Boris Yeltsin and Kosovo.","Use the canonical extracted PDF and page range as the document candidate. Use the Daily Diary reference to confirm timing and call/meeting occurrence. Review linked Public Papers rows for editorial-note framing around the contact. Treat linked Drive/Strobe files as source-copy or duplicate controls unless the compiler chooses a different authoritative source. Review nearby support/context records only after final document selection."
"77","1999-06-07","Telcon","counted","2","Telephone call with President Boris Yeltsin of Russia, June 7, 1999, White House","https://therealjameswilson.github.io/Clinton-Russia-High-Level/public/documents/1999-06-07-telcon-72.pdf","https://www.clintonlibrary.gov/sites/default/files/finding_aids_a_z/2026-01/2015-0782-M-2.pdf","479-480","471-473","471-472","478","11:02-11:14 The President talked on a conference call with Boris N. Yeltsin. pp. 27 <https://s3.amazonaws.com/NARAprodstorage/lz/presidential-libraries/clinton/foia/2013/2013-0549-F/42-t-101784486-20130549F-011-007-2018.pdf>","","","","","","Source: William J. Clinton Presidential Library, Clinton Presidential Records, Records of the National Security Council Records Management Office (Clinton Administration), NAID 7388808, Presidential Records Series (PRS) Files, NAID 7585721, Document ID 9904358, Original OA/ID 2733, Mandatory Declassification Review 2014-0546-M, Declassified documents concerning Russian President Boris Yeltsin and Kosovo.","Use the canonical extracted PDF and page range as the document candidate. Use the Daily Diary reference to confirm timing and call/meeting occurrence."
"78","1999-06-08","Telcon","counted","3","Telephone call with President Boris Yeltsin of Russia, June 8, 1999, White House","https://therealjameswilson.github.io/Clinton-Russia-High-Level/public/documents/1999-06-08-telcon-73.pdf","https://www.clintonlibrary.gov/sites/default/files/finding_aids_a_z/2026-01/2015-0782-M-2.pdf","482-484","474-477","474-476","481","8:15; 8:58-9:15 The President telephoned Boris N. Yeltsin; the call was not completed. He then talked on a conference call with President Yeltsin. pp. 31-32 <https://s3.amazonaws.com/NARAprodstorage/lz/presidential-libraries/clinton/foia/2013/2013-0549-F/42-t-101784486-20130549F-011-007-2018.pdf>","","1999-06-10 (+2 days) Address to the Nation on the Military Technical Agreement on Kosovo [pp. 913-916] <https://www.govinfo.gov/content/pkg/PPP-1999-book1/pdf/PPP-1999-book1-doc-pg913.pdf>; 1999-06-10 (+2 days) Remarks on the Military Technical Agreement on Kosovo and an Exchange With Reporters [pp. 909-912] <https://www.govinfo.gov/content/pkg/PPP-1999-book1/pdf/PPP-1999-book1-doc-pg909-2.pdf>","","","","Source: William J. Clinton Presidential Library, Clinton Presidential Records, Records of the National Security Council Records Management Office (Clinton Administration), NAID 7388808, Presidential Records Series (PRS) Files, NAID 7585721, Document ID 9904397, Original OA/ID 2733, Mandatory Declassification Review 2014-0546-M, Declassified documents concerning Russian President Boris Yeltsin and Kosovo.","Use the canonical extracted PDF and page range as the document candidate. Use the Daily Diary reference to confirm timing and call/meeting occurrence. Review linked Public Papers rows for editorial-note framing around the contact."
"79","1999-06-10","Telcon","counted","2","Telephone call with President Boris Yeltsin of Russia, June 10, 1999, White House","https://therealjameswilson.github.io/Clinton-Russia-High-Level/public/documents/1999-06-10-telcon-74.pdf","https://www.clintonlibrary.gov/sites/default/files/finding_aids_a_z/2026-01/2015-0782-M-2.pdf","488-489","478-480","478-479","487","10:06; 10:40-10:50 The President telephoned Boris N. Yeltsin; the call was not completed. He then talked on a conference call with President Yeltsin. pp. 59-60 <https://s3.amazonaws.com/NARAprodstorage/opastorage/live/93/3681/17368193/content/presidential-libraries/clinton/foia/2010-0083-F/2010-0083-F-PDF/Box_002/42-t-7262157-20100083F-002-010-2015.pdf>","1999-06-10 (same day) Address to the Nation on the Military Technical Agreement on Kosovo [pp. 913-916] <https://www.govinfo.gov/content/pkg/PPP-1999-book1/pdf/PPP-1999-book1-doc-pg913.pdf>; 1999-06-10 (same day) Remarks on the Military Technical Agreement on Kosovo and an Exchange With Reporters [pp. 909-912] <https://www.govinfo.gov/content/pkg/PPP-1999-book1/pdf/PPP-1999-book1-doc-pg909-2.pdf>","","","","","Source: William J. Clinton Presidential Library, Clinton Presidential Records, Records of the National Security Council Records Management Office (Clinton Administration), NAID 7388808, Presidential Records Series (PRS) Files, NAID 7585721, Document ID 9904501, Original OA/ID 2734, Mandatory Declassification Review 2014-0546-M, Declassified documents concerning Russian President Boris Yeltsin and Kosovo.","Use the canonical extracted PDF and page range as the document candidate. Use the Daily Diary reference to confirm timing and call/meeting occurrence. Review linked Public Papers rows for editorial-note framing around the contact."
"80","1999-06-13","Telcon","counted","7","Telephone call with President Boris Yeltsin of Russia, June 13, 1999, White House","https://therealjameswilson.github.io/Clinton-Russia-High-Level/public/documents/1999-06-13-telcon-75.pdf","https://www.clintonlibrary.gov/sites/default/files/finding_aids_a_z/2026-01/2015-0782-M-2.pdf","531-537","481-488","481-487","530","","","","1wt8YvzsjTSpf3H4JMgUXJMU-hMk0bA74: 990613 Clinton and Yeltsin telconpdf.pdf (Google Drive search match) <https://drive.google.com/file/d/1wt8YvzsjTSpf3H4JMgUXJMU-hMk0bA74/view>","","","Source: William J. Clinton Presidential Library, Clinton Presidential Records, Records of the National Security Council Records Management Office (Clinton Administration), NAID 7388808, Presidential Records Series (PRS) Files, NAID 7585721, NSC Records Management, [Yeltsin], OA/Box Number 2739, Folder Title/Record ID 9905271, Freedom of Information Act request 2006-1185-F, Records on Telephone Calls between William J. Clinton and Boris Yeltsin, June 13 and 14, 1999.","Use the canonical extracted PDF and page range as the document candidate. Treat linked Drive/Strobe files as source-copy or duplicate controls unless the compiler chooses a different authoritative source."
"81","1999-06-14","Telcon","counted","4","Telephone call with President Boris Yeltsin of Russia, June 14, 1999, White House","https://therealjameswilson.github.io/Clinton-Russia-High-Level/public/documents/1999-06-14-telcon-76.pdf","https://www.clintonlibrary.gov/sites/default/files/finding_aids_a_z/2026-01/2015-0782-M-2.pdf","521-524","489-493","489-492","519","10:06-10:32 The President talked on a conference call with Boris N. Yeltsin. pp. 60 <https://s3.amazonaws.com/NARAprodstorage/lz/presidential-libraries/clinton/foia/2013/2013-0549-F/42-t-101784486-20130549F-011-007-2018.pdf>","","","17_TAwdKBILpcBjzOK6fFzttzMxXLHc5P: 990614 Clinton and Yeltsin telconpdf.pdf (Google Drive search match) <https://drive.google.com/file/d/17_TAwdKBILpcBjzOK6fFzttzMxXLHc5P/view>","","","Source: William J. Clinton Presidential Library, Clinton Presidential Records, Records of the National Security Council Records Management Office (Clinton Administration), NAID 7388808, Presidential Records Series (PRS) Files, NAID 7585721, NSC Records Management, [Yeltsin], OA/Box Number 2739, Folder Title/Record ID 9905128, Freedom of Information Act request 2006-1185-F, Records on Telephone Calls between William J. Clinton and Boris Yeltsin, June 13 and 14, 1999.","Use the canonical extracted PDF and page range as the document candidate. Use the Daily Diary reference to confirm timing and call/meeting occurrence. Treat linked Drive/Strobe files as source-copy or duplicate controls unless the compiler chooses a different authoritative source."
"82","1999-06-20","Memcon","counted","9","Meeting with President Boris Yeltsin of Russia, June 20, 1999, Cologne, Germany","https://therealjameswilson.github.io/Clinton-Russia-High-Level/public/documents/1999-06-20-memcon-77.pdf","https://www.clintonlibrary.gov/sites/default/files/finding_aids_a_z/2026-01/2015-0782-M-2.pdf","497-505","494-503","494-502","491","1:01-2:03 The President participated in a meeting with U.S. and Russian officials; appendix lists Boris N. Yeltsin as a participant. pp. 69-70, 74 <https://s3.amazonaws.com/NARAprodstorage/opastorage/live/93/3681/17368193/content/presidential-libraries/clinton/foia/2010-0083-F/2010-0083-F-PDF/Box_002/42-t-7262157-20100083F-002-010-2015.pdf>","1999-06-20 (same day) Interview With Wolf Blitzer of Cable News Network's ``Late Edition'' in Cologne [pp. 967-972] <https://www.govinfo.gov/content/pkg/PPP-1999-book1/pdf/PPP-1999-book1-doc-pg967.pdf>; 1999-06-20 (same day) Interview With Yevgeniy Kiselev of Russia's NTV in Cologne [pp. 973-976] <https://www.govinfo.gov/content/pkg/PPP-1999-book1/pdf/PPP-1999-book1-doc-pg973.pdf>; 1999-06-20 (same day) Joint Statement Between the United States and the Russian Federation Concerning Strategic Offensive and Defensive Arms and Further Strengthening of Stability [pp. 976-977] <https://www.govinfo.gov/content/pkg/PPP-1999-book1/pdf/PPP-1999-book1-doc-pg976.pdf>","1999-06-18 (-2 days) Exchange With Reporters Prior to Discussions With Prime Minister Keizo Obuchi of Japan in Cologne, Germany [pp. 959-960] <https://www.govinfo.gov/content/pkg/PPP-1999-book1/pdf/PPP-1999-book1-doc-pg959.pdf>; 1999-06-18 (-2 days) Remarks on the Agreement on Russian Participation in KFOR and an Exchange With Reporters in Cologne [pp. 964-966] <https://www.govinfo.gov/content/pkg/PPP-1999-book1/pdf/PPP-1999-book1-doc-pg964-4.pdf>","1sQzV-Sy-8geFSdknDtdp9xlzQCBI3QhN: 990620 Clinton and Yeltsin in Colognepdf.pdf (Google Drive search match) <https://drive.google.com/file/d/1sQzV-Sy-8geFSdknDtdp9xlzQCBI3QhN/view>","","","Source: William J. Clinton Presidential Library, Clinton Presidential Records, Records of the National Security Council Records Management Office (Clinton Administration), NAID 7388808, Presidential Records Series (PRS) Files, NAID 7585721, NSC Records Management, [Yeltsin and Telcons], OA/Box Number 2736, Folder Title/Record ID 9904842, Mandatory Declassification Review 2015-0782-M-2, Declassified documents concerning Russian President Boris Yeltsin.","Use the canonical extracted PDF and page range as the document candidate. Use the Daily Diary reference to confirm timing and call/meeting occurrence. Review linked Public Papers rows for editorial-note framing around the contact. Treat linked Drive/Strobe files as source-copy or duplicate controls unless the compiler chooses a different authoritative source."
"83","1999-09-08","Telcon","counted","5","Telephone call with President Boris Yeltsin of Russia, September 8, 1999, White House","https://therealjameswilson.github.io/Clinton-Russia-High-Level/public/documents/1999-09-08-telcon-78.pdf","https://www.clintonlibrary.gov/sites/default/files/finding_aids_a_z/2026-01/2015-0782-M-2.pdf","548-552","504-509","504-508","541","","","","1wxPSyI3jA335DIh43d6VJ4BLULbLKIPR: 990908 Clinton and Yeltsin telconpdf.pdf (Google Drive search match) <https://drive.google.com/file/d/1wxPSyI3jA335DIh43d6VJ4BLULbLKIPR/view>","","","Source: William J. Clinton Presidential Library, Clinton Presidential Records, Records of the National Security Council Records Management Office (Clinton Administration), NAID 7388808, Presidential Records Series (PRS) Files, NAID 7585721, NSC Records Management, [Yeltsin and Telcons], OA/Box Number 2748, Folder Title/Record ID 9906603, Mandatory Declassification Review 2015-0782-M-2, Declassified documents concerning Russian President Boris Yeltsin.","Use the canonical extracted PDF and page range as the document candidate. Treat linked Drive/Strobe files as source-copy or duplicate controls unless the compiler chooses a different authoritative source."
"84","1999-11-19","Memcon","counted","7","Meeting with President Boris Yeltsin of Russia, November 19, 1999, Istanbul, Turkey","https://therealjameswilson.github.io/Clinton-Russia-High-Level/public/documents/1999-11-18-memcon-79.pdf","https://www.clintonlibrary.gov/sites/default/files/finding_aids_a_z/2026-01/2015-0782-M-2.pdf","560-566","510-517","510-516","559","","","1999-11-18 (-1 days) Remarks on the Budget Agreement and an Exchange With Reporters in Istanbul [pp. 2107-2109] <https://www.govinfo.gov/content/pkg/PPP-1999-book2/pdf/PPP-1999-book2-doc-pg2107.pdf>","1MgSg0Iph1k9aGeSZqpsXiYJd0eJP9crE: 991119 Clinton and Yeltsin in Istanbul memconpdf.pdf (Google Drive search match) <https://drive.google.com/file/d/1MgSg0Iph1k9aGeSZqpsXiYJd0eJP9crE/view>","","","Source: William J. Clinton Presidential Library, Clinton Presidential Records, Records of the National Security Council Records Management Office (Clinton Administration), NAID 7388808, Presidential Records Series (PRS) Files, NAID 7585721, Document ID 9908997, Original OA/ID 2764, Mandatory Declassification Review 2014-0974-M, Declassified documents concerning Russian President Boris Yeltsin.","Use the canonical extracted PDF and page range as the document candidate. Review linked Public Papers rows for editorial-note framing around the contact. Treat linked Drive/Strobe files as source-copy or duplicate controls unless the compiler chooses a different authoritative source."
"85","1999-12-31","Telcon","counted","3","Telephone call with President Boris Yeltsin of Russia, December 31, 1999, White House","https://therealjameswilson.github.io/Clinton-Russia-High-Level/public/documents/1999-12-31-telcon-80.pdf","https://www.clintonlibrary.gov/sites/default/files/finding_aids_a_z/2026-01/2015-0782-M-2.pdf","582-584","518-521","518-520","576","8:38; 9:02-9:22 The President telephoned Boris N. Yeltsin; the call was not completed. He then talked on a conference call with President Yeltsin. pp. 48 <https://s3.amazonaws.com/NARAprodstorage/lz/presidential-libraries/clinton/foia/2013/2013-0549-F/42-t-101784486-20130549F-012-009-2018.pdf>","1999-12-31 (same day) Remarks on the Resignation of President Boris Yeltsin of Russia and an Exchange With Reporters [pp. 2351-2352] <https://www.govinfo.gov/content/pkg/PPP-1999-book2/pdf/PPP-1999-book2-doc-pg2351-2.pdf>; 1999-12-31 (same day) Statement on the Resignation of President Boris Yeltsin of Russia [pp. 2352-2353] <https://www.govinfo.gov/content/pkg/PPP-1999-book2/pdf/PPP-1999-book2-doc-pg2352.pdf>","","1ruK9pfEPeuBWuqAJD8TLhrQUEqIirk1v: 991231 Clinton and Yeltsin telconpdf.pdf (Google Drive search match) <https://drive.google.com/file/d/1ruK9pfEPeuBWuqAJD8TLhrQUEqIirk1v/view>","","","Source: William J. Clinton Presidential Library, Clinton Presidential Records, Records of the National Security Council Records Management Office (Clinton Administration), NAID 7388808, Presidential Records Series (PRS) Files, NAID 7585721, NSC Records Management, [Yeltsin and Telcons], Folder Title/Record ID 9909338, Mandatory Declassification Review 2015-0782-M-2, Declassified documents concerning Russian President Boris Yeltsin.","Use the canonical extracted PDF and page range as the document candidate. Use the Daily Diary reference to confirm timing and call/meeting occurrence. Review linked Public Papers rows for editorial-note framing around the contact. Treat linked Drive/Strobe files as source-copy or duplicate controls unless the compiler chooses a different authoritative source."
"91","2000-06-05","Memcon","pending extent","","Meeting with former President Boris Yeltsin of Russia, June 5, 2000, Moscow, Russia","","https://www.clintonlibrary.gov/sites/default/files/documents/clinton-foreign-meetings.pdf","Leader chronology lead only; no released memcon PDF located","","","","12:52-1:28 The President met with former Russian President Boris Yeltsin. pp. 37 <https://s3.amazonaws.com/NARAprodstorage/lz/presidential-libraries/clinton/foia/2013/2013-0549-F/42-t-101784486-20130549F-013-011-2018.pdf>","2000-06-05 (same day) Remarks to the Russian State Duma in Moscow [pp. 1092-1099] <https://www.govinfo.gov/content/pkg/PPP-2000-book1/pdf/PPP-2000-book1-doc-pg1092.pdf>; 2000-06-05 (same day) Remarks on Signing a Ukraine-United States Joint Statement in Kiev, Ukraine [pp. 1099-1100] <https://www.govinfo.gov/content/pkg/PPP-2000-book1/pdf/PPP-2000-book1-doc-pg1099-2.pdf>; 2000-06-05 (same day) Remarks to the People of Ukraine in Kiev [pp. 1101-1102] <https://www.govinfo.gov/content/pkg/PPP-2000-book1/pdf/PPP-2000-book1-doc-pg1101.pdf>","2000-06-04 (-1 days) The President's News Conference With President Vladimir Putin of Russia in Moscow [pp. 1081-1085] <https://www.govinfo.gov/content/pkg/PPP-2000-book1/pdf/PPP-2000-book1-doc-pg1081-2.pdf>","","","","Source: William J. Clinton Presidential Library, Meetings and Telephone Calls with Foreign Leaders, master chronology.","Hard source gap: locate released actual conversation text before counting or extracting a derivative PDF. Use the Daily Diary reference to confirm timing and call/meeting occurrence. Review linked Public Papers rows for editorial-note framing around the contact."
