sequence,includeInVolume,proposedDocumentNumber,editorialTreatment,priority,date,type,actualConversationPages,documentTitle,suggestedThemes,source,sourcePdfPages,markerPage,localDerivativePdf,sourcePacketUrl,frusSourceNote,extractionQaStatus,declassificationIssues,annotationNeeds,compilerNotes
"1","","","Document candidate","Core chronology","1993-01-23","Telcon","3","Telephone call with President Boris Yeltsin of Russia, January 23, 1993, White House","Economic reform / assistance","2015-0782-M-1","9-11","1","https://therealjameswilson.github.io/Clinton-Russia-High-Level/public/documents/1993-01-23-telcon-01.pdf","https://www.clintonlibrary.gov/sites/default/files/finding_aids_a_z/2026-05/2015-0782-M-1.pdf","Source: William J. Clinton Presidential Library, Clinton Presidential Records, Records of the National Security Council Records Management Office (Clinton Administration), NAID 7388808, Presidential Records Series (PRS) Files, NAID 7585721, Document ID 9300052, Original OA/ID 139, Mandatory Declassification Review 2015-0782-M-1, Declassified documents concerning Russian President Boris Yeltsin.","PDF extent validated separately; final face-page markings still require compiler review","","","Potential FRUS document: extracted actual telcon pages 9-11 from 2015-0782-M-1 and appended original marker page 1 as the provenance sheet. Surrounding administrative material and duplicate copies excluded."
"2","","","Document candidate","Core chronology","1993-02-10","Telcon","3","Telephone call with President Boris Yeltsin of Russia, February 10, 1993, White House","Economic reform / assistance","2015-0782-M-1","19-21","14","https://therealjameswilson.github.io/Clinton-Russia-High-Level/public/documents/1993-02-10-telcon-02.pdf","https://www.clintonlibrary.gov/sites/default/files/finding_aids_a_z/2026-05/2015-0782-M-1.pdf","Source: William J. Clinton Presidential Library, Clinton Presidential Records, Records of the National Security Council Records Management Office (Clinton Administration), NAID 7388808, Presidential Records Series (PRS) Files, NAID 7585721, NSC Records Management, [Yeltsin and Telcons], OA/Box Number 140, Folder Title/Record ID 9300488, Mandatory Declassification Review 2015-0782-M-1, Declassified documents concerning Russian President Boris Yeltsin.","PDF extent validated separately; final face-page markings still require compiler review","","","Potential FRUS document: extracted actual telcon pages 19-21 from 2015-0782-M-1 and appended original marker page 14 as the provenance sheet. Surrounding administrative material and duplicate copies excluded."
"3","","","Research gap / possible editorial note","Hard source gap","1993-04-01","Telcon","","Telephone call with President Boris Yeltsin of Russia, April 1, 1993, Portland, Oregon","Economic reform / assistance","2015-0782-M-1","No released April 1 telcon pages located in 2015-0782-M-1","","","https://www.clintonlibrary.gov/sites/default/files/finding_aids_a_z/2026-05/2015-0782-M-1.pdf","Source: William J. Clinton Presidential Library, Clinton Presidential Records, Records of the National Security Council Records Management Office (Clinton Administration), NAID 7388808, Presidential Records Series (PRS) Files, NAID 7585721, Mandatory Declassification Review 2015-0782-M-1, Declassified documents concerning Russian President Boris Yeltsin.","No extracted PDF; actual conversation pages not located","","","Pending source problem: no derivative PDF generated because no released April 1, 1993 telcon pages were located after rechecking the Clinton Library chronology and digital collection, Google Drive, NARA Scout/Catalog, and National Security Archive. Do not substitute the nearby Vancouver summit memcons, 930401 preview cable, or April 26 telcon."
"4","","","Document candidate","Core chronology","1993-04-03","Memcon","9","Working Dinner with President Boris Yeltsin","Economic reform / assistance","2014-0901-M","9-17","2","https://therealjameswilson.github.io/Clinton-Russia-High-Level/public/documents/1993-04-03-clinton-yeltsin-vancouver-working-dinner.pdf","https://s3.amazonaws.com/NARAprodstorage/lz/presidential-libraries/clinton/wjc-nscrm/7585721/6-YeltsinVancouver.pdf","Source: William J. Clinton Presidential Library, Clinton Presidential Records, Records of the National Security Council Records Management Office (Clinton Administration), NAID 7388808, Presidential Records Series (PRS) Files, NAID 7585721, NSC Records Management, OA/Box Number 145, Folder Title/Record ID 9302226, National Archives Catalog item 2014-0901-M, Memcons between President William Jefferson Clinton and President Boris Yeltsin, NAID 163545404.","PDF extent validated separately; final face-page markings still require compiler review","","","Potential FRUS document: extracted actual memcon pages 9-17 from 2014-0901-M and appended original marker page 2 as the provenance sheet. Surrounding administrative material and duplicate copies excluded."
"5","","","Document candidate","Core chronology","1993-04-04","Memcon","12","Meeting with Russian President Boris Yeltsin on Security Issues","Ukraine / nuclear security; Economic reform / assistance","2014-0901-M","19-30","2","https://therealjameswilson.github.io/Clinton-Russia-High-Level/public/documents/1993-04-04-clinton-yeltsin-vancouver-security-issues.pdf","https://s3.amazonaws.com/NARAprodstorage/lz/presidential-libraries/clinton/wjc-nscrm/7585721/6-YeltsinVancouver.pdf","Source: William J. Clinton Presidential Library, Clinton Presidential Records, Records of the National Security Council Records Management Office (Clinton Administration), NAID 7388808, Presidential Records Series (PRS) Files, NAID 7585721, NSC Records Management, OA/Box Number 145, Folder Title/Record ID 9302226, National Archives Catalog item 2014-0901-M, Memcons between President William Jefferson Clinton and President Boris Yeltsin, NAID 163545404.","PDF extent validated separately; final face-page markings still require compiler review","","","Potential FRUS document: extracted actual memcon pages 19-30 from 2014-0901-M and appended original marker page 2 as the provenance sheet. Surrounding administrative material and duplicate copies excluded."
"6","","","Document candidate","Core chronology","1993-04-26","Telcon","2","Telephone call with President Boris Yeltsin of Russia, April 26, 1993, White House","Economic reform / assistance","2015-0782-M-1","51-52","45","https://therealjameswilson.github.io/Clinton-Russia-High-Level/public/documents/1993-04-26-telcon-05.pdf","https://www.clintonlibrary.gov/sites/default/files/finding_aids_a_z/2026-05/2015-0782-M-1.pdf","Source: William J. Clinton Presidential Library, Clinton Presidential Records, Records of the National Security Council Records Management Office (Clinton Administration), NAID 7388808, Presidential Records Series (PRS) Files, NAID 7585721, NSC Records Management, [Yeltsin and Telcons], OA/Box Number 147, Folder Title/Record ID 9302835, Mandatory Declassification Review 2015-0782-M-1, Declassified documents concerning Russian President Boris Yeltsin.","PDF extent validated separately; final face-page markings still require compiler review","","","Potential FRUS document: extracted actual telcon pages 51-52 from 2015-0782-M-1 and appended original marker page 45 as the provenance sheet. Surrounding administrative material and duplicate copies excluded."
"7","","","Document candidate","Core chronology","1993-05-02","Telcon","2","Telephone call with President Boris Yeltsin of Russia, May 2, 1993, White House","Economic reform / assistance","2015-0782-M-1","60-61","55","https://therealjameswilson.github.io/Clinton-Russia-High-Level/public/documents/1993-05-02-telcon-06.pdf","https://www.clintonlibrary.gov/sites/default/files/finding_aids_a_z/2026-05/2015-0782-M-1.pdf","Source: William J. Clinton Presidential Library, Clinton Presidential Records, Records of the National Security Council Records Management Office (Clinton Administration), NAID 7388808, Presidential Records Series (PRS) Files, NAID 7585721, NSC Records Management, [Yeltsin and Telcons], OA/Box Number 148, Folder Title/Record ID 9303034, Mandatory Declassification Review 2015-0782-M-1, Declassified documents concerning Russian President Boris Yeltsin.","PDF extent validated separately; final face-page markings still require compiler review","","","Potential FRUS document: extracted actual telcon pages 60-61 from 2015-0782-M-1 and appended original marker page 55 as the provenance sheet. Surrounding administrative material and duplicate copies excluded."
"8","","","Document candidate","Core chronology","1993-05-10","Telcon","2","Telephone call with President Boris Yeltsin of Russia, May 10, 1993, White House","Economic reform / assistance","2015-0782-M-1","68-69","63","https://therealjameswilson.github.io/Clinton-Russia-High-Level/public/documents/1993-05-10-telcon-07.pdf","https://www.clintonlibrary.gov/sites/default/files/finding_aids_a_z/2026-05/2015-0782-M-1.pdf","Source: William J. Clinton Presidential Library, Clinton Presidential Records, Records of the National Security Council Records Management Office (Clinton Administration), NAID 7388808, Presidential Records Series (PRS) Files, NAID 7585721, NSC Records Management, [Yeltsin and Telcons], OA/Box Number 148, Folder Title/Record ID 9303261, Mandatory Declassification Review 2015-0782-M-1, Declassified documents concerning Russian President Boris Yeltsin.","PDF extent validated separately; final face-page markings still require compiler review","","","Potential FRUS document: extracted actual telcon pages 68-69 from 2015-0782-M-1 and appended original marker page 63 as the provenance sheet. Surrounding administrative material and duplicate copies excluded."
"9","","","Document candidate","Core chronology","1993-06-28","Telcon","4","Telephone call with President Boris Yeltsin of Russia, June 28, 1993, White House","Economic reform / assistance","2015-0782-M-1","76-79","71","https://therealjameswilson.github.io/Clinton-Russia-High-Level/public/documents/1993-06-28-telcon-08.pdf","https://www.clintonlibrary.gov/sites/default/files/finding_aids_a_z/2026-05/2015-0782-M-1.pdf","Source: William J. Clinton Presidential Library, Clinton Presidential Records, Records of the National Security Council Records Management Office (Clinton Administration), NAID 7388808, Presidential Records Series (PRS) Files, NAID 7585721, NSC Records Management, [Yeltsin and Telcons], OA/Box Number 152, Folder Title/Record ID 9304871, Mandatory Declassification Review 2015-0782-M-1, Declassified documents concerning Russian President Boris Yeltsin.","PDF extent validated separately; final face-page markings still require compiler review","","","Potential FRUS document: extracted actual telcon pages 76-79 from 2015-0782-M-1 and appended original marker page 71 as the provenance sheet. Surrounding administrative material and duplicate copies excluded."
"10","","","Document candidate","Core chronology","1993-07-10","Memcon","9","Meeting with President Boris Yeltsin of Russia, July 10, 1993, Tokyo, Japan","Economic reform / assistance","2015-0782-M-1","81-89","80","https://therealjameswilson.github.io/Clinton-Russia-High-Level/public/documents/1993-07-10-memcon-09.pdf","https://www.clintonlibrary.gov/sites/default/files/finding_aids_a_z/2026-05/2015-0782-M-1.pdf","Source: William J. Clinton Presidential Library, Clinton Presidential Records, Records of the National Security Council Records Management Office (Clinton Administration), NAID 7388808, Presidential Records Series (PRS) Files, NAID 7585721, Document ID 9305178, Original OA/ID 153, Mandatory Declassification Review 2014-0996-M, Declassified documents concerning Russian President Boris Yeltsin.","PDF extent validated separately; final face-page markings still require compiler review","","","Potential FRUS document: extracted actual memcon pages 81-89 from 2015-0782-M-1 and appended original marker page 80 as the provenance sheet. Surrounding administrative material and duplicate copies excluded."
"11","","","Document candidate","Core chronology","1993-09-07","Telcon","4","Telephone call with President Boris Yeltsin of Russia, September 7, 1993, White House","Economic reform / assistance","2015-0782-M-1","95-98","91","https://therealjameswilson.github.io/Clinton-Russia-High-Level/public/documents/1993-09-07-telcon-10.pdf","https://www.clintonlibrary.gov/sites/default/files/finding_aids_a_z/2026-05/2015-0782-M-1.pdf","Source: William J. Clinton Presidential Library, Clinton Presidential Records, Records of the National Security Council Records Management Office (Clinton Administration), NAID 7388808, Presidential Records Series (PRS) Files, NAID 7585721, NSC Records Management, [Yeltsin and Telcons], OA/Box Number 160, Folder Title/Record ID 9306715, Mandatory Declassification Review 2015-0782-M-1, Declassified documents concerning Russian President Boris Yeltsin.","PDF extent validated separately; final face-page markings still require compiler review","","","Potential FRUS document: extracted actual telcon pages 95-98 from 2015-0782-M-1 and appended original marker page 91 as the provenance sheet. Surrounding administrative material and duplicate copies excluded."
"12","","","Document candidate","Core chronology","1993-09-21","Telcon","3","Telephone call with President Boris Yeltsin of Russia, September 21, 1993, White House","Economic reform / assistance","2015-0782-M-1","107-109","100","https://therealjameswilson.github.io/Clinton-Russia-High-Level/public/documents/1993-09-21-telcon-11.pdf","https://www.clintonlibrary.gov/sites/default/files/finding_aids_a_z/2026-05/2015-0782-M-1.pdf","Source: William J. Clinton Presidential Library, Clinton Presidential Records, Records of the National Security Council Records Management Office (Clinton Administration), NAID 7388808, Presidential Records Series (PRS) Files, NAID 7585721, NSC Records Management, [Yeltsin and Telcons], OA/Box Number 163, Folder Title/Record ID 9307171, Mandatory Declassification Review 2015-0782-M-1, Declassified documents concerning Russian President Boris Yeltsin.","PDF extent validated separately; final face-page markings still require compiler review","","","Potential FRUS document: extracted actual telcon pages 107-109 from 2015-0782-M-1 and appended original marker page 100 as the provenance sheet. Surrounding administrative material and duplicate copies excluded."
"13","","","Document candidate","Core chronology","1993-10-05","Telcon","3","Telephone call with President Boris Yeltsin of Russia, October 5, 1993, Air Force One","Economic reform / assistance","2015-0782-M-1","119-121","112","https://therealjameswilson.github.io/Clinton-Russia-High-Level/public/documents/1993-10-05-telcon-12.pdf","https://www.clintonlibrary.gov/sites/default/files/finding_aids_a_z/2026-05/2015-0782-M-1.pdf","Source: William J. Clinton Presidential Library, Clinton Presidential Records, Records of the National Security Council Records Management Office (Clinton Administration), NAID 7388808, Presidential Records Series (PRS) Files, NAID 7585721, NSC Records Management, [Yeltsin and Telcons], OA/Box Number 165, Folder Title/Record ID 9307653, Mandatory Declassification Review 2015-0782-M-1, Declassified documents concerning Russian President Boris Yeltsin.","PDF extent validated separately; final face-page markings still require compiler review","","","Potential FRUS document: extracted actual telcon pages 119-121 from 2015-0782-M-1 and appended original marker page 112 as the provenance sheet. Surrounding administrative material and duplicate copies excluded."
"14","","","Document candidate","Core chronology","1993-12-22","Telcon","4","Telephone call with President Boris Yeltsin of Russia, December 22, 1993, White House","Economic reform / assistance","2015-0782-M-1","142-145","136","https://therealjameswilson.github.io/Clinton-Russia-High-Level/public/documents/1993-12-22-telcon-13.pdf","https://www.clintonlibrary.gov/sites/default/files/finding_aids_a_z/2026-05/2015-0782-M-1.pdf","Source: William J. Clinton Presidential Library, Clinton Presidential Records, Records of the National Security Council Records Management Office (Clinton Administration), NAID 7388808, Presidential Records Series (PRS) Files, NAID 7585721, NSC Records Management, [Yeltsin and Telcons], OA/Box Number 178, Folder Title/Record ID 9309998, Mandatory Declassification Review 2015-0782-M-1, Declassified documents concerning Russian President Boris Yeltsin.","PDF extent validated separately; final face-page markings still require compiler review","","","Potential FRUS document: extracted actual telcon pages 142-145 from 2015-0782-M-1 and appended original marker page 136 as the provenance sheet. Surrounding administrative material and duplicate copies excluded."
"15","","","Document candidate","Core chronology","1994-01-13","Memcon","6","One-on-One Meeting with President Boris Yeltsin of Russia","","clinton-item-101363","1-6","","https://therealjameswilson.github.io/Clinton-Russia-High-Level/public/documents/clinton-standalone-1994-01-13-memcon-one-on-one.pdf","https://clinton.presidentiallibraries.us/files/original/19662f645b0b622a95717322e238c1ec.pdf","Source: William J. Clinton Presidential Library, Clinton Digital Library item 101363, ""Memorandum of Conversation - President Boris Yeltsin of Russia,"" January 13, 1994, part of 2016-0117-M, Memcons - Memoranda of Conversation.","PDF extent validated separately; final face-page markings still require compiler review","","","Potential FRUS document: extracted actual memcon pages 1-6 from clinton-item-101363; no original marker/provenance page was identified in the source PDF. Surrounding administrative material and duplicate copies excluded."
"16","","","Document candidate","Core chronology","1994-01-13","Memcon","11","President's dinner with President Yeltsin, January 13/14, 1994","","clinton-item-101370","1-11","","https://therealjameswilson.github.io/Clinton-Russia-High-Level/public/documents/clinton-standalone-1994-01-13-yeltsin-dinner-cable.pdf","https://clinton.presidentiallibraries.us/files/original/c016beef71be071cd9c96fcf0972fd57.pdf","Source: William J. Clinton Presidential Library, Clinton Digital Library item 101370, ""Memorandum of Conversation - President Boris Yeltsin of Russia,"" January 13, 1994, part of 2016-0117-M, Memcons - Memoranda of Conversation. Item description: ""This Memcon was received as a NSC Cable.""","PDF extent validated separately; final face-page markings still require compiler review","","","Potential FRUS document: extracted actual memcon pages 1-11 from clinton-item-101370; no original marker/provenance page was identified in the source PDF. Surrounding administrative material and duplicate copies excluded. The item is retained as a high-level interaction report even though the source label cautions that it is an NSC cable rather than a formal White House memcon."
"17","","","Document candidate","Core chronology","1994-01-14","Memcon","3","Trilateral Meeting with President Boris Yeltsin of Russia on Security Issues","Ukraine / nuclear security","F-2017-13804","State FOIA document C06694499, conversation pages 1-3","","https://therealjameswilson.github.io/Clinton-Russia-High-Level/public/documents/1994-01-14-memcon-trilateral-yeltsin-kravchuk.pdf","https://drive.google.com/file/d/1mA2m1fonXTwvzmbdVLzjWV7iGpBWAC1r/view","Source: Department of State, FOIA Virtual Reading Room, Strobe Talbott FOIA release, case F-2017-13804, document C06694499.","PDF extent validated separately; final face-page markings still require compiler review","","","Potential FRUS document: extracted actual memcon pages State FOIA document C06694499, conversation pages 1-3 from F-2017-13804; no original marker/provenance page was identified in the source PDF. Surrounding administrative material and duplicate copies excluded."
"18","","","Document candidate","Core chronology","1994-01-14","Memcon","8","Second Expanded Bilateral Session with President Boris Yeltsin of Russia","","F-2017-13804","State FOIA document C06694502, conversation pages 1-8","","https://therealjameswilson.github.io/Clinton-Russia-High-Level/public/documents/1994-01-14-memcon-second-expanded-bilateral-session.pdf","https://drive.google.com/file/d/1pr42yhINujL_px_Y5aXD_MmChhc5sy9v/view","Source: Department of State, FOIA Virtual Reading Room, Strobe Talbott FOIA release, case F-2017-13804, document C06694502.","PDF extent validated separately; final face-page markings still require compiler review","","","Potential FRUS document: extracted actual memcon pages State FOIA document C06694502, conversation pages 1-8 from F-2017-13804; no original marker/provenance page was identified in the source PDF. Surrounding administrative material and duplicate copies excluded."
"19","","","Document candidate","Core chronology","1994-01-15","Memcon","2","One-on-One Meeting with President Boris Yeltsin of Russia","","clinton-item-101364","1-2","","https://therealjameswilson.github.io/Clinton-Russia-High-Level/public/documents/clinton-standalone-1994-01-15-memcon-one-on-one.pdf","https://clinton.presidentiallibraries.us/files/original/67bc3e4fc7cc0ed1ba4f438e510624d8.pdf","Source: William J. Clinton Presidential Library, Clinton Digital Library item 101364, ""Memorandum of Conversation - President Boris Yeltsin of Russia,"" January 15, 1994, part of 2016-0117-M, Memcons - Memoranda of Conversation.","PDF extent validated separately; final face-page markings still require compiler review","","","Potential FRUS document: extracted actual memcon pages 1-2 from clinton-item-101364; no original marker/provenance page was identified in the source PDF. Surrounding administrative material and duplicate copies excluded."
"20","","","Document candidate","Core chronology","1994-02-20","Telcon","3","Telephone call with President Boris Yeltsin of Russia, February 20, 1994, White House White House","Economic reform / assistance","2015-0782-M-1","155-157","148","https://therealjameswilson.github.io/Clinton-Russia-High-Level/public/documents/1994-02-20-telcon-16.pdf","https://www.clintonlibrary.gov/sites/default/files/finding_aids_a_z/2026-05/2015-0782-M-1.pdf","Source: William J. Clinton Presidential Library, Clinton Presidential Records, Records of the National Security Council Records Management Office (Clinton Administration), NAID 7388808, Presidential Records Series (PRS) Files, NAID 7585721, NSC Records Management, [Yeltsin and Telcons], OA/Box Number 470, Folder Title/Record ID 9401529, Mandatory Declassification Review 2015-0782-M-1, Declassified documents concerning Russian President Boris Yeltsin.","PDF extent validated separately; final face-page markings still require compiler review","","","Potential FRUS document: extracted actual telcon pages 155-157 from 2015-0782-M-1 and appended original marker page 148 as the provenance sheet. Surrounding administrative material and duplicate copies excluded."
"21","","","Document candidate","Core chronology","1994-04-10","Telcon","3","Telephone call with President Boris Yeltsin of Russia, April 10, 1994, White House","Economic reform / assistance","2015-0782-M-1","164-166","159","https://therealjameswilson.github.io/Clinton-Russia-High-Level/public/documents/1994-04-10-telcon-17.pdf","https://www.clintonlibrary.gov/sites/default/files/finding_aids_a_z/2026-05/2015-0782-M-1.pdf","Source: William J. Clinton Presidential Library, Clinton Presidential Records, Records of the National Security Council Records Management Office (Clinton Administration), NAID 7388808, Presidential Records Series (PRS) Files, NAID 7585721, NSC Records Management, [Yeltsin and Telcons], OA/Box Number 472, Folder Title/Record ID 9402775, Mandatory Declassification Review 2015-0782-M-1, Declassified documents concerning Russian President Boris Yeltsin.","PDF extent validated separately; final face-page markings still require compiler review","","","Potential FRUS document: extracted actual telcon pages 164-166 from 2015-0782-M-1 and appended original marker page 159 as the provenance sheet. Surrounding administrative material and duplicate copies excluded."
"22","","","Document candidate","Core chronology","1994-04-20","Telcon","4","Telephone call with President Boris Yeltsin of Russia, April 20, 1994, White House","Economic reform / assistance","2015-0782-M-1","181-184","171","https://therealjameswilson.github.io/Clinton-Russia-High-Level/public/documents/1994-04-20-telcon-18.pdf","https://www.clintonlibrary.gov/sites/default/files/finding_aids_a_z/2026-05/2015-0782-M-1.pdf","Source: William J. Clinton Presidential Library, Clinton Presidential Records, Records of the National Security Council Records Management Office (Clinton Administration), NAID 7388808, Presidential Records Series (PRS) Files, NAID 7585721, NSC Records Management, [Yeltsin and Telcons], OA/Box Number 472, Folder Title/Record ID 9403047, Mandatory Declassification Review 2015-0782-M-1, Declassified documents concerning Russian President Boris Yeltsin.","PDF extent validated separately; final face-page markings still require compiler review","","","Potential FRUS document: extracted actual telcon pages 181-184 from 2015-0782-M-1 and appended original marker page 171 as the provenance sheet. Surrounding administrative material and duplicate copies excluded."
"23","","","Research gap / possible editorial note","Hard source gap","1994-06-03","Telcon","","Telephone call with President Boris Yeltsin of Russia, June 3, 1994, Rome, Italy","Economic reform / assistance","2015-0782-M-1","Marker/withdrawal packet pages 187-190 only; no released telcon pages","187","","https://www.clintonlibrary.gov/sites/default/files/finding_aids_a_z/2026-05/2015-0782-M-1.pdf","Source: William J. Clinton Presidential Library, Clinton Presidential Records, Records of the National Security Council Records Management Office (Clinton Administration), NAID 7388808, Presidential Records Series (PRS) Files, NAID 7585721, Folder Title/Record ID 9404692, Mandatory Declassification Review 2015-0782-M-1, Declassified documents concerning Russian President Boris Yeltsin.","No extracted PDF; actual conversation pages not located","","","Pending source problem: no derivative PDF generated because the source packet contains marker/withdrawal/profile pages only, not released June 3, 1994 telcon text; later Clinton Library, Google Drive, NARA Scout/Catalog, and NSA searches found confirmation/context only."
"24","","","Document candidate","Core chronology","1994-06-13","Telcon","4","Telephone Call with President Boris Yeltsin of Russia, June 13, 1994, White House","Economic reform / assistance","2015-0782-M-1","191-194","187","https://therealjameswilson.github.io/Clinton-Russia-High-Level/public/documents/1994-06-13-telcon-20.pdf","https://www.clintonlibrary.gov/sites/default/files/finding_aids_a_z/2026-05/2015-0782-M-1.pdf","Source: William J. Clinton Presidential Library, Clinton Presidential Records, Records of the National Security Council Records Management Office (Clinton Administration), NAID 7388808, Presidential Records Series (PRS) Files, NAID 7585721, Document ID 9404692, Original OA/ID 475, Mandatory Declassification Review 2015-0782-M-1, Declassified documents concerning Russian President Boris Yeltsin.","PDF extent validated separately; final face-page markings still require compiler review","","","Potential FRUS document: extracted actual telcon pages 191-194 from 2015-0782-M-1 and appended original marker page 187 as the provenance sheet. Surrounding administrative material and duplicate copies excluded."
"25","","","Document candidate","Core chronology","1994-07-05","Telcon","3","Telephone call with President Boris Yeltsin of Russia, July 5, 1994, White House","Economic reform / assistance","2015-0782-M-1","202-204","196","https://therealjameswilson.github.io/Clinton-Russia-High-Level/public/documents/1994-07-05-telcon-21.pdf","https://www.clintonlibrary.gov/sites/default/files/finding_aids_a_z/2026-05/2015-0782-M-1.pdf","Source: William J. Clinton Presidential Library, Clinton Presidential Records, Records of the National Security Council Records Management Office (Clinton Administration), NAID 7388808, Presidential Records Series (PRS) Files, NAID 7585721, NSC Records Management, [Yeltsin and Telcons], OA/Box Number 477, Folder Title/Record ID 9405387, Mandatory Declassification Review 2015-0782-M-1, Declassified documents concerning Russian President Boris Yeltsin.","PDF extent validated separately; final face-page markings still require compiler review","","","Potential FRUS document: extracted actual telcon pages 202-204 from 2015-0782-M-1 and appended original marker page 196 as the provenance sheet. Surrounding administrative material and duplicate copies excluded."
"26","","","Research gap / possible editorial note","Hard source gap","1994-07-10","Memcon","","Meeting with President Boris Yeltsin of Russia, July 10, 1994, Naples Italy","Economic reform / assistance","2015-0782-M-1","No released July 10, 1994 Naples memcon pages located in 2015-0782-M-1","","","https://www.clintonlibrary.gov/sites/default/files/finding_aids_a_z/2026-05/2015-0782-M-1.pdf","Source: William J. Clinton Presidential Library, Clinton Presidential Records, Records of the National Security Council Records Management Office (Clinton Administration), NAID 7388808, Presidential Records Series (PRS) Files, NAID 7585721, Mandatory Declassification Review 2015-0782-M-1, Declassified documents concerning Russian President Boris Yeltsin.","No extracted PDF; actual conversation pages not located","","","Pending source problem: no derivative PDF generated because no released July 10, 1994 Naples memcon pages were located in the reviewed Clinton Library packet, Clinton Digital Library/public-record searches, Google Drive, NARA Scout/Catalog, or National Security Archive postings; pages 213-219 have been reassigned to the September 27, 1994 one-on-one memcon."
"27","","","Document candidate","Core chronology","1994-09-27","Memcon","7","Clinton-Yeltsin one-on-one memcon, September 27, 1994","Economic reform / assistance","2015-0782-M-1","213-219","209","https://therealjameswilson.github.io/Clinton-Russia-High-Level/public/documents/1994-09-27-clinton-yeltsin-white-house-one-on-one.pdf","https://www.clintonlibrary.gov/sites/default/files/finding_aids_a_z/2026-05/2015-0782-M-1.pdf","Source: William J. Clinton Presidential Library, Clinton Presidential Records, Records of the National Security Council Records Management Office (Clinton Administration), NAID 7388808, Presidential Records Series (PRS) Files, NAID 7585721, NSC Records Management, [Yeltsin and Telcons], OA/Box Number 481, Folder Title/Record ID 9408090, Mandatory Declassification Review 2015-0782-M-1, Declassified documents concerning Russian President Boris Yeltsin.","PDF extent validated separately; final face-page markings still require compiler review","","","Potential FRUS document: extracted actual memcon pages 213-219 from 2015-0782-M-1 and appended original marker page 209 as the provenance sheet. Surrounding administrative material and duplicate copies excluded."
"28","","","Document candidate","Core chronology","1994-09-27","Memcon","10","Meeting with President Boris Yeltsin of Russia, September 27, 1994, White House","Economic reform / assistance","2015-0782-M-1","251-260","245","https://therealjameswilson.github.io/Clinton-Russia-High-Level/public/documents/1994-09-27-clinton-yeltsin-expanded-security-session.pdf","https://www.clintonlibrary.gov/sites/default/files/finding_aids_a_z/2026-05/2015-0782-M-1.pdf","Source: William J. Clinton Presidential Library, Clinton Presidential Records, Records of the National Security Council Records Management Office (Clinton Administration), NAID 7388808, Presidential Records Series (PRS) Files, NAID 7585721, NSC Records Management, [Yeltsin and Telcons], OA/Box Number 482, Folder Title/Record ID 9408513, Mandatory Declassification Review 2015-0782-M-1, Declassified documents concerning Russian President Boris Yeltsin.","PDF extent validated separately; final face-page markings still require compiler review","","","Potential FRUS document: extracted actual memcon pages 251-260 from 2015-0782-M-1 and appended original marker page 245 as the provenance sheet. Surrounding administrative material and duplicate copies excluded."
"29","","","Document candidate","Core chronology","1994-09-28","Memcon","6","Second Clinton/Yeltsin One-on-One","Economic reform / assistance","clinton-item-101758","3-7,9","","https://therealjameswilson.github.io/Clinton-Russia-High-Level/public/documents/clinton-standalone-1994-09-28-second-one-on-one.pdf","https://clinton.presidentiallibraries.us/files/original/2509827ca57f98e07eec584b3d69250f.pdf","Source: William J. Clinton Presidential Library, Clinton Digital Library item 101758, ""Declassified documents concerning telcon between the President and Boris Yeltsin on September 28, 1994,"" identifier 2018-1215-M; creators National Security Council, NSC European Affairs Office, and Alexander Vershbow; part of National Archives Catalog Description, NAID 7585499; Clinton Presidential Records: White House Staff and Office Files; Declassified Documents collection.","PDF extent validated separately; final face-page markings still require compiler review","","","Potential FRUS document: extracted actual memcon pages 3-7,9 from clinton-item-101758; no original marker/provenance page was identified in the source PDF. Surrounding administrative material and duplicate copies excluded. Source pages 1-2 are a duplicate tail fragment and source page 8 is blank; only pages 3-7 and 9 are included in the local derivative PDF."
"30","","","Document candidate","Core chronology","1994-10-05","Telcon","4","Telephone call with President Boris Yeltsin, October 5, 1994, White House","Economic reform / assistance","2015-0782-M-1","227-230","221","https://therealjameswilson.github.io/Clinton-Russia-High-Level/public/documents/1994-10-05-telcon-24.pdf","https://www.clintonlibrary.gov/sites/default/files/finding_aids_a_z/2026-05/2015-0782-M-1.pdf","Source: William J. Clinton Presidential Library, Clinton Presidential Records, Records of the National Security Council Records Management Office (Clinton Administration), NAID 7388808, Presidential Records Series (PRS) Files, NAID 7585721, NSC Records Management, [Yeltsin and Telcons], Folder Title/Record ID 9408162, Mandatory Declassification Review 2015-0782-M-1, Declassified documents concerning Russian President Boris Yeltsin.","PDF extent validated separately; final face-page markings still require compiler review","","","Potential FRUS document: extracted actual telcon pages 227-230 from 2015-0782-M-1 and appended original marker page 221 as the provenance sheet. Surrounding administrative material and duplicate copies excluded."
"31","","","Document candidate","Core chronology","1994-10-10","Telcon","4","Telephone call with President Boris Yeltsin of Russia, October 10, 1994, White House","Economic reform / assistance","2015-0782-M-1","238-241","233","https://therealjameswilson.github.io/Clinton-Russia-High-Level/public/documents/1994-10-10-clinton-yeltsin-iraq-telcon.pdf","https://www.clintonlibrary.gov/sites/default/files/finding_aids_a_z/2026-05/2015-0782-M-1.pdf","Source: William J. Clinton Presidential Library, Clinton Presidential Records, Records of the National Security Council Records Management Office (Clinton Administration), NAID 7388808, Presidential Records Series (PRS) Files, NAID 7585721, OA/Box Number 481, Folder Title/Record ID 9408229, Mandatory Declassification Review 2015-0782-M-1, Declassified documents concerning Russian President Boris Yeltsin.","PDF extent validated separately; final face-page markings still require compiler review","","","Potential FRUS document: extracted actual telcon pages 238-241 from 2015-0782-M-1 and appended original marker page 233 as the provenance sheet. Surrounding administrative material and duplicate copies excluded."
"32","","","Document candidate","Core chronology","1995-02-13","Telcon","4","Telephone call with President Boris Yeltsin of Russia, February 13, 1995, White House","Economic reform / assistance","2015-0782-M-1","268-271","263","https://therealjameswilson.github.io/Clinton-Russia-High-Level/public/documents/1995-02-13-telcon-26.pdf","https://www.clintonlibrary.gov/sites/default/files/finding_aids_a_z/2026-05/2015-0782-M-1.pdf","Source: William J. Clinton Presidential Library, Clinton Presidential Records, Records of the National Security Council Records Management Office (Clinton Administration), NAID 7388808, Presidential Records Series (PRS) Files, NAID 7585721, NSC Records Management, [Yeltsin and Telcons], OA/Box Number 564, Folder Title/Record ID 9500995, Mandatory Declassification Review 2015-0782-M-1, Declassified documents concerning Russian President Boris Yeltsin.","PDF extent validated separately; final face-page markings still require compiler review","","","Potential FRUS document: extracted actual telcon pages 268-271 from 2015-0782-M-1 and appended original marker page 263 as the provenance sheet. Surrounding administrative material and duplicate copies excluded."
"33","","","Document candidate","Core chronology","1995-04-27","Telcon","4","Telephone call with President Boris Yeltsin of Russia, April 27, 1995, White House","Economic reform / assistance","2015-0782-M-1","280-283","275","https://therealjameswilson.github.io/Clinton-Russia-High-Level/public/documents/1995-04-27-telcon-27.pdf","https://www.clintonlibrary.gov/sites/default/files/finding_aids_a_z/2026-05/2015-0782-M-1.pdf","Source: William J. Clinton Presidential Library, Clinton Presidential Records, Records of the National Security Council Records Management Office (Clinton Administration), NAID 7388808, Presidential Records Series (PRS) Files, NAID 7585721, NSC Records Management, [Yeltsin and Telcons], Folder Title/Record ID 9503572, Mandatory Declassification Review 2015-0782-M-1, Declassified documents concerning Russian President Boris Yeltsin.","PDF extent validated separately; final face-page markings still require compiler review","","","Potential FRUS document: extracted actual telcon pages 280-283 from 2015-0782-M-1 and appended original marker page 275 as the provenance sheet. Surrounding administrative material and duplicate copies excluded."
"34","","","Document candidate","Core chronology","1995-05-10","Memcon","16","Meeting with President Boris Yeltsin of Russia, May 10, 1995, The Kremlin, Moscow, Russia","Economic reform / assistance","2015-0782-M-1","285-300","284","https://therealjameswilson.github.io/Clinton-Russia-High-Level/public/documents/1995-05-10-memcon-28.pdf","https://www.clintonlibrary.gov/sites/default/files/finding_aids_a_z/2026-05/2015-0782-M-1.pdf","Source: William J. Clinton Presidential Library, Clinton Presidential Records, Records of the National Security Council Records Management Office (Clinton Administration), NAID 7388808, Presidential Records Series (PRS) Files, NAID 7585721, Document ID 9503774, Original OA/ID 582, Mandatory Declassification Review 2014-0904-M-Release-A, Declassified documents concerning Russia.","PDF extent validated separately; final face-page markings still require compiler review","","","Potential FRUS document: extracted actual memcon pages 285-300 from 2015-0782-M-1 and appended original marker page 284 as the provenance sheet. Surrounding administrative material and duplicate copies excluded."
"35","","","Document candidate","Core chronology","1995-06-17","Memcon","8","Meeting with President Boris Yeltsin of Russia, June 17, 1995, Halifax, Nova Scotia, Canada","","F-2017-13804","Strobe FOIA document C06835181, conversation pages 1-8","","https://therealjameswilson.github.io/Clinton-Russia-High-Level/public/documents/1995-06-17-memcon-29.pdf","https://therealjameswilson.github.io/strobe-talbott-foia/manifest.html","Source: Department of State, FOIA Virtual Reading Room, Strobe Talbott FOIA release, case F-2017-13804, document C06835181.","PDF extent validated separately; final face-page markings still require compiler review","","","Potential FRUS document: extracted actual memcon pages Strobe FOIA document C06835181, conversation pages 1-8 from F-2017-13804; no original marker/provenance page was identified in the source PDF. Surrounding administrative material and duplicate copies excluded."
"36","","","Document candidate","Core chronology","1995-07-28","Telcon","5","Telephone call with President Boris Yeltsin of Russia, July 28, 1995, White House","Economic reform / assistance","2015-0782-M-1","309-313","302","https://therealjameswilson.github.io/Clinton-Russia-High-Level/public/documents/1995-07-28-telcon-30.pdf","https://www.clintonlibrary.gov/sites/default/files/finding_aids_a_z/2026-05/2015-0782-M-1.pdf","Source: William J. Clinton Presidential Library, Clinton Presidential Records, Records of the National Security Council Records Management Office (Clinton Administration), NAID 7388808, Presidential Records Series (PRS) Files, NAID 7585721, NSC Records Management, [Yeltsin and Telcons], OA/Box Number 597, Folder Title/Record ID 9505860, Mandatory Declassification Review 2015-0782-M-1, Declassified documents concerning Russian President Boris Yeltsin.","PDF extent validated separately; final face-page markings still require compiler review","","","Potential FRUS document: extracted actual telcon pages 309-313 from 2015-0782-M-1 and appended original marker page 302 as the provenance sheet. Surrounding administrative material and duplicate copies excluded."
"37","","","Document candidate","Core chronology","1995-09-27","Telcon","3","Telephone call with President Boris Yeltsin of Russia, September 27, 1995, White House","Economic reform / assistance","2015-0782-M-1","324-326","318","https://therealjameswilson.github.io/Clinton-Russia-High-Level/public/documents/1995-09-27-telcon-31.pdf","https://www.clintonlibrary.gov/sites/default/files/finding_aids_a_z/2026-05/2015-0782-M-1.pdf","Source: William J. Clinton Presidential Library, Clinton Presidential Records, Records of the National Security Council Records Management Office (Clinton Administration), NAID 7388808, Presidential Records Series (PRS) Files, NAID 7585721, NSC Records Management, [Yeltsin and Telcons], OA/Box Number 606, Folder Title/Record ID 9507137, Mandatory Declassification Review 2015-0782-M-1, Declassified documents concerning Russian President Boris Yeltsin.","PDF extent validated separately; final face-page markings still require compiler review","","","Potential FRUS document: extracted actual telcon pages 324-326 from 2015-0782-M-1 and appended original marker page 318 as the provenance sheet. Surrounding administrative material and duplicate copies excluded."
"38","","","Document candidate","Core chronology","1995-10-23","Memcon","12","Clinton-Yeltsin One-on-One","Economic reform / assistance","2014-0948-M","5-16","2","https://therealjameswilson.github.io/Clinton-Russia-High-Level/public/documents/1995-10-23-clinton-yeltsin-hyde-park-one-on-one.pdf","https://s3.amazonaws.com/NARAprodstorage/lz/presidential-libraries/clinton/wjc-nscrm/7585721/7-YeltsinHydePark.pdf","Source: William J. Clinton Presidential Library, Clinton Presidential Records, Records of the National Security Council Records Management Office (Clinton Administration), NAID 7388808, Presidential Records Series (PRS) Files, NAID 7585721, NSC Records Management, [Yeltsin], OA/Box Number 43319, Folder Title/Record ID 9507853, National Archives Catalog item 2014-0948-M, Memcon between President William Jefferson Clinton and President Boris Yeltsin, NAID 163545436.","PDF extent validated separately; final face-page markings still require compiler review","","","Potential FRUS document: extracted actual memcon pages 5-16 from 2014-0948-M and appended original marker page 2 as the provenance sheet. Surrounding administrative material and duplicate copies excluded."
"39","","","Document candidate","Core chronology","1995-10-23","Memcon","5","Lunch with Boris Yeltsin, President of Russian Federation","Economic reform / assistance","2014-0948-M","31-35","19","https://therealjameswilson.github.io/Clinton-Russia-High-Level/public/documents/1995-10-23-clinton-yeltsin-hyde-park-lunch.pdf","https://s3.amazonaws.com/NARAprodstorage/lz/presidential-libraries/clinton/wjc-nscrm/7585721/7-YeltsinHydePark.pdf","Source: William J. Clinton Presidential Library, Clinton Presidential Records, Records of the National Security Council Records Management Office (Clinton Administration), NAID 7388808, Presidential Records Series (PRS) Files, NAID 7585721, NSC Records Management, [Yeltsin], OA/Box Number 611, Folder Title/Record ID 9507991, National Archives Catalog item 2014-0948-M, Memcon between President William Jefferson Clinton and President Boris Yeltsin, NAID 163545436.","PDF extent validated separately; final face-page markings still require compiler review","","","Potential FRUS document: extracted actual memcon pages 31-35 from 2014-0948-M and appended original marker page 19 as the provenance sheet. Surrounding administrative material and duplicate copies excluded."
"40","","","Document candidate","Core chronology","1996-01-26","Telcon","5","Telephone call with President Boris Yeltsin of Russia, January 26, 1996, White House","Economic reform / assistance","2015-0782-M-1","342-346","336","https://therealjameswilson.github.io/Clinton-Russia-High-Level/public/documents/1996-01-26-telcon-33.pdf","https://www.clintonlibrary.gov/sites/default/files/finding_aids_a_z/2026-05/2015-0782-M-1.pdf","Source: William J. Clinton Presidential Library, Clinton Presidential Records, Records of the National Security Council Records Management Office (Clinton Administration), NAID 7388808, Presidential Records Series (PRS) Files, NAID 7585721, NSC Records Management, [Yeltsin and Telcons], OA/Box Number 1082, Folder Title/Record ID 9600480, Mandatory Declassification Review 2015-0782-M-1, Declassified documents concerning Russian President Boris Yeltsin.","PDF extent validated separately; final face-page markings still require compiler review","","","Potential FRUS document: extracted actual telcon pages 342-346 from 2015-0782-M-1 and appended original marker page 336 as the provenance sheet. Surrounding administrative material and duplicate copies excluded."
"41","","","Document candidate","Core chronology","1996-02-21","Telcon","4","Telephone call with President Boris Yeltsin of Russia, February 21, 1996, White House","Economic reform / assistance","2015-0782-M-1","354-357","348","https://therealjameswilson.github.io/Clinton-Russia-High-Level/public/documents/1996-02-21-telcon-34.pdf","https://www.clintonlibrary.gov/sites/default/files/finding_aids_a_z/2026-05/2015-0782-M-1.pdf","Source: William J. Clinton Presidential Library, Clinton Presidential Records, Records of the National Security Council Records Management Office (Clinton Administration), NAID 7388808, Presidential Records Series (PRS) Files, NAID 7585721, Document ID 9601097, Original OA/ID 1086, Mandatory Declassification Review 2015-0782-M-1, Declassified documents concerning Russian President Boris Yeltsin.","PDF extent validated separately; final face-page markings still require compiler review","","","Potential FRUS document: extracted actual telcon pages 354-357 from 2015-0782-M-1 and appended original marker page 348 as the provenance sheet. Surrounding administrative material and duplicate copies excluded."
"42","","","Document candidate","Core chronology","1996-03-13","Memcon","4","Meeting with President Boris Yeltsin of Russia, March 13, 1996, Sharm El-Sheikh, Egypt","","2016-0118-M-4","Google Drive file 1kqpS-sURsWvTfRqKhA-09YXKX5fVVh7c, pages 2-5","1","https://therealjameswilson.github.io/Clinton-Russia-High-Level/public/documents/1996-03-13-clinton-yeltsin-sharm-el-sheikh-memcon-cable.pdf","https://drive.google.com/file/d/1kqpS-sURsWvTfRqKhA-09YXKX5fVVh7c/view","Source: William J. Clinton Presidential Library, Clinton Presidential Records: NSC Cable, Email, and Records Management System, Clinton Digital Library item 118876, Clinton Digital Library item 2016-0118-M, Meetings between President Clinton and Russian President Boris Yeltsin.","PDF extent validated separately; final face-page markings still require compiler review","","","Potential FRUS document: extracted actual memcon pages Google Drive file 1kqpS-sURsWvTfRqKhA-09YXKX5fVVh7c, pages 2-5 from 2016-0118-M-4 and appended original marker page 1 as the provenance sheet. Surrounding administrative material and duplicate copies excluded."
"43","","","Document candidate","Core chronology","1996-04-09","Telcon","5","Telephone call with President Boris Yeltsin of Russia, April 9, 1996, White House","Economic reform / assistance","2015-0782-M-1","369-373","362","https://therealjameswilson.github.io/Clinton-Russia-High-Level/public/documents/1996-04-09-telcon-36.pdf","https://www.clintonlibrary.gov/sites/default/files/finding_aids_a_z/2026-05/2015-0782-M-1.pdf","Source: William J. Clinton Presidential Library, Clinton Presidential Records, Records of the National Security Council Records Management Office (Clinton Administration), NAID 7388808, Presidential Records Series (PRS) Files, NAID 7585721, NSC Records Management, [Yeltsin and Telcons], OA/Box Number 1093, Folder Title/Record ID 9602172, Mandatory Declassification Review 2015-0782-M-1, Declassified documents concerning Russian President Boris Yeltsin.","PDF extent validated separately; final face-page markings still require compiler review","","","Potential FRUS document: extracted actual telcon pages 369-373 from 2015-0782-M-1 and appended original marker page 362 as the provenance sheet. Surrounding administrative material and duplicate copies excluded."
"44","","","Document candidate","Core chronology","1996-04-21","Memcon","13","POTUS-Yeltsin One-on-One","Economic reform / assistance","2015-0782-M-1","381-393","377","https://therealjameswilson.github.io/Clinton-Russia-High-Level/public/documents/1996-04-21-memcon-moscow-one-on-one.pdf","https://www.clintonlibrary.gov/sites/default/files/finding_aids_a_z/2026-05/2015-0782-M-1.pdf","Source: William J. Clinton Presidential Library, Clinton Presidential Records, Records of the National Security Council Records Management Office (Clinton Administration), NAID 7388808, Presidential Records Series (PRS) Files, NAID 7585721, NSC Records Management, [Yeltsin and Telcons], OA/Box Number 43319, Folder Title/Record ID 9602708, Mandatory Declassification Review 2015-0782-M-1, Declassified documents concerning Russian President Boris Yeltsin.","PDF extent validated separately; final face-page markings still require compiler review","","","Potential FRUS document: extracted actual memcon pages 381-393 from 2015-0782-M-1 and appended original marker page 377 as the provenance sheet. Surrounding administrative material and duplicate copies excluded."
"45","","","Document candidate","Core chronology","1996-04-21","Memcon","7","Luncheon Meeting with Russian President Boris Yeltsin","Economic reform / assistance","2015-0782-M-2","7-13","2","https://therealjameswilson.github.io/Clinton-Russia-High-Level/public/documents/1996-04-21-memcon-moscow-luncheon.pdf","https://www.clintonlibrary.gov/sites/default/files/finding_aids_a_z/2026-01/2015-0782-M-2.pdf","Source: William J. Clinton Presidential Library, Clinton Presidential Records, Records of the National Security Council Records Management Office (Clinton Administration), NAID 7388808, Presidential Records Series (PRS) Files, NAID 7585721, NSC Records Management, [Yeltsin and Telcons], OA/Box Number 1100, Folder Title/Record ID 9602963, Mandatory Declassification Review 2015-0782-M-2, Declassified documents concerning Russian President Boris Yeltsin.","PDF extent validated separately; final face-page markings still require compiler review","","","Potential FRUS document: extracted actual memcon pages 7-13 from 2015-0782-M-2 and appended original marker page 2 as the provenance sheet. Surrounding administrative material and duplicate copies excluded."
"46","","","Document candidate","Core chronology","1996-05-07","Telcon","4","Telephone call with President Boris Yeltsin of Russia, May 7, 1996, White House","Economic reform / assistance","2015-0782-M-2","25-28","19","https://therealjameswilson.github.io/Clinton-Russia-High-Level/public/documents/1996-05-07-telcon-38.pdf","https://www.clintonlibrary.gov/sites/default/files/finding_aids_a_z/2026-01/2015-0782-M-2.pdf","Source: William J. Clinton Presidential Library, Clinton Presidential Records, Records of the National Security Council Records Management Office (Clinton Administration), NAID 7388808, Presidential Records Series (PRS) Files, NAID 7585721, NSC Records Management, [Yeltsin and Telcons], OA/Box Number 1101, Folder Title/Record ID 9603149, Mandatory Declassification Review 2015-0782-M-2, Declassified documents concerning Russian President Boris Yeltsin.","PDF extent validated separately; final face-page markings still require compiler review","","","Potential FRUS document: extracted actual telcon pages 25-28 from 2015-0782-M-2 and appended original marker page 19 as the provenance sheet. Surrounding administrative material and duplicate copies excluded."
"47","","","Document candidate","Core chronology","1996-06-18","Telcon","2","Telephone call with President Boris Yeltsin of Russia, June 18, 1996, White House","Economic reform / assistance","2015-0782-M-2","39-40","33","https://therealjameswilson.github.io/Clinton-Russia-High-Level/public/documents/1996-06-18-telcon-39.pdf","https://www.clintonlibrary.gov/sites/default/files/finding_aids_a_z/2026-01/2015-0782-M-2.pdf","Source: William J. Clinton Presidential Library, Clinton Presidential Records, Records of the National Security Council Records Management Office (Clinton Administration), NAID 7388808, Presidential Records Series (PRS) Files, NAID 7585721, Document ID 9604219, Original OA/ID 1108, Mandatory Declassification Review 2015-0782-M-2, Declassified documents concerning Russian President Boris Yeltsin.","PDF extent validated separately; final face-page markings still require compiler review","","","Potential FRUS document: extracted actual telcon pages 39-40 from 2015-0782-M-2 and appended original marker page 33 as the provenance sheet. Surrounding administrative material and duplicate copies excluded."
"48","","","Document candidate","Core chronology","1996-07-05","Telcon","3","Telephone call with President Boris Yeltsin of Russia, July 5, 1996, White House","Economic reform / assistance","2015-0782-M-2","49-51","44","https://therealjameswilson.github.io/Clinton-Russia-High-Level/public/documents/1996-07-05-telcon-40.pdf","https://www.clintonlibrary.gov/sites/default/files/finding_aids_a_z/2026-01/2015-0782-M-2.pdf","Source: William J. Clinton Presidential Library, Clinton Presidential Records, Records of the National Security Council Records Management Office (Clinton Administration), NAID 7388808, Presidential Records Series (PRS) Files, NAID 7585721, NSC Records Management, [Yeltsin and Telcons], Folder Title/Record ID 9604660, Mandatory Declassification Review 2015-0782-M-2, Declassified documents concerning Russian President Boris Yeltsin.","PDF extent validated separately; final face-page markings still require compiler review","","","Potential FRUS document: extracted actual telcon pages 49-51 from 2015-0782-M-2 and appended original marker page 44 as the provenance sheet. Surrounding administrative material and duplicate copies excluded."
"49","","","Document candidate","Core chronology","1996-09-15","Telcon","2","Telephone call with President Boris Yeltsin of Russia, September 15, 1996, White House","Economic reform / assistance","2015-0782-M-2","64-65","58","https://therealjameswilson.github.io/Clinton-Russia-High-Level/public/documents/1996-09-15-telcon-41.pdf","https://www.clintonlibrary.gov/sites/default/files/finding_aids_a_z/2026-01/2015-0782-M-2.pdf","Source: William J. Clinton Presidential Library, Clinton Presidential Records, Records of the National Security Council Records Management Office (Clinton Administration), NAID 7388808, Presidential Records Series (PRS) Files, NAID 7585721, NSC Records Management, [Yeltsin and Telcons], Folder Title/Record ID 9606243, Mandatory Declassification Review 2015-0782-M-2, Declassified documents concerning Russian President Boris Yeltsin.","PDF extent validated separately; final face-page markings still require compiler review","","","Potential FRUS document: extracted actual telcon pages 64-65 from 2015-0782-M-2 and appended original marker page 58 as the provenance sheet. Surrounding administrative material and duplicate copies excluded."
"50","","","Document candidate","Core chronology","1996-12-05","Telcon","3","Telephone call with President Boris Yeltsin of Russia, December 5, 1996, White House","Economic reform / assistance","2015-0782-M-2","77-79","70","https://therealjameswilson.github.io/Clinton-Russia-High-Level/public/documents/1996-12-05-telcon-42.pdf","https://www.clintonlibrary.gov/sites/default/files/finding_aids_a_z/2026-01/2015-0782-M-2.pdf","Source: William J. Clinton Presidential Library, Clinton Presidential Records, Records of the National Security Council Records Management Office (Clinton Administration), NAID 7388808, Presidential Records Series (PRS) Files, NAID 7585721, NSC Records Management, [Yeltsin and Telcons], Folder Title/Record ID 9607896, Mandatory Declassification Review 2015-0782-M-2, Declassified documents concerning Russian President Boris Yeltsin.","PDF extent validated separately; final face-page markings still require compiler review","","","Potential FRUS document: extracted actual telcon pages 77-79 from 2015-0782-M-2 and appended original marker page 70 as the provenance sheet. Surrounding administrative material and duplicate copies excluded."
"51","","","Document candidate","Core chronology","1997-02-27","Telcon","3","Telephone call with President Boris Yeltsin of Russia, February 27, 1997, White House","Economic reform / assistance","2015-0782-M-2","87-89","82","https://therealjameswilson.github.io/Clinton-Russia-High-Level/public/documents/1997-02-27-telcon-43.pdf","https://www.clintonlibrary.gov/sites/default/files/finding_aids_a_z/2026-01/2015-0782-M-2.pdf","Source: William J. Clinton Presidential Library, Clinton Presidential Records, Records of the National Security Council Records Management Office (Clinton Administration), NAID 7388808, Presidential Records Series (PRS) Files, NAID 7585721, NSC Records Management, [Yeltsin and Telcons], OA/Box Number 1604, Folder Title/Record ID 9701361, Mandatory Declassification Review 2015-0782-M-2, Declassified documents concerning Russian President Boris Yeltsin.","PDF extent validated separately; final face-page markings still require compiler review","","","Potential FRUS document: extracted actual telcon pages 87-89 from 2015-0782-M-2 and appended original marker page 82 as the provenance sheet. Surrounding administrative material and duplicate copies excluded."
"52","","","Document candidate","Core chronology","1997-03-21","Memcon","11","Helsinki Morning Meeting with President Boris Yeltsin","NATO / European security; Economic reform / assistance","2015-0782-M-2","105-115","97","https://therealjameswilson.github.io/Clinton-Russia-High-Level/public/documents/1997-03-21-memcon-helsinki-morning.pdf","https://www.clintonlibrary.gov/sites/default/files/finding_aids_a_z/2026-01/2015-0782-M-2.pdf","Source: William J. Clinton Presidential Library, Clinton Presidential Records, Records of the National Security Council Records Management Office (Clinton Administration), NAID 7388808, Presidential Records Series (PRS) Files, NAID 7585721, NSC Records Management, [Yeltsin and Telcons], OA/Box Number 1609, Folder Title/Record ID 9702044, Mandatory Declassification Review 2015-0782-M-2, Declassified documents concerning Russian President Boris Yeltsin.","PDF extent validated separately; final face-page markings still require compiler review","","","Potential FRUS document: extracted actual memcon pages 105-115 from 2015-0782-M-2 and appended original marker page 97 as the provenance sheet. Surrounding administrative material and duplicate copies excluded."
"53","","","Document candidate","Core chronology","1997-03-21","Memcon","8","Helsinki Working Lunch with President Boris Yeltsin","NATO / European security; Economic reform / assistance","2015-0782-M-2","116-123","97","https://therealjameswilson.github.io/Clinton-Russia-High-Level/public/documents/1997-03-21-memcon-helsinki-working-lunch.pdf","https://www.clintonlibrary.gov/sites/default/files/finding_aids_a_z/2026-01/2015-0782-M-2.pdf","Source: William J. Clinton Presidential Library, Clinton Presidential Records, Records of the National Security Council Records Management Office (Clinton Administration), NAID 7388808, Presidential Records Series (PRS) Files, NAID 7585721, NSC Records Management, [Yeltsin and Telcons], OA/Box Number 1609, Folder Title/Record ID 9702044, Mandatory Declassification Review 2015-0782-M-2, Declassified documents concerning Russian President Boris Yeltsin.","PDF extent validated separately; final face-page markings still require compiler review","","","Potential FRUS document: extracted actual memcon pages 116-123 from 2015-0782-M-2 and appended original marker page 97 as the provenance sheet. Surrounding administrative material and duplicate copies excluded."
"54","","","Document candidate","Core chronology","1997-03-21","Memcon","4","Helsinki Afternoon Meeting with President Boris Yeltsin","NATO / European security; Economic reform / assistance","2015-0782-M-2","124-127","97","https://therealjameswilson.github.io/Clinton-Russia-High-Level/public/documents/1997-03-21-memcon-helsinki-afternoon.pdf","https://www.clintonlibrary.gov/sites/default/files/finding_aids_a_z/2026-01/2015-0782-M-2.pdf","Source: William J. Clinton Presidential Library, Clinton Presidential Records, Records of the National Security Council Records Management Office (Clinton Administration), NAID 7388808, Presidential Records Series (PRS) Files, NAID 7585721, NSC Records Management, [Yeltsin and Telcons], OA/Box Number 1609, Folder Title/Record ID 9702044, Mandatory Declassification Review 2015-0782-M-2, Declassified documents concerning Russian President Boris Yeltsin.","PDF extent validated separately; final face-page markings still require compiler review","","","Potential FRUS document: extracted actual memcon pages 124-127 from 2015-0782-M-2 and appended original marker page 97 as the provenance sheet. Surrounding administrative material and duplicate copies excluded."
"55","","","Document candidate","Core chronology","1997-03-21","Memcon","6","Helsinki Private Dinner with President Boris Yeltsin","NATO / European security; Economic reform / assistance","2015-0782-M-2","128-133","97","https://therealjameswilson.github.io/Clinton-Russia-High-Level/public/documents/1997-03-21-memcon-helsinki-private-dinner.pdf","https://www.clintonlibrary.gov/sites/default/files/finding_aids_a_z/2026-01/2015-0782-M-2.pdf","Source: William J. Clinton Presidential Library, Clinton Presidential Records, Records of the National Security Council Records Management Office (Clinton Administration), NAID 7388808, Presidential Records Series (PRS) Files, NAID 7585721, NSC Records Management, [Yeltsin and Telcons], OA/Box Number 1609, Folder Title/Record ID 9702044, Mandatory Declassification Review 2015-0782-M-2, Declassified documents concerning Russian President Boris Yeltsin.","PDF extent validated separately; final face-page markings still require compiler review","","","Potential FRUS document: extracted actual memcon pages 128-133 from 2015-0782-M-2 and appended original marker page 97 as the provenance sheet. Surrounding administrative material and duplicate copies excluded."
"56","","","Document candidate","Core chronology","1997-05-27","Memcon","8","Meeting with President Boris Yeltsin of Russia, May 27, 1997, Paris, France","NATO / European security; Economic reform / assistance","2015-0782-M-2","143-150","137","https://therealjameswilson.github.io/Clinton-Russia-High-Level/public/documents/1997-05-27-memcon-45.pdf","https://www.clintonlibrary.gov/sites/default/files/finding_aids_a_z/2026-01/2015-0782-M-2.pdf","Source: William J. Clinton Presidential Library, Clinton Presidential Records, Records of the National Security Council Records Management Office (Clinton Administration), NAID 7388808, Presidential Records Series (PRS) Files, NAID 7585721, NSC Records Management, [Yeltsin and Telcons], OA/Box Number 1623, Folder Title/Record ID 9703720, Mandatory Declassification Review 2015-0782-M-2, Declassified documents concerning Russian President Boris Yeltsin.","PDF extent validated separately; final face-page markings still require compiler review","","","Potential FRUS document: extracted actual memcon pages 143-150 from 2015-0782-M-2 and appended original marker page 137 as the provenance sheet. Surrounding administrative material and duplicate copies excluded."
"57","","","Document candidate","Core chronology","1997-06-20","Memcon","8","Meeting with President Boris Yeltsin of Russia, June 20, 1997, Denver, Colorado","NATO / European security; Economic reform / assistance","2015-0782-M-2","165-172","158","https://therealjameswilson.github.io/Clinton-Russia-High-Level/public/documents/1997-06-20-memcon-46.pdf","https://www.clintonlibrary.gov/sites/default/files/finding_aids_a_z/2026-01/2015-0782-M-2.pdf","Source: William J. Clinton Presidential Library, Clinton Presidential Records, Records of the National Security Council Records Management Office (Clinton Administration), NAID 7388808, Presidential Records Series (PRS) Files, NAID 7585721, NSC Records Management, [Yeltsin and Telcons], OA/Box Number 1629, Folder Title/Record ID 9704607, Mandatory Declassification Review 2015-0782-M-2, Declassified documents concerning Russian President Boris Yeltsin.","PDF extent validated separately; final face-page markings still require compiler review","","","Potential FRUS document: extracted actual memcon pages 165-172 from 2015-0782-M-2 and appended original marker page 158 as the provenance sheet. Surrounding administrative material and duplicate copies excluded."
"58","","","Document candidate","Core chronology","1997-10-30","Telcon","6","Telephone call with President Boris Yeltsin of Russia, October 30, 1997, White House","Economic reform / assistance","2015-0782-M-2","183-188","177","https://therealjameswilson.github.io/Clinton-Russia-High-Level/public/documents/1997-10-30-telcon-47.pdf","https://www.clintonlibrary.gov/sites/default/files/finding_aids_a_z/2026-01/2015-0782-M-2.pdf","Source: William J. Clinton Presidential Library, Clinton Presidential Records, Records of the National Security Council Records Management Office (Clinton Administration), NAID 7388808, Presidential Records Series (PRS) Files, NAID 7585721, OA/Box Number 1651, Folder Title/Record ID 9707450, Mandatory Declassification Review 2015-0782-M-2, Declassified documents concerning Russian President Boris Yeltsin.","PDF extent validated separately; final face-page markings still require compiler review","","","Potential FRUS document: extracted actual telcon pages 183-188 from 2015-0782-M-2 and appended original marker page 177 as the provenance sheet. Surrounding administrative material and duplicate copies excluded."
"59","","","Document candidate","Core chronology","1997-11-16","Telcon","3","Telephone call with President Boris Yeltsin of Russia, November 16, 1997, Malibu, California","Economic reform / assistance","2015-0782-M-2","206-208","200","https://therealjameswilson.github.io/Clinton-Russia-High-Level/public/documents/1997-11-16-telcon-48.pdf","https://www.clintonlibrary.gov/sites/default/files/finding_aids_a_z/2026-01/2015-0782-M-2.pdf","Source: William J. Clinton Presidential Library, Clinton Presidential Records, Records of the National Security Council Records Management Office (Clinton Administration), NAID 7388808, Presidential Records Series (PRS) Files, NAID 7585721, NSC Records Management, [Yeltsin and Telcons], OA/Box Number 1654, Folder Title/Record ID 9707804, Mandatory Declassification Review 2015-0782-M-2, Declassified documents concerning Russian President Boris Yeltsin.","PDF extent validated separately; final face-page markings still require compiler review","","","Potential FRUS document: extracted actual telcon pages 206-208 from 2015-0782-M-2 and appended original marker page 200 as the provenance sheet. Surrounding administrative material and duplicate copies excluded."
"60","","","Document candidate","Core chronology","1997-11-22","Telcon","6","Telephone call with President Boris Yeltsin of Russia, November 22, 1997, White House","Economic reform / assistance","2015-0782-M-2","218-223","213","https://therealjameswilson.github.io/Clinton-Russia-High-Level/public/documents/1997-11-22-telcon-49.pdf","https://www.clintonlibrary.gov/sites/default/files/finding_aids_a_z/2026-01/2015-0782-M-2.pdf","Source: William J. Clinton Presidential Library, Clinton Presidential Records, Records of the National Security Council Records Management Office (Clinton Administration), NAID 7388808, Presidential Records Series (PRS) Files, NAID 7585721, NSC Records Management, [Yeltsin and Telcons], OA/Box Number 1655, Folder Title/Record ID 9707985, Mandatory Declassification Review 2015-0782-M-2, Declassified documents concerning Russian President Boris Yeltsin.","PDF extent validated separately; final face-page markings still require compiler review","","","Potential FRUS document: extracted actual telcon pages 218-223 from 2015-0782-M-2 and appended original marker page 213 as the provenance sheet. Surrounding administrative material and duplicate copies excluded."
"61","","","Document candidate","Core chronology","1998-02-02","Telcon","4","Telephone call with President Boris Yeltsin of Russia, February 2, 1998, White House","Economic reform / assistance","2015-0782-M-2","236-239","229","https://therealjameswilson.github.io/Clinton-Russia-High-Level/public/documents/1998-02-02-telcon-50.pdf","https://www.clintonlibrary.gov/sites/default/files/finding_aids_a_z/2026-01/2015-0782-M-2.pdf","Source: William J. Clinton Presidential Library, Clinton Presidential Records, Records of the National Security Council Records Management Office (Clinton Administration), NAID 7388808, Presidential Records Series (PRS) Files, NAID 7585721, Document ID 9800756, Original OA/ID 2014, Mandatory Declassification Review 2015-0782-M-2, Declassified documents concerning Russian President Boris Yeltsin.","PDF extent validated separately; final face-page markings still require compiler review","","","Potential FRUS document: extracted actual telcon pages 236-239 from 2015-0782-M-2 and appended original marker page 229 as the provenance sheet. Surrounding administrative material and duplicate copies excluded."
"62","","","Document candidate","Core chronology","1998-02-23","Telcon","4","Telephone call with President Boris Yeltsin of Russia, February 23, 1998, White House","Economic reform / assistance","2015-0782-M-2","253-256","247","https://therealjameswilson.github.io/Clinton-Russia-High-Level/public/documents/1998-02-23-telcon-51.pdf","https://www.clintonlibrary.gov/sites/default/files/finding_aids_a_z/2026-01/2015-0782-M-2.pdf","Source: William J. Clinton Presidential Library, Clinton Presidential Records, Records of the National Security Council Records Management Office (Clinton Administration), NAID 7388808, Presidential Records Series (PRS) Files, NAID 7585721, NSC Records Management, [Yeltsin and Telcons], OA/Box Number 2018, Folder Title/Record ID 9801337, Mandatory Declassification Review 2015-0782-M-2, Declassified documents concerning Russian President Boris Yeltsin.","PDF extent validated separately; final face-page markings still require compiler review","","","Potential FRUS document: extracted actual telcon pages 253-256 from 2015-0782-M-2 and appended original marker page 247 as the provenance sheet. Surrounding administrative material and duplicate copies excluded."
"63","","","Document candidate","Core chronology","1998-04-06","Telcon","5","Telephone call with President Boris Yeltsin of Russia, April 6, 1998, White House","Economic reform / assistance","2015-0782-M-2","274-278","260","https://therealjameswilson.github.io/Clinton-Russia-High-Level/public/documents/1998-04-06-telcon-52.pdf","https://www.clintonlibrary.gov/sites/default/files/finding_aids_a_z/2026-01/2015-0782-M-2.pdf","Source: William J. Clinton Presidential Library, Clinton Presidential Records, Records of the National Security Council Records Management Office (Clinton Administration), NAID 7388808, Presidential Records Series (PRS) Files, NAID 7585721, NSC Records Management, [Yeltsin and Telcons], OA/Box Number 2027, Folder Title/Record ID 9802448, Mandatory Declassification Review 2015-0782-M-2, Declassified documents concerning Russian President Boris Yeltsin.","PDF extent validated separately; final face-page markings still require compiler review","","","Potential FRUS document: extracted actual telcon pages 274-278 from 2015-0782-M-2 and appended original marker page 260 as the provenance sheet. Surrounding administrative material and duplicate copies excluded."
"64","","","Document candidate","Core chronology","1998-05-12","Telcon","5","Telephone call with President Boris Yeltsin of Russia, May 12, 1998, White House","Economic reform / assistance","2015-0782-M-2","286-290","280","https://therealjameswilson.github.io/Clinton-Russia-High-Level/public/documents/1998-05-12-telcon-53.pdf","https://www.clintonlibrary.gov/sites/default/files/finding_aids_a_z/2026-01/2015-0782-M-2.pdf","Source: William J. Clinton Presidential Library, Clinton Presidential Records, Records of the National Security Council Records Management Office (Clinton Administration), NAID 7388808, Presidential Records Series (PRS) Files, NAID 7585721, OA/Box Number 2036, Folder Title/Record ID 9803457, Mandatory Declassification Review 2015-0782-M-2, Declassified documents concerning Russian President Boris Yeltsin.","PDF extent validated separately; final face-page markings still require compiler review","","","Potential FRUS document: extracted actual telcon pages 286-290 from 2015-0782-M-2 and appended original marker page 280 as the provenance sheet. Surrounding administrative material and duplicate copies excluded."
"65","","","Document candidate","Core chronology","1998-05-17","Memcon","8","Meeting with President Boris Yeltsin of Russia, May 17, 1998, Birmingham, England","Economic reform / assistance","2015-0782-M-2","312-319","311","https://therealjameswilson.github.io/Clinton-Russia-High-Level/public/documents/1998-05-17-memcon-54.pdf","https://www.clintonlibrary.gov/sites/default/files/finding_aids_a_z/2026-01/2015-0782-M-2.pdf","Source: William J. Clinton Presidential Library, Clinton Presidential Records, Records of the National Security Council Records Management Office (Clinton Administration), NAID 7388808, Presidential Records Series (PRS) Files, NAID 7585721, Document ID 9803752, Original OA/ID 2039, Mandatory Declassification Review 2014-0999-M, Declassified documents concerning Russian President Boris Yeltsin.","PDF extent validated separately; final face-page markings still require compiler review","","","Potential FRUS document: extracted actual memcon pages 312-319 from 2015-0782-M-2 and appended original marker page 311 as the provenance sheet. Surrounding administrative material and duplicate copies excluded."
"66","","","Document candidate","Core chronology","1998-05-21","Telcon","3","Telephone call with President Boris Yeltsin of Russia, May 21, 1998, White House","Economic reform / assistance","2015-0782-M-2","301-303","295","https://therealjameswilson.github.io/Clinton-Russia-High-Level/public/documents/1998-05-21-telcon-55.pdf","https://www.clintonlibrary.gov/sites/default/files/finding_aids_a_z/2026-01/2015-0782-M-2.pdf","Source: William J. Clinton Presidential Library, Clinton Presidential Records, Records of the National Security Council Records Management Office (Clinton Administration), NAID 7388808, Presidential Records Series (PRS) Files, NAID 7585721, NSC Records Management, [Yeltsin and Telcons], OA/Box Number 2038, Folder Title/Record ID 9803714, Mandatory Declassification Review 2015-0782-M-2, Declassified documents concerning Russian President Boris Yeltsin.","PDF extent validated separately; final face-page markings still require compiler review","","","Potential FRUS document: extracted actual telcon pages 301-303 from 2015-0782-M-2 and appended original marker page 295 as the provenance sheet. Surrounding administrative material and duplicate copies excluded."
"67","","","Document candidate","Core chronology","1998-05-28","Telcon","4","Telephone call with President Boris Yeltsin of Russia, May 28, 1998, White House","Economic reform / assistance","2015-0782-M-2","329-332","322","https://therealjameswilson.github.io/Clinton-Russia-High-Level/public/documents/1998-05-28-telcon-56.pdf","https://www.clintonlibrary.gov/sites/default/files/finding_aids_a_z/2026-01/2015-0782-M-2.pdf","Source: William J. Clinton Presidential Library, Clinton Presidential Records, Records of the National Security Council Records Management Office (Clinton Administration), NAID 7388808, Presidential Records Series (PRS) Files, NAID 7585721, NSC Records Management, [Yeltsin and Telcons], OA/Box Number 2039, Folder Title/Record ID 9803875, Mandatory Declassification Review 2015-0782-M-2, Declassified documents concerning Russian President Boris Yeltsin.","PDF extent validated separately; final face-page markings still require compiler review","","","Potential FRUS document: extracted actual telcon pages 329-332 from 2015-0782-M-2 and appended original marker page 322 as the provenance sheet. Surrounding administrative material and duplicate copies excluded."
"68","","","Document candidate","Core chronology","1998-06-15","Telcon","5","Telephone call with President Boris Yeltsin of Russia, June 15, 1998, White House","Economic reform / assistance","2015-0782-M-2","342-346","336","https://therealjameswilson.github.io/Clinton-Russia-High-Level/public/documents/1998-06-15-telcon-57.pdf","https://www.clintonlibrary.gov/sites/default/files/finding_aids_a_z/2026-01/2015-0782-M-2.pdf","Source: William J. Clinton Presidential Library, Clinton Presidential Records, Records of the National Security Council Records Management Office (Clinton Administration), NAID 7388808, Presidential Records Series (PRS) Files, NAID 7585721, NSC Records Management, [Yeltsin and Telcons], OA/Box Number 2045, Folder Title/Record ID 9804474, Mandatory Declassification Review 2015-0782-M-2, Declassified documents concerning Russian President Boris Yeltsin.","PDF extent validated separately; final face-page markings still require compiler review","","","Potential FRUS document: extracted actual telcon pages 342-346 from 2015-0782-M-2 and appended original marker page 336 as the provenance sheet. Surrounding administrative material and duplicate copies excluded."
"69","","","Document candidate","Core chronology","1998-06-16","Telcon","2","Telephone call with President Boris Yeltsin of Russia, June 16, 1998, White House","Economic reform / assistance","2015-0782-M-2","359-360","352","https://therealjameswilson.github.io/Clinton-Russia-High-Level/public/documents/1998-06-16-telcon-59.pdf","https://www.clintonlibrary.gov/sites/default/files/finding_aids_a_z/2026-01/2015-0782-M-2.pdf","Source: William J. Clinton Presidential Library, Clinton Presidential Records, Records of the National Security Council Records Management Office (Clinton Administration), NAID 7388808, Presidential Records Series (PRS) Files, NAID 7585721, Document ID 9804476, Original OA/ID 2045, Mandatory Declassification Review 2015-0782-M-2, Declassified documents concerning Russian President Boris Yeltsin.","PDF extent validated separately; final face-page markings still require compiler review","","","Potential FRUS document: extracted actual telcon pages 359-360 from 2015-0782-M-2 and appended original marker page 352 as the provenance sheet. Surrounding administrative material and duplicate copies excluded."
"70","","","Document candidate","Core chronology","1998-07-10","Telcon","4","Telephone call with President Boris Yeltsin of Russia, July 10, 1998, White House","Economic reform / assistance","2015-0782-M-2","371-374","365","https://therealjameswilson.github.io/Clinton-Russia-High-Level/public/documents/1998-07-10-telcon-60.pdf","https://www.clintonlibrary.gov/sites/default/files/finding_aids_a_z/2026-01/2015-0782-M-2.pdf","Source: William J. Clinton Presidential Library, Clinton Presidential Records, Records of the National Security Council Records Management Office (Clinton Administration), NAID 7388808, Presidential Records Series (PRS) Files, NAID 7585721, NSC Records Management, [Yeltsin and Telcons], OA/Box Number 2048, Folder Title/Record ID 9804971, Mandatory Declassification Review 2015-0782-M-2, Declassified documents concerning Russian President Boris Yeltsin.","PDF extent validated separately; final face-page markings still require compiler review","","","Potential FRUS document: extracted actual telcon pages 371-374 from 2015-0782-M-2 and appended original marker page 365 as the provenance sheet. Surrounding administrative material and duplicate copies excluded."
"71","","","Document candidate","Core chronology","1998-08-14","Telcon","6","Telephone call with President Boris Yeltsin of Russia, August 14, 1998, White House","Economic reform / assistance","2015-0782-M-2","384-389","378","https://therealjameswilson.github.io/Clinton-Russia-High-Level/public/documents/1998-08-14-telcon-61.pdf","https://www.clintonlibrary.gov/sites/default/files/finding_aids_a_z/2026-01/2015-0782-M-2.pdf","Source: William J. Clinton Presidential Library, Clinton Presidential Records, Records of the National Security Council Records Management Office (Clinton Administration), NAID 7388808, Presidential Records Series (PRS) Files, NAID 7585721, NSC Records Management, [Yeltsin and Telcons], OA/Box Number 2055, Folder Title/Record ID 9805782, Mandatory Declassification Review 2015-0782-M-2, Declassified documents concerning Russian President Boris Yeltsin.","PDF extent validated separately; final face-page markings still require compiler review","","","Potential FRUS document: extracted actual telcon pages 384-389 from 2015-0782-M-2 and appended original marker page 378 as the provenance sheet. Surrounding administrative material and duplicate copies excluded."
"72","","","Document candidate","Core chronology","1998-08-25","Telcon","4","Telephone call with President Boris Yeltsin of Russia, August 25, 1998, Martha's Vineyard, Massachusetts","Economic reform / assistance","2015-0782-M-2","405-408","399","https://therealjameswilson.github.io/Clinton-Russia-High-Level/public/documents/1998-08-25-telcon-62.pdf","https://www.clintonlibrary.gov/sites/default/files/finding_aids_a_z/2026-01/2015-0782-M-2.pdf","Source: William J. Clinton Presidential Library, Clinton Presidential Records, Records of the National Security Council Records Management Office (Clinton Administration), NAID 7388808, Presidential Records Series (PRS) Files, NAID 7585721, NSC Records Management, [Yeltsin and Telcons], OA/Box Number 2056, Folder Title/Record ID 9805956, Mandatory Declassification Review 2015-0782-M-2, Declassified documents concerning Russian President Boris Yeltsin.","PDF extent validated separately; final face-page markings still require compiler review","","","Potential FRUS document: extracted actual telcon pages 405-408 from 2015-0782-M-2 and appended original marker page 399 as the provenance sheet. Surrounding administrative material and duplicate copies excluded."
"73","","","Research gap / possible editorial note","Hard source gap","1998-09-01","Memcon","","Meetings with President Boris Yeltsin of Russia, September 1-2, 1998, Moscow, Russia","Economic reform / assistance","2015-0782-M-2","No released September 1-2, 1998 Moscow memcon pages located in 2015-0782-M-2","","","https://www.clintonlibrary.gov/sites/default/files/finding_aids_a_z/2026-01/2015-0782-M-2.pdf","Source: William J. Clinton Presidential Library, Clinton Presidential Records, Records of the National Security Council Records Management Office (Clinton Administration), NAID 7388808, Presidential Records Series (PRS) Files, NAID 7585721, Mandatory Declassification Review 2015-0782-M-2, Declassified documents concerning Russian President Boris Yeltsin.","No extracted PDF; actual conversation pages not located","","","Pending source problem: no derivative PDF generated because no released September 1-2, 1998 Moscow memcon pages were located in the reviewed MDR packet, Google Drive search, Clinton Digital Library trip-book/audio/toast releases, NARA Scout/Catalog searches, or National Security Archive postings."
"74","","","Document candidate","Core chronology","1998-09-12","Telcon","4","Telephone call with President Boris Yeltsin of Russia, September 12, 1998, White House","Economic reform / assistance","2015-0782-M-2","422-425","415","https://therealjameswilson.github.io/Clinton-Russia-High-Level/public/documents/1998-09-12-telcon-64.pdf","https://www.clintonlibrary.gov/sites/default/files/finding_aids_a_z/2026-01/2015-0782-M-2.pdf","Source: William J. Clinton Presidential Library, Clinton Presidential Records, Records of the National Security Council Records Management Office (Clinton Administration), NAID 7388808, Presidential Records Series (PRS) Files, NAID 7585721, NSC Records Management, [Yeltsin and Telcons], OA/Box Number 2058, Folder Title/Record ID 9806300, Mandatory Declassification Review 2015-0782-M-2, Declassified documents concerning Russian President Boris Yeltsin.","PDF extent validated separately; final face-page markings still require compiler review","","","Potential FRUS document: extracted actual telcon pages 422-425 from 2015-0782-M-2 and appended original marker page 415 as the provenance sheet. Surrounding administrative material and duplicate copies excluded."
"75","","","Document candidate","Core chronology","1998-10-05","Telcon","3","Telephone call with President Boris Yeltsin of Russia, October 5, 1998, White House","","2016-0620-M","3-5","","https://therealjameswilson.github.io/Clinton-Russia-High-Level/public/documents/1998-10-05-clinton-yeltsin-telcon-actual-pages.pdf","https://clinton.presidentiallibraries.us/files/original/dac856cd6bbd10b93c2eb815862bce44.pdf","Source: William J. Clinton Presidential Library, Clinton Presidential Records: NSC Cable, Email, and Records Management System, Clinton Digital Library item 100503, Clinton Digital Library item 2016-0620-M, Declassified Documents Concerning Russian President Boris Yeltsin.","PDF extent validated separately; final face-page markings still require compiler review","","","Potential FRUS document: extracted actual telcon pages 3-5 from 2016-0620-M; no original marker/provenance page was identified in the source PDF. Surrounding administrative material and duplicate copies excluded."
"76","","","Document candidate","Core chronology","1998-12-30","Telcon","5","Telephone call with President Boris Yeltsin of Russia, December 30, 1998, White House","","clinton-item-119190","1-5","","https://therealjameswilson.github.io/Clinton-Russia-High-Level/public/documents/1998-12-30-clinton-yeltsin-telcon-actual-pages.pdf","https://clinton.presidentiallibraries.us/files/original/1ec29c3214c0ccb6c6ed30fd7e5b06af.pdf","Source: William J. Clinton Presidential Library, Telcons - Memoranda of Telephone Conversation, Clinton Digital Library item 119190, Clinton Digital Library item clinton-item-119190, Memorandum of Telephone Conversation with Russian President Yeltsin.","PDF extent validated separately; final face-page markings still require compiler review","","","Potential FRUS document: extracted actual telcon pages 1-5 from clinton-item-119190; no original marker/provenance page was identified in the source PDF. Surrounding administrative material and duplicate copies excluded."
"77","","","Research gap / possible editorial note","Hard source gap","1999-02-08","Memcon","","Meeting with President Boris Yeltsin of Russia, February 8, 1999, Amman, Jordan","Economic reform / assistance","2015-0782-M-2","No released February 8, 1999 Amman memcon pages located in 2015-0782-M-2","","","https://www.clintonlibrary.gov/sites/default/files/finding_aids_a_z/2026-01/2015-0782-M-2.pdf","Source: William J. Clinton Presidential Library, Clinton Presidential Records, Records of the National Security Council Records Management Office (Clinton Administration), NAID 7388808, Presidential Records Series (PRS) Files, NAID 7585721, Mandatory Declassification Review 2015-0782-M-2, Declassified documents concerning Russian President Boris Yeltsin.","No extracted PDF; actual conversation pages not located","","","Pending source problem: no derivative PDF generated because no released February 8, 1999 Amman memcon pages were located; public White House reporting confirms only a brief interaction, not an available conversation record."
"78","","","Document candidate","Core chronology","1999-03-24","Telcon","5","Telephone call with President Boris Yeltsin of Russia, March 24, 1999, White House","Kosovo / Balkans; Economic reform / assistance","2015-0782-M-2","432-436","431","https://therealjameswilson.github.io/Clinton-Russia-High-Level/public/documents/1999-03-24-telcon-68.pdf","https://www.clintonlibrary.gov/sites/default/files/finding_aids_a_z/2026-01/2015-0782-M-2.pdf","Source: William J. Clinton Presidential Library, Clinton Presidential Records, Records of the National Security Council Records Management Office (Clinton Administration), NAID 7388808, Presidential Records Series (PRS) Files, NAID 7585721, Document ID 9902107, Original OA/ID 2719, Mandatory Declassification Review 2014-0546-M, Declassified documents concerning Russian President Boris Yeltsin and Kosovo.","PDF extent validated separately; final face-page markings still require compiler review","","","Potential FRUS document: extracted actual telcon pages 432-436 from 2015-0782-M-2 and appended original marker page 431 as the provenance sheet. Surrounding administrative material and duplicate copies excluded."
"79","","","Document candidate","Core chronology","1999-04-19","Telcon","6","Telephone call with President Boris Yeltsin of Russia, April 19, 1999, White House","Economic reform / assistance","2015-0782-M-2","438-443","437","https://therealjameswilson.github.io/Clinton-Russia-High-Level/public/documents/1999-04-19-telcon-69.pdf","https://www.clintonlibrary.gov/sites/default/files/finding_aids_a_z/2026-01/2015-0782-M-2.pdf","Source: William J. Clinton Presidential Library, Clinton Presidential Records, Records of the National Security Council Records Management Office (Clinton Administration), NAID 7388808, Presidential Records Series (PRS) Files, NAID 7585721, Document ID 9902901, Original OA/ID 2724, Mandatory Declassification Review 2015-0782-M-2, Declassified documents concerning Russian President Boris Yeltsin.","PDF extent validated separately; final face-page markings still require compiler review","","","Potential FRUS document: extracted actual telcon pages 438-443 from 2015-0782-M-2 and appended original marker page 437 as the provenance sheet. Surrounding administrative material and duplicate copies excluded."
"80","","","Document candidate","Core chronology","1999-04-25","Telcon","12","Telephone call with President Boris Yeltsin of Russia, April 25, 1999, Washington, D.C.","Kosovo / Balkans; Economic reform / assistance","2015-0782-M-2","445-456","444","https://therealjameswilson.github.io/Clinton-Russia-High-Level/public/documents/1999-04-25-telcon-70.pdf","https://www.clintonlibrary.gov/sites/default/files/finding_aids_a_z/2026-01/2015-0782-M-2.pdf","Source: William J. Clinton Presidential Library, Clinton Presidential Records, Records of the National Security Council Records Management Office (Clinton Administration), NAID 7388808, Presidential Records Series (PRS) Files, NAID 7585721, Document ID 9903106, Original OA/ID 2725, Mandatory Declassification Review 2014-0546-M, Declassified documents concerning Russian President Boris Yeltsin and Kosovo.","PDF extent validated separately; final face-page markings still require compiler review","","","Potential FRUS document: extracted actual telcon pages 445-456 from 2015-0782-M-2 and appended original marker page 444 as the provenance sheet. Surrounding administrative material and duplicate copies excluded."
"81","","","Document candidate","Core chronology","1999-05-02","Telcon","4","Telephone call with President Boris Yeltsin of Russia, May 2, 1999, White House","Kosovo / Balkans; Economic reform / assistance","2015-0782-M-2","470-473","469","https://therealjameswilson.github.io/Clinton-Russia-High-Level/public/documents/1999-05-02-telcon-71.pdf","https://www.clintonlibrary.gov/sites/default/files/finding_aids_a_z/2026-01/2015-0782-M-2.pdf","Source: William J. Clinton Presidential Library, Clinton Presidential Records, Records of the National Security Council Records Management Office (Clinton Administration), NAID 7388808, Presidential Records Series (PRS) Files, NAID 7585721, Document ID 9903364, Original OA/ID 2727, Mandatory Declassification Review 2014-0546-M, Declassified documents concerning Russian President Boris Yeltsin and Kosovo.","PDF extent validated separately; final face-page markings still require compiler review","","","Potential FRUS document: extracted actual telcon pages 470-473 from 2015-0782-M-2 and appended original marker page 469 as the provenance sheet. Surrounding administrative material and duplicate copies excluded."
"82","","","Document candidate","Core chronology","1999-06-07","Telcon","2","Telephone call with President Boris Yeltsin of Russia, June 7, 1999, White House","Kosovo / Balkans; Economic reform / assistance","2015-0782-M-2","479-480","478","https://therealjameswilson.github.io/Clinton-Russia-High-Level/public/documents/1999-06-07-telcon-72.pdf","https://www.clintonlibrary.gov/sites/default/files/finding_aids_a_z/2026-01/2015-0782-M-2.pdf","Source: William J. Clinton Presidential Library, Clinton Presidential Records, Records of the National Security Council Records Management Office (Clinton Administration), NAID 7388808, Presidential Records Series (PRS) Files, NAID 7585721, Document ID 9904358, Original OA/ID 2733, Mandatory Declassification Review 2014-0546-M, Declassified documents concerning Russian President Boris Yeltsin and Kosovo.","PDF extent validated separately; final face-page markings still require compiler review","","","Potential FRUS document: extracted actual telcon pages 479-480 from 2015-0782-M-2 and appended original marker page 478 as the provenance sheet. Surrounding administrative material and duplicate copies excluded."
"83","","","Document candidate","Core chronology","1999-06-08","Telcon","3","Telephone call with President Boris Yeltsin of Russia, June 8, 1999, White House","Kosovo / Balkans; Economic reform / assistance","2015-0782-M-2","482-484","481","https://therealjameswilson.github.io/Clinton-Russia-High-Level/public/documents/1999-06-08-telcon-73.pdf","https://www.clintonlibrary.gov/sites/default/files/finding_aids_a_z/2026-01/2015-0782-M-2.pdf","Source: William J. Clinton Presidential Library, Clinton Presidential Records, Records of the National Security Council Records Management Office (Clinton Administration), NAID 7388808, Presidential Records Series (PRS) Files, NAID 7585721, Document ID 9904397, Original OA/ID 2733, Mandatory Declassification Review 2014-0546-M, Declassified documents concerning Russian President Boris Yeltsin and Kosovo.","PDF extent validated separately; final face-page markings still require compiler review","","","Potential FRUS document: extracted actual telcon pages 482-484 from 2015-0782-M-2 and appended original marker page 481 as the provenance sheet. Surrounding administrative material and duplicate copies excluded."
"84","","","Document candidate","Core chronology","1999-06-10","Telcon","2","Telephone call with President Boris Yeltsin of Russia, June 10, 1999, White House","Kosovo / Balkans; Economic reform / assistance","2015-0782-M-2","488-489","487","https://therealjameswilson.github.io/Clinton-Russia-High-Level/public/documents/1999-06-10-telcon-74.pdf","https://www.clintonlibrary.gov/sites/default/files/finding_aids_a_z/2026-01/2015-0782-M-2.pdf","Source: William J. Clinton Presidential Library, Clinton Presidential Records, Records of the National Security Council Records Management Office (Clinton Administration), NAID 7388808, Presidential Records Series (PRS) Files, NAID 7585721, Document ID 9904501, Original OA/ID 2734, Mandatory Declassification Review 2014-0546-M, Declassified documents concerning Russian President Boris Yeltsin and Kosovo.","PDF extent validated separately; final face-page markings still require compiler review","","","Potential FRUS document: extracted actual telcon pages 488-489 from 2015-0782-M-2 and appended original marker page 487 as the provenance sheet. Surrounding administrative material and duplicate copies excluded."
"85","","","Document candidate","Core chronology","1999-06-13","Telcon","7","Telephone call with President Boris Yeltsin of Russia, June 13, 1999, White House","Economic reform / assistance","2015-0782-M-2","531-537","530","https://therealjameswilson.github.io/Clinton-Russia-High-Level/public/documents/1999-06-13-telcon-75.pdf","https://www.clintonlibrary.gov/sites/default/files/finding_aids_a_z/2026-01/2015-0782-M-2.pdf","Source: William J. Clinton Presidential Library, Clinton Presidential Records, Records of the National Security Council Records Management Office (Clinton Administration), NAID 7388808, Presidential Records Series (PRS) Files, NAID 7585721, NSC Records Management, [Yeltsin], OA/Box Number 2739, Folder Title/Record ID 9905271, Freedom of Information Act request 2006-1185-F, Records on Telephone Calls between William J. Clinton and Boris Yeltsin, June 13 and 14, 1999.","PDF extent validated separately; final face-page markings still require compiler review","","","Potential FRUS document: extracted actual telcon pages 531-537 from 2015-0782-M-2 and appended original marker page 530 as the provenance sheet. Surrounding administrative material and duplicate copies excluded."
"86","","","Document candidate","Core chronology","1999-06-14","Telcon","4","Telephone call with President Boris Yeltsin of Russia, June 14, 1999, White House","Economic reform / assistance","2015-0782-M-2","521-524","519","https://therealjameswilson.github.io/Clinton-Russia-High-Level/public/documents/1999-06-14-telcon-76.pdf","https://www.clintonlibrary.gov/sites/default/files/finding_aids_a_z/2026-01/2015-0782-M-2.pdf","Source: William J. Clinton Presidential Library, Clinton Presidential Records, Records of the National Security Council Records Management Office (Clinton Administration), NAID 7388808, Presidential Records Series (PRS) Files, NAID 7585721, NSC Records Management, [Yeltsin], OA/Box Number 2739, Folder Title/Record ID 9905128, Freedom of Information Act request 2006-1185-F, Records on Telephone Calls between William J. Clinton and Boris Yeltsin, June 13 and 14, 1999.","PDF extent validated separately; final face-page markings still require compiler review","","","Potential FRUS document: extracted actual telcon pages 521-524 from 2015-0782-M-2 and appended original marker page 519 as the provenance sheet. Surrounding administrative material and duplicate copies excluded."
"87","","","Document candidate","Core chronology","1999-06-20","Memcon","9","Meeting with President Boris Yeltsin of Russia, June 20, 1999, Cologne, Germany","Economic reform / assistance","2015-0782-M-2","497-505","491","https://therealjameswilson.github.io/Clinton-Russia-High-Level/public/documents/1999-06-20-memcon-77.pdf","https://www.clintonlibrary.gov/sites/default/files/finding_aids_a_z/2026-01/2015-0782-M-2.pdf","Source: William J. Clinton Presidential Library, Clinton Presidential Records, Records of the National Security Council Records Management Office (Clinton Administration), NAID 7388808, Presidential Records Series (PRS) Files, NAID 7585721, NSC Records Management, [Yeltsin and Telcons], OA/Box Number 2736, Folder Title/Record ID 9904842, Mandatory Declassification Review 2015-0782-M-2, Declassified documents concerning Russian President Boris Yeltsin.","PDF extent validated separately; final face-page markings still require compiler review","","","Potential FRUS document: extracted actual memcon pages 497-505 from 2015-0782-M-2 and appended original marker page 491 as the provenance sheet. Surrounding administrative material and duplicate copies excluded."
"88","","","Document candidate","Core chronology","1999-09-08","Telcon","5","Telephone call with President Boris Yeltsin of Russia, September 8, 1999, White House","Economic reform / assistance","2015-0782-M-2","548-552","541","https://therealjameswilson.github.io/Clinton-Russia-High-Level/public/documents/1999-09-08-telcon-78.pdf","https://www.clintonlibrary.gov/sites/default/files/finding_aids_a_z/2026-01/2015-0782-M-2.pdf","Source: William J. Clinton Presidential Library, Clinton Presidential Records, Records of the National Security Council Records Management Office (Clinton Administration), NAID 7388808, Presidential Records Series (PRS) Files, NAID 7585721, NSC Records Management, [Yeltsin and Telcons], OA/Box Number 2748, Folder Title/Record ID 9906603, Mandatory Declassification Review 2015-0782-M-2, Declassified documents concerning Russian President Boris Yeltsin.","PDF extent validated separately; final face-page markings still require compiler review","","","Potential FRUS document: extracted actual telcon pages 548-552 from 2015-0782-M-2 and appended original marker page 541 as the provenance sheet. Surrounding administrative material and duplicate copies excluded."
"89","","","Document candidate","Core chronology","1999-11-19","Memcon","7","Meeting with President Boris Yeltsin of Russia, November 19, 1999, Istanbul, Turkey","Economic reform / assistance","2015-0782-M-2","560-566","559","https://therealjameswilson.github.io/Clinton-Russia-High-Level/public/documents/1999-11-18-memcon-79.pdf","https://www.clintonlibrary.gov/sites/default/files/finding_aids_a_z/2026-01/2015-0782-M-2.pdf","Source: William J. Clinton Presidential Library, Clinton Presidential Records, Records of the National Security Council Records Management Office (Clinton Administration), NAID 7388808, Presidential Records Series (PRS) Files, NAID 7585721, Document ID 9908997, Original OA/ID 2764, Mandatory Declassification Review 2014-0974-M, Declassified documents concerning Russian President Boris Yeltsin.","PDF extent validated separately; final face-page markings still require compiler review","","","Potential FRUS document: extracted actual memcon pages 560-566 from 2015-0782-M-2 and appended original marker page 559 as the provenance sheet. Surrounding administrative material and duplicate copies excluded."
"90","","","Document candidate","Core chronology","1999-12-31","Telcon","3","Telephone call with President Boris Yeltsin of Russia, December 31, 1999, White House","Economic reform / assistance","2015-0782-M-2","582-584","576","https://therealjameswilson.github.io/Clinton-Russia-High-Level/public/documents/1999-12-31-telcon-80.pdf","https://www.clintonlibrary.gov/sites/default/files/finding_aids_a_z/2026-01/2015-0782-M-2.pdf","Source: William J. Clinton Presidential Library, Clinton Presidential Records, Records of the National Security Council Records Management Office (Clinton Administration), NAID 7388808, Presidential Records Series (PRS) Files, NAID 7585721, NSC Records Management, [Yeltsin and Telcons], Folder Title/Record ID 9909338, Mandatory Declassification Review 2015-0782-M-2, Declassified documents concerning Russian President Boris Yeltsin.","PDF extent validated separately; final face-page markings still require compiler review","","","Potential FRUS document: extracted actual telcon pages 582-584 from 2015-0782-M-2 and appended original marker page 576 as the provenance sheet. Surrounding administrative material and duplicate copies excluded."
"91","","","Research gap / possible editorial note","Hard source gap","2000-06-05","Memcon","","Meeting with former President Boris Yeltsin of Russia, June 5, 2000, Moscow, Russia","","Clinton Library, Meetings and Telephone Calls with Foreign Leaders","Leader chronology lead only; no released memcon PDF located","","","https://www.clintonlibrary.gov/sites/default/files/documents/clinton-foreign-meetings.pdf","Source: William J. Clinton Presidential Library, Meetings and Telephone Calls with Foreign Leaders, master chronology.","No extracted PDF; actual conversation pages not located","","","Pending source problem: no derivative PDF generated because no released June 5, 2000 former President Yeltsin memcon pages were located in the leader chronology follow-up, Google Drive, Clinton Digital Library trip release, NARA Scout/Catalog, or National Security Archive searches."
