sequence,date,type,status,selectionTier,selectionScore,actualConversationPages,packetPages,title,dominantIssues,authorityChecks,pddReferences,publicPapers,sourceCopyControls,supportLeads,annotationTreatment,rationale,suggestedTreatment,decisionRemaining,sourcePdfPages,pdfUrl,sourcePacketUrl,frusSourceNote
"1","1993-01-23","Telcon","counted","Tier 4 - concise/confirmatory","33","3","1-4","Telephone call with President Boris Yeltsin of Russia, January 23, 1993, White House","Economic Reform / Assistance (4); Arms Control / Nonproliferation (3); Iraq / Middle East (2)","Yeltsin (7); Christopher (4); Kozyrev (3); UN (3); Talbott (1)","1","0","1","0","Standard annotation review","Standard annotation review; PDD timing check; source-copy control","Likely confirmatory; keep available for chronology, annotation, or footnote support.","Compiler selection decision: include, excerpt/use in note, or retain as background after final thematic balancing.","9-11","https://therealjameswilson.github.io/Clinton-Russia-High-Level/public/documents/1993-01-23-telcon-01.pdf","https://www.clintonlibrary.gov/sites/default/files/finding_aids_a_z/2026-05/2015-0782-M-1.pdf","Source: William J. Clinton Presidential Library, Clinton Presidential Records, Records of the National Security Council Records Management Office (Clinton Administration), NAID 7388808, Presidential Records Series (PRS) Files, NAID 7585721, Document ID 9300052, Original OA/ID 139, Mandatory Declassification Review 2015-0782-M-1, Declassified documents concerning Russian President Boris Yeltsin."
"2","1993-02-10","Telcon","counted","Tier 4 - concise/confirmatory","37","3","5-8","Telephone call with President Boris Yeltsin of Russia, February 10, 1993, White House","Kosovo / Balkans (7); NATO / European Security (3); Iraq / Middle East (1)","Yeltsin (7); UN (4); Christopher (3); Kozyrev (3); NATO (3); Milosevic (2)","0","0","1","0","Standard annotation review","Standard annotation review; source-copy control","Likely confirmatory; keep available for chronology, annotation, or footnote support.","Compiler selection decision: include, excerpt/use in note, or retain as background after final thematic balancing.","19-21","https://therealjameswilson.github.io/Clinton-Russia-High-Level/public/documents/1993-02-10-telcon-02.pdf","https://www.clintonlibrary.gov/sites/default/files/finding_aids_a_z/2026-05/2015-0782-M-1.pdf","Source: William J. Clinton Presidential Library, Clinton Presidential Records, Records of the National Security Council Records Management Office (Clinton Administration), NAID 7388808, Presidential Records Series (PRS) Files, NAID 7585721, NSC Records Management, [Yeltsin and Telcons], OA/Box Number 140, Folder Title/Record ID 9300488, Mandatory Declassification Review 2015-0782-M-1, Declassified documents concerning Russian President Boris Yeltsin."
"3","1993-04-01","Telcon","pending","Hard source gap","","","","Telephone call with President Boris Yeltsin of Russia, April 1, 1993, Portland, Oregon","","","1","1","0","0","Hard source follow-up","PDD corroborates occurrence; Public Papers/context hook exists; No released conversation pages located","Do not select as a document until actual conversation pages are found; use the hard-gap packet for follow-up.","Source decision: locate released actual conversation pages before any document selection.","No released April 1 telcon pages located in 2015-0782-M-1","","https://www.clintonlibrary.gov/sites/default/files/finding_aids_a_z/2026-05/2015-0782-M-1.pdf","Source: William J. Clinton Presidential Library, Clinton Presidential Records, Records of the National Security Council Records Management Office (Clinton Administration), NAID 7388808, Presidential Records Series (PRS) Files, NAID 7585721, Mandatory Declassification Review 2015-0782-M-1, Declassified documents concerning Russian President Boris Yeltsin."
"4","1993-04-03","Memcon","counted","Tier 2 - strong candidate","92","9","9-18","Working Dinner with President Boris Yeltsin","Economic Reform / Assistance (18); Arms Control / Nonproliferation (4); Russian Politics / Elections (3)","Yeltsin (41); Kozyrev (7); Christopher (4); G-7 (4); Chernomyrdin (2); UN (2)","0","3","0","0","Heavy annotation review","Heavy annotation review; public framing available","Strong candidate; compare against adjacent documents in same issue cluster.","Compiler selection decision: include, excerpt/use in note, or retain as background after final thematic balancing.","9-17","https://therealjameswilson.github.io/Clinton-Russia-High-Level/public/documents/1993-04-03-clinton-yeltsin-vancouver-working-dinner.pdf","https://s3.amazonaws.com/NARAprodstorage/lz/presidential-libraries/clinton/wjc-nscrm/7585721/6-YeltsinVancouver.pdf","Source: William J. Clinton Presidential Library, Clinton Presidential Records, Records of the National Security Council Records Management Office (Clinton Administration), NAID 7388808, Presidential Records Series (PRS) Files, NAID 7585721, NSC Records Management, OA/Box Number 145, Folder Title/Record ID 9302226, National Archives Catalog item 2014-0901-M, Memcons between President William Jefferson Clinton and President Boris Yeltsin, NAID 163545404."
"5","1993-04-04","Memcon","counted","Tier 1 - likely core","132","12","19-31","Meeting with Russian President Boris Yeltsin on Security Issues","Ukraine / Nuclear Security (18); Economic Reform / Assistance (17); Iraq / Middle East (15)","Yeltsin (61); G-7 (5); Christopher (4); Kozyrev (3); Chernomyrdin (1); Gore (1)","0","3","0","0","Heavy annotation review","Heavy annotation review; public framing available","Read first; strong candidate for full document treatment unless displaced by final thematic balance.","Compiler selection decision: include, excerpt/use in note, or retain as background after final thematic balancing.","19-30","https://therealjameswilson.github.io/Clinton-Russia-High-Level/public/documents/1993-04-04-clinton-yeltsin-vancouver-security-issues.pdf","https://s3.amazonaws.com/NARAprodstorage/lz/presidential-libraries/clinton/wjc-nscrm/7585721/6-YeltsinVancouver.pdf","Source: William J. Clinton Presidential Library, Clinton Presidential Records, Records of the National Security Council Records Management Office (Clinton Administration), NAID 7388808, Presidential Records Series (PRS) Files, NAID 7585721, NSC Records Management, OA/Box Number 145, Folder Title/Record ID 9302226, National Archives Catalog item 2014-0901-M, Memcons between President William Jefferson Clinton and President Boris Yeltsin, NAID 163545404."
"6","1993-04-26","Telcon","counted","Tier 4 - concise/confirmatory","23","2","32-34","Telephone call with President Boris Yeltsin of Russia, April 26, 1993, White House","Economic Reform / Assistance (1)","Yeltsin (12)","1","1","1","1","Light annotation check","Light annotation check; PDD timing check; public framing available; source-copy control; support/context leads","Likely confirmatory; keep available for chronology, annotation, or footnote support.","Compiler selection decision: include, excerpt/use in note, or retain as background after final thematic balancing.","51-52","https://therealjameswilson.github.io/Clinton-Russia-High-Level/public/documents/1993-04-26-telcon-05.pdf","https://www.clintonlibrary.gov/sites/default/files/finding_aids_a_z/2026-05/2015-0782-M-1.pdf","Source: William J. Clinton Presidential Library, Clinton Presidential Records, Records of the National Security Council Records Management Office (Clinton Administration), NAID 7388808, Presidential Records Series (PRS) Files, NAID 7585721, NSC Records Management, [Yeltsin and Telcons], OA/Box Number 147, Folder Title/Record ID 9302835, Mandatory Declassification Review 2015-0782-M-1, Declassified documents concerning Russian President Boris Yeltsin."
"7","1993-05-02","Telcon","counted","Tier 4 - concise/confirmatory","23","2","35-37","Telephone call with President Boris Yeltsin of Russia, May 2, 1993, White House","","Yeltsin (9); Christopher (4)","1","1","1","1","Light annotation check","Light annotation check; PDD timing check; public framing available; source-copy control; support/context leads","Likely confirmatory; keep available for chronology, annotation, or footnote support.","Compiler selection decision: include, excerpt/use in note, or retain as background after final thematic balancing.","60-61","https://therealjameswilson.github.io/Clinton-Russia-High-Level/public/documents/1993-05-02-telcon-06.pdf","https://www.clintonlibrary.gov/sites/default/files/finding_aids_a_z/2026-05/2015-0782-M-1.pdf","Source: William J. Clinton Presidential Library, Clinton Presidential Records, Records of the National Security Council Records Management Office (Clinton Administration), NAID 7388808, Presidential Records Series (PRS) Files, NAID 7585721, NSC Records Management, [Yeltsin and Telcons], OA/Box Number 148, Folder Title/Record ID 9303034, Mandatory Declassification Review 2015-0782-M-1, Declassified documents concerning Russian President Boris Yeltsin."
"8","1993-05-10","Telcon","counted","Tier 4 - concise/confirmatory","22","2","38-40","Telephone call with President Boris Yeltsin of Russia, May 10, 1993, White House","Chechnya / Caucasus (6); Ukraine / Nuclear Security (6)","Yeltsin (6)","1","0","0","0","Light annotation check","Light annotation check; PDD timing check","Likely confirmatory; keep available for chronology, annotation, or footnote support.","Compiler selection decision: include, excerpt/use in note, or retain as background after final thematic balancing.","68-69","https://therealjameswilson.github.io/Clinton-Russia-High-Level/public/documents/1993-05-10-telcon-07.pdf","https://www.clintonlibrary.gov/sites/default/files/finding_aids_a_z/2026-05/2015-0782-M-1.pdf","Source: William J. Clinton Presidential Library, Clinton Presidential Records, Records of the National Security Council Records Management Office (Clinton Administration), NAID 7388808, Presidential Records Series (PRS) Files, NAID 7585721, NSC Records Management, [Yeltsin and Telcons], OA/Box Number 148, Folder Title/Record ID 9303261, Mandatory Declassification Review 2015-0782-M-1, Declassified documents concerning Russian President Boris Yeltsin."
"9","1993-06-28","Telcon","counted","Tier 3 - supporting candidate","69","4","41-45","Telephone call with President Boris Yeltsin of Russia, June 28, 1993, White House","Economic Reform / Assistance (17); Arms Control / Nonproliferation (6); Iraq / Middle East (5)","Yeltsin (12); G-7 (9); Chernomyrdin (3); Talbott (3); Gore (2); IMF (2)","1","1","1","1","Heavy annotation review","Heavy annotation review; PDD timing check; public framing available; source-copy control; support/context leads","Useful support or context; consider excerpt, editorial-note use, or selection if the issue line needs continuity.","Compiler selection decision: include, excerpt/use in note, or retain as background after final thematic balancing.","76-79","https://therealjameswilson.github.io/Clinton-Russia-High-Level/public/documents/1993-06-28-telcon-08.pdf","https://www.clintonlibrary.gov/sites/default/files/finding_aids_a_z/2026-05/2015-0782-M-1.pdf","Source: William J. Clinton Presidential Library, Clinton Presidential Records, Records of the National Security Council Records Management Office (Clinton Administration), NAID 7388808, Presidential Records Series (PRS) Files, NAID 7585721, NSC Records Management, [Yeltsin and Telcons], OA/Box Number 152, Folder Title/Record ID 9304871, Mandatory Declassification Review 2015-0782-M-1, Declassified documents concerning Russian President Boris Yeltsin."
"10","1993-07-10","Memcon","counted","Tier 1 - likely core","100","9","46-55","Meeting with President Boris Yeltsin of Russia, July 10, 1993, Tokyo, Japan","Ukraine / Nuclear Security (17); Iraq / Middle East (7); Economic Reform / Assistance (4)","Yeltsin (48); Christopher (6); Kozyrev (5); Talbott (4); Berger (1); Chernomyrdin (1)","0","1","2","0","Heavy annotation review","Heavy annotation review; public framing available; source-copy control","Read first; strong candidate for full document treatment unless displaced by final thematic balance.","Compiler selection decision: include, excerpt/use in note, or retain as background after final thematic balancing.","81-89","https://therealjameswilson.github.io/Clinton-Russia-High-Level/public/documents/1993-07-10-memcon-09.pdf","https://www.clintonlibrary.gov/sites/default/files/finding_aids_a_z/2026-05/2015-0782-M-1.pdf","Source: William J. Clinton Presidential Library, Clinton Presidential Records, Records of the National Security Council Records Management Office (Clinton Administration), NAID 7388808, Presidential Records Series (PRS) Files, NAID 7585721, Document ID 9305178, Original OA/ID 153, Mandatory Declassification Review 2014-0996-M, Declassified documents concerning Russian President Boris Yeltsin."
"11","1993-09-07","Telcon","counted","Tier 3 - supporting candidate","59","4","56-60","Telephone call with President Boris Yeltsin of Russia, September 7, 1993, White House","Ukraine / Nuclear Security (12); Economic Reform / Assistance (7); Arms Control / Nonproliferation (2)","Yeltsin (17); Chernomyrdin (4); Kozyrev (3); Kravchuk (3); Gore (2); Christopher (1)","1","1","1","0","Heavy annotation review","Heavy annotation review; PDD timing check; public framing available; source-copy control","Useful support or context; consider excerpt, editorial-note use, or selection if the issue line needs continuity.","Compiler selection decision: include, excerpt/use in note, or retain as background after final thematic balancing.","95-98","https://therealjameswilson.github.io/Clinton-Russia-High-Level/public/documents/1993-09-07-telcon-10.pdf","https://www.clintonlibrary.gov/sites/default/files/finding_aids_a_z/2026-05/2015-0782-M-1.pdf","Source: William J. Clinton Presidential Library, Clinton Presidential Records, Records of the National Security Council Records Management Office (Clinton Administration), NAID 7388808, Presidential Records Series (PRS) Files, NAID 7585721, NSC Records Management, [Yeltsin and Telcons], OA/Box Number 160, Folder Title/Record ID 9306715, Mandatory Declassification Review 2015-0782-M-1, Declassified documents concerning Russian President Boris Yeltsin."
"12","1993-09-21","Telcon","counted","Tier 4 - concise/confirmatory","35","3","61-64","Telephone call with President Boris Yeltsin of Russia, September 21, 1993, White House","Economic Reform / Assistance (7); Russian Politics / Elections (4)","Yeltsin (13); Christopher (1)","1","2","1","0","Standard annotation review","Standard annotation review; PDD timing check; public framing available; source-copy control","Likely confirmatory; keep available for chronology, annotation, or footnote support.","Compiler selection decision: include, excerpt/use in note, or retain as background after final thematic balancing.","107-109","https://therealjameswilson.github.io/Clinton-Russia-High-Level/public/documents/1993-09-21-telcon-11.pdf","https://www.clintonlibrary.gov/sites/default/files/finding_aids_a_z/2026-05/2015-0782-M-1.pdf","Source: William J. Clinton Presidential Library, Clinton Presidential Records, Records of the National Security Council Records Management Office (Clinton Administration), NAID 7388808, Presidential Records Series (PRS) Files, NAID 7585721, NSC Records Management, [Yeltsin and Telcons], OA/Box Number 163, Folder Title/Record ID 9307171, Mandatory Declassification Review 2015-0782-M-1, Declassified documents concerning Russian President Boris Yeltsin."
"13","1993-10-05","Telcon","counted","Tier 4 - concise/confirmatory","26","3","65-68","Telephone call with President Boris Yeltsin of Russia, October 5, 1993, Air Force One","Russian Politics / Elections (4); Economic Reform / Assistance (1)","Yeltsin (12); Christopher (1)","1","1","1","0","Standard annotation review","Standard annotation review; PDD timing check; public framing available; source-copy control","Likely confirmatory; keep available for chronology, annotation, or footnote support.","Compiler selection decision: include, excerpt/use in note, or retain as background after final thematic balancing.","119-121","https://therealjameswilson.github.io/Clinton-Russia-High-Level/public/documents/1993-10-05-telcon-12.pdf","https://www.clintonlibrary.gov/sites/default/files/finding_aids_a_z/2026-05/2015-0782-M-1.pdf","Source: William J. Clinton Presidential Library, Clinton Presidential Records, Records of the National Security Council Records Management Office (Clinton Administration), NAID 7388808, Presidential Records Series (PRS) Files, NAID 7585721, NSC Records Management, [Yeltsin and Telcons], OA/Box Number 165, Folder Title/Record ID 9307653, Mandatory Declassification Review 2015-0782-M-1, Declassified documents concerning Russian President Boris Yeltsin."
"14","1993-12-22","Telcon","counted","Tier 2 - strong candidate","77","4","69-73","Telephone call with President Boris Yeltsin of Russia, December 22, 1993, White House","Economic Reform / Assistance (19); Ukraine / Nuclear Security (14); Russian Politics / Elections (7)","Yeltsin (14); NATO (5); Kravchuk (4); Gore (3); G-7 (2); IMF (1)","1","1","1","0","Heavy annotation review","Heavy annotation review; PDD timing check; public framing available; source-copy control","Strong candidate; compare against adjacent documents in same issue cluster.","Compiler selection decision: include, excerpt/use in note, or retain as background after final thematic balancing.","142-145","https://therealjameswilson.github.io/Clinton-Russia-High-Level/public/documents/1993-12-22-telcon-13.pdf","https://www.clintonlibrary.gov/sites/default/files/finding_aids_a_z/2026-05/2015-0782-M-1.pdf","Source: William J. Clinton Presidential Library, Clinton Presidential Records, Records of the National Security Council Records Management Office (Clinton Administration), NAID 7388808, Presidential Records Series (PRS) Files, NAID 7585721, NSC Records Management, [Yeltsin and Telcons], OA/Box Number 178, Folder Title/Record ID 9309998, Mandatory Declassification Review 2015-0782-M-1, Declassified documents concerning Russian President Boris Yeltsin."
"15","1994-01-13","Memcon","counted","Tier 2 - strong candidate","82","6","74-79","One-on-One Meeting with President Boris Yeltsin of Russia","Economic Reform / Assistance (28); Russian Politics / Elections (11); Iraq / Middle East (5)","Yeltsin (18); G-7 (3); NATO (2); IMF (1); Kozyrev (1); Kravchuk (1)","0","4","0","2","Heavy annotation review","Heavy annotation review; public framing available; support/context leads","Strong candidate; compare against adjacent documents in same issue cluster.","Compiler selection decision: include, excerpt/use in note, or retain as background after final thematic balancing.","1-6","https://therealjameswilson.github.io/Clinton-Russia-High-Level/public/documents/clinton-standalone-1994-01-13-memcon-one-on-one.pdf","https://clinton.presidentiallibraries.us/files/original/19662f645b0b622a95717322e238c1ec.pdf","Source: William J. Clinton Presidential Library, Clinton Digital Library item 101363, ""Memorandum of Conversation - President Boris Yeltsin of Russia,"" January 13, 1994, part of 2016-0117-M, Memcons - Memoranda of Conversation."
"16","1994-01-13","Memcon","counted","Tier 1 - likely core","127","11","80-90","President's dinner with President Yeltsin, January 13/14, 1994","Iraq / Middle East (20); NATO / European Security (9); Ukraine / Nuclear Security (9)","Yeltsin (62); NATO (6); Kozyrev (4); Chernomyrdin (2); Gore (2); Christopher (1)","0","4","0","2","Heavy annotation review","Heavy annotation review; public framing available; support/context leads","Read first; strong candidate for full document treatment unless displaced by final thematic balance.","Compiler selection decision: include, excerpt/use in note, or retain as background after final thematic balancing.","1-11","https://therealjameswilson.github.io/Clinton-Russia-High-Level/public/documents/clinton-standalone-1994-01-13-yeltsin-dinner-cable.pdf","https://clinton.presidentiallibraries.us/files/original/c016beef71be071cd9c96fcf0972fd57.pdf","Source: William J. Clinton Presidential Library, Clinton Digital Library item 101370, ""Memorandum of Conversation - President Boris Yeltsin of Russia,"" January 13, 1994, part of 2016-0117-M, Memcons - Memoranda of Conversation. Item description: ""This Memcon was received as a NSC Cable."""
"17","1994-01-14","Memcon","counted","Tier 3 - supporting candidate","66","3","91-93","Trilateral Meeting with President Boris Yeltsin of Russia on Security Issues","Ukraine / Nuclear Security (29); Arms Control / Nonproliferation (3); Economic Reform / Assistance (1)","Yeltsin (7); Kravchuk (4); Chernomyrdin (1); Kozyrev (1); Talbott (1)","1","6","1","1","Heavy annotation review","Heavy annotation review; PDD timing check; public framing available; source-copy control; support/context leads","Useful support or context; consider excerpt, editorial-note use, or selection if the issue line needs continuity.","Compiler selection decision: include, excerpt/use in note, or retain as background after final thematic balancing.","State FOIA document C06694499, conversation pages 1-3","https://therealjameswilson.github.io/Clinton-Russia-High-Level/public/documents/1994-01-14-memcon-trilateral-yeltsin-kravchuk.pdf","https://drive.google.com/file/d/1mA2m1fonXTwvzmbdVLzjWV7iGpBWAC1r/view","Source: Department of State, FOIA Virtual Reading Room, Strobe Talbott FOIA release, case F-2017-13804, document C06694499."
"18","1994-01-14","Memcon","counted","Tier 1 - likely core","112","8","94-101","Second Expanded Bilateral Session with President Boris Yeltsin of Russia","Arms Control / Nonproliferation (30); Iraq / Middle East (17); Ukraine / Nuclear Security (16)","Yeltsin (20); Chernomyrdin (2); Christopher (1); Gore (1); Kozyrev (1); Talbott (1)","1","6","2","2","Heavy annotation review","Heavy annotation review; PDD timing check; public framing available; source-copy control; support/context leads","Read first; strong candidate for full document treatment unless displaced by final thematic balance.","Compiler selection decision: include, excerpt/use in note, or retain as background after final thematic balancing.","State FOIA document C06694502, conversation pages 1-8","https://therealjameswilson.github.io/Clinton-Russia-High-Level/public/documents/1994-01-14-memcon-second-expanded-bilateral-session.pdf","https://drive.google.com/file/d/1pr42yhINujL_px_Y5aXD_MmChhc5sy9v/view","Source: Department of State, FOIA Virtual Reading Room, Strobe Talbott FOIA release, case F-2017-13804, document C06694502."
"19","1994-01-15","Memcon","counted","Tier 3 - supporting candidate","49","2","102-103","One-on-One Meeting with President Boris Yeltsin of Russia","Economic Reform / Assistance (7); Russian Politics / Elections (3)","Yeltsin (25); G-7 (3); IMF (1)","0","3","0","2","Heavy annotation review","Heavy annotation review; public framing available; support/context leads","Useful support or context; consider excerpt, editorial-note use, or selection if the issue line needs continuity.","Compiler selection decision: include, excerpt/use in note, or retain as background after final thematic balancing.","1-2","https://therealjameswilson.github.io/Clinton-Russia-High-Level/public/documents/clinton-standalone-1994-01-15-memcon-one-on-one.pdf","https://clinton.presidentiallibraries.us/files/original/67bc3e4fc7cc0ed1ba4f438e510624d8.pdf","Source: William J. Clinton Presidential Library, Clinton Digital Library item 101364, ""Memorandum of Conversation - President Boris Yeltsin of Russia,"" January 15, 1994, part of 2016-0117-M, Memcons - Memoranda of Conversation."
"20","1994-02-20","Telcon","counted","Tier 4 - concise/confirmatory","37","3","104-107","Telephone call with President Boris Yeltsin of Russia, February 20, 1994, White House White House","Kosovo / Balkans (6); NATO / European Security (1)","Yeltsin (12); Kohl (3); Milosevic (3); UN (2); Christopher (1); Kozyrev (1)","1","1","1","0","Standard annotation review","Standard annotation review; PDD timing check; public framing available; source-copy control","Likely confirmatory; keep available for chronology, annotation, or footnote support.","Compiler selection decision: include, excerpt/use in note, or retain as background after final thematic balancing.","155-157","https://therealjameswilson.github.io/Clinton-Russia-High-Level/public/documents/1994-02-20-telcon-16.pdf","https://www.clintonlibrary.gov/sites/default/files/finding_aids_a_z/2026-05/2015-0782-M-1.pdf","Source: William J. Clinton Presidential Library, Clinton Presidential Records, Records of the National Security Council Records Management Office (Clinton Administration), NAID 7388808, Presidential Records Series (PRS) Files, NAID 7585721, NSC Records Management, [Yeltsin and Telcons], OA/Box Number 470, Folder Title/Record ID 9401529, Mandatory Declassification Review 2015-0782-M-1, Declassified documents concerning Russian President Boris Yeltsin."
"21","1994-04-10","Telcon","counted","Tier 3 - supporting candidate","48","3","108-111","Telephone call with President Boris Yeltsin of Russia, April 10, 1994, White House","NATO / European Security (5); Kosovo / Balkans (2)","UN (13); Yeltsin (12); NATO (5); Kozyrev (2); Milosevic (2); Christopher (1)","1","0","1","0","Heavy annotation review","Heavy annotation review; PDD timing check; source-copy control","Useful support or context; consider excerpt, editorial-note use, or selection if the issue line needs continuity.","Compiler selection decision: include, excerpt/use in note, or retain as background after final thematic balancing.","164-166","https://therealjameswilson.github.io/Clinton-Russia-High-Level/public/documents/1994-04-10-telcon-17.pdf","https://www.clintonlibrary.gov/sites/default/files/finding_aids_a_z/2026-05/2015-0782-M-1.pdf","Source: William J. Clinton Presidential Library, Clinton Presidential Records, Records of the National Security Council Records Management Office (Clinton Administration), NAID 7388808, Presidential Records Series (PRS) Files, NAID 7585721, NSC Records Management, [Yeltsin and Telcons], OA/Box Number 472, Folder Title/Record ID 9402775, Mandatory Declassification Review 2015-0782-M-1, Declassified documents concerning Russian President Boris Yeltsin."
"22","1994-04-20","Telcon","counted","Tier 3 - supporting candidate","56","4","112-116","Telephone call with President Boris Yeltsin of Russia, April 20, 1994, White House","Kosovo / Balkans (6); NATO / European Security (6); Economic Reform / Assistance (4)","Yeltsin (12); UN (10); NATO (6); Kozyrev (3); Christopher (2); Kohl (1)","1","0","1","0","Heavy annotation review","Heavy annotation review; PDD timing check; source-copy control","Useful support or context; consider excerpt, editorial-note use, or selection if the issue line needs continuity.","Compiler selection decision: include, excerpt/use in note, or retain as background after final thematic balancing.","181-184","https://therealjameswilson.github.io/Clinton-Russia-High-Level/public/documents/1994-04-20-telcon-18.pdf","https://www.clintonlibrary.gov/sites/default/files/finding_aids_a_z/2026-05/2015-0782-M-1.pdf","Source: William J. Clinton Presidential Library, Clinton Presidential Records, Records of the National Security Council Records Management Office (Clinton Administration), NAID 7388808, Presidential Records Series (PRS) Files, NAID 7585721, NSC Records Management, [Yeltsin and Telcons], OA/Box Number 472, Folder Title/Record ID 9403047, Mandatory Declassification Review 2015-0782-M-1, Declassified documents concerning Russian President Boris Yeltsin."
"23","1994-06-03","Telcon","pending","Hard source gap","","","","Telephone call with President Boris Yeltsin of Russia, June 3, 1994, Rome, Italy","","","1","1","0","0","Hard source follow-up","PDD corroborates occurrence; Public Papers/context hook exists; Marker/withdrawal only","Do not select as a document until actual conversation pages are found; use the hard-gap packet for follow-up.","Source decision: locate released actual conversation pages before any document selection.","Marker/withdrawal packet pages 187-190 only; no released telcon pages","","https://www.clintonlibrary.gov/sites/default/files/finding_aids_a_z/2026-05/2015-0782-M-1.pdf","Source: William J. Clinton Presidential Library, Clinton Presidential Records, Records of the National Security Council Records Management Office (Clinton Administration), NAID 7388808, Presidential Records Series (PRS) Files, NAID 7585721, Folder Title/Record ID 9404692, Mandatory Declassification Review 2015-0782-M-1, Declassified documents concerning Russian President Boris Yeltsin."
"24","1994-06-13","Telcon","counted","Tier 3 - supporting candidate","59","4","117-121","Telephone Call with President Boris Yeltsin of Russia, June 13, 1994, White House","Iraq / Middle East (17); Arms Control / Nonproliferation (3); Economic Reform / Assistance (2)","Yeltsin (17); Christopher (5); Kozyrev (5); G-7 (2); UN (2)","1","0","1","0","Heavy annotation review","Heavy annotation review; PDD timing check; source-copy control","Useful support or context; consider excerpt, editorial-note use, or selection if the issue line needs continuity.","Compiler selection decision: include, excerpt/use in note, or retain as background after final thematic balancing.","191-194","https://therealjameswilson.github.io/Clinton-Russia-High-Level/public/documents/1994-06-13-telcon-20.pdf","https://www.clintonlibrary.gov/sites/default/files/finding_aids_a_z/2026-05/2015-0782-M-1.pdf","Source: William J. Clinton Presidential Library, Clinton Presidential Records, Records of the National Security Council Records Management Office (Clinton Administration), NAID 7388808, Presidential Records Series (PRS) Files, NAID 7585721, Document ID 9404692, Original OA/ID 475, Mandatory Declassification Review 2015-0782-M-1, Declassified documents concerning Russian President Boris Yeltsin."
"25","1994-07-05","Telcon","counted","Tier 4 - concise/confirmatory","23","3","122-125","Telephone call with President Boris Yeltsin of Russia, July 5, 1994, White House","NATO / European Security (4)","Yeltsin (13); NATO (2)","0","0","1","0","Light annotation check","Light annotation check; source-copy control","Likely confirmatory; keep available for chronology, annotation, or footnote support.","Compiler selection decision: include, excerpt/use in note, or retain as background after final thematic balancing.","202-204","https://therealjameswilson.github.io/Clinton-Russia-High-Level/public/documents/1994-07-05-telcon-21.pdf","https://www.clintonlibrary.gov/sites/default/files/finding_aids_a_z/2026-05/2015-0782-M-1.pdf","Source: William J. Clinton Presidential Library, Clinton Presidential Records, Records of the National Security Council Records Management Office (Clinton Administration), NAID 7388808, Presidential Records Series (PRS) Files, NAID 7585721, NSC Records Management, [Yeltsin and Telcons], OA/Box Number 477, Folder Title/Record ID 9405387, Mandatory Declassification Review 2015-0782-M-1, Declassified documents concerning Russian President Boris Yeltsin."
"26","1994-07-10","Memcon","pending","Hard source gap","","","","Meeting with President Boris Yeltsin of Russia, July 10, 1994, Naples Italy","","","0","1","0","0","Hard source follow-up","Public Papers/context hook exists; No released conversation pages located","Do not select as a document until actual conversation pages are found; use the hard-gap packet for follow-up.","Source decision: locate released actual conversation pages before any document selection.","No released July 10, 1994 Naples memcon pages located in 2015-0782-M-1","","https://www.clintonlibrary.gov/sites/default/files/finding_aids_a_z/2026-05/2015-0782-M-1.pdf","Source: William J. Clinton Presidential Library, Clinton Presidential Records, Records of the National Security Council Records Management Office (Clinton Administration), NAID 7388808, Presidential Records Series (PRS) Files, NAID 7585721, Mandatory Declassification Review 2015-0782-M-1, Declassified documents concerning Russian President Boris Yeltsin."
"27","1994-09-27","Memcon","counted","Tier 2 - strong candidate","86","7","126-133","Clinton-Yeltsin one-on-one memcon, September 27, 1994","Kosovo / Balkans (16); Economic Reform / Assistance (5); Iraq / Middle East (5)","Yeltsin (29); Milosevic (13); UN (2); G-7 (1); Kohl (1); Kozyrev (1)","0","4","1","1","Heavy annotation review","Heavy annotation review; public framing available; source-copy control; support/context leads","Strong candidate; compare against adjacent documents in same issue cluster.","Compiler selection decision: include, excerpt/use in note, or retain as background after final thematic balancing.","213-219","https://therealjameswilson.github.io/Clinton-Russia-High-Level/public/documents/1994-09-27-clinton-yeltsin-white-house-one-on-one.pdf","https://www.clintonlibrary.gov/sites/default/files/finding_aids_a_z/2026-05/2015-0782-M-1.pdf","Source: William J. Clinton Presidential Library, Clinton Presidential Records, Records of the National Security Council Records Management Office (Clinton Administration), NAID 7388808, Presidential Records Series (PRS) Files, NAID 7585721, NSC Records Management, [Yeltsin and Telcons], OA/Box Number 481, Folder Title/Record ID 9408090, Mandatory Declassification Review 2015-0782-M-1, Declassified documents concerning Russian President Boris Yeltsin."
"28","1994-09-27","Memcon","counted","Tier 1 - likely core","146","10","134-144","Meeting with President Boris Yeltsin of Russia, September 27, 1994, White House","Ukraine / Nuclear Security (43); Arms Control / Nonproliferation (42); Iraq / Middle East (3)","Yeltsin (31); Christopher (7); Kozyrev (6); Gore (1); Milosevic (1)","0","4","1","1","Heavy annotation review","Heavy annotation review; public framing available; source-copy control; support/context leads","Read first; strong candidate for full document treatment unless displaced by final thematic balance.","Compiler selection decision: include, excerpt/use in note, or retain as background after final thematic balancing.","251-260","https://therealjameswilson.github.io/Clinton-Russia-High-Level/public/documents/1994-09-27-clinton-yeltsin-expanded-security-session.pdf","https://www.clintonlibrary.gov/sites/default/files/finding_aids_a_z/2026-05/2015-0782-M-1.pdf","Source: William J. Clinton Presidential Library, Clinton Presidential Records, Records of the National Security Council Records Management Office (Clinton Administration), NAID 7388808, Presidential Records Series (PRS) Files, NAID 7585721, NSC Records Management, [Yeltsin and Telcons], OA/Box Number 482, Folder Title/Record ID 9408513, Mandatory Declassification Review 2015-0782-M-1, Declassified documents concerning Russian President Boris Yeltsin."
"29","1994-09-28","Memcon","counted","Tier 3 - supporting candidate","50","6","145-150","Second Clinton/Yeltsin One-on-One","NATO / European Security (12); Ukraine / Nuclear Security (6); Iraq / Middle East (4)","NATO (11); UN (7); Talbott (3); Yeltsin (2); Kohl (1)","0","2","0","0","Heavy annotation review","Heavy annotation review; public framing available","Useful support or context; consider excerpt, editorial-note use, or selection if the issue line needs continuity.","Compiler selection decision: include, excerpt/use in note, or retain as background after final thematic balancing.","3-7,9","https://therealjameswilson.github.io/Clinton-Russia-High-Level/public/documents/clinton-standalone-1994-09-28-second-one-on-one.pdf","https://clinton.presidentiallibraries.us/files/original/2509827ca57f98e07eec584b3d69250f.pdf","Source: William J. Clinton Presidential Library, Clinton Digital Library item 101758, ""Declassified documents concerning telcon between the President and Boris Yeltsin on September 28, 1994,"" identifier 2018-1215-M; creators National Security Council, NSC European Affairs Office, and Alexander Vershbow; part of National Archives Catalog Description, NAID 7585499; Clinton Presidential Records: White House Staff and Office Files; Declassified Documents collection."
"30","1994-10-05","Telcon","counted","Tier 3 - supporting candidate","48","4","151-155","Telephone call with President Boris Yeltsin, October 5, 1994, White House","Iraq / Middle East (6); Economic Reform / Assistance (4); Russian Politics / Elections (1)","Yeltsin (13); Chernomyrdin (7); Gore (4); Christopher (1); Kozyrev (1); Primakov (1)","1","0","1","2","Heavy annotation review","Heavy annotation review; PDD timing check; source-copy control; support/context leads","Useful support or context; consider excerpt, editorial-note use, or selection if the issue line needs continuity.","Compiler selection decision: include, excerpt/use in note, or retain as background after final thematic balancing.","227-230","https://therealjameswilson.github.io/Clinton-Russia-High-Level/public/documents/1994-10-05-telcon-24.pdf","https://www.clintonlibrary.gov/sites/default/files/finding_aids_a_z/2026-05/2015-0782-M-1.pdf","Source: William J. Clinton Presidential Library, Clinton Presidential Records, Records of the National Security Council Records Management Office (Clinton Administration), NAID 7388808, Presidential Records Series (PRS) Files, NAID 7585721, NSC Records Management, [Yeltsin and Telcons], Folder Title/Record ID 9408162, Mandatory Declassification Review 2015-0782-M-1, Declassified documents concerning Russian President Boris Yeltsin."
"31","1994-10-10","Telcon","counted","Tier 3 - supporting candidate","63","4","156-160","Telephone call with President Boris Yeltsin of Russia, October 10, 1994, White House","Iraq / Middle East (22); Economic Reform / Assistance (5); Ukraine / Nuclear Security (2)","Yeltsin (12); Kozyrev (6); Christopher (3); Chernomyrdin (2); Primakov (2); Kohl (1)","1","0","1","1","Heavy annotation review","Heavy annotation review; PDD timing check; source-copy control; support/context leads","Useful support or context; consider excerpt, editorial-note use, or selection if the issue line needs continuity.","Compiler selection decision: include, excerpt/use in note, or retain as background after final thematic balancing.","238-241","https://therealjameswilson.github.io/Clinton-Russia-High-Level/public/documents/1994-10-10-clinton-yeltsin-iraq-telcon.pdf","https://www.clintonlibrary.gov/sites/default/files/finding_aids_a_z/2026-05/2015-0782-M-1.pdf","Source: William J. Clinton Presidential Library, Clinton Presidential Records, Records of the National Security Council Records Management Office (Clinton Administration), NAID 7388808, Presidential Records Series (PRS) Files, NAID 7585721, OA/Box Number 481, Folder Title/Record ID 9408229, Mandatory Declassification Review 2015-0782-M-1, Declassified documents concerning Russian President Boris Yeltsin."
"32","1995-02-13","Telcon","counted","Tier 3 - supporting candidate","55","4","161-165","Telephone call with President Boris Yeltsin of Russia, February 13, 1995, White House","Chechnya / Caucasus (15); Economic Reform / Assistance (12); Russian Politics / Elections (7)","Yeltsin (15); Kohl (2)","1","0","1","0","Heavy annotation review","Heavy annotation review; PDD timing check; source-copy control","Useful support or context; consider excerpt, editorial-note use, or selection if the issue line needs continuity.","Compiler selection decision: include, excerpt/use in note, or retain as background after final thematic balancing.","268-271","https://therealjameswilson.github.io/Clinton-Russia-High-Level/public/documents/1995-02-13-telcon-26.pdf","https://www.clintonlibrary.gov/sites/default/files/finding_aids_a_z/2026-05/2015-0782-M-1.pdf","Source: William J. Clinton Presidential Library, Clinton Presidential Records, Records of the National Security Council Records Management Office (Clinton Administration), NAID 7388808, Presidential Records Series (PRS) Files, NAID 7585721, NSC Records Management, [Yeltsin and Telcons], OA/Box Number 564, Folder Title/Record ID 9500995, Mandatory Declassification Review 2015-0782-M-1, Declassified documents concerning Russian President Boris Yeltsin."
"33","1995-04-27","Telcon","counted","Tier 3 - supporting candidate","64","4","166-170","Telephone call with President Boris Yeltsin of Russia, April 27, 1995, White House","NATO / European Security (16); Arms Control / Nonproliferation (4); Chechnya / Caucasus (3)","Yeltsin (16); NATO (14); Gore (3); Kozyrev (3); Chernomyrdin (2); Christopher (1)","0","0","0","0","Heavy annotation review","Heavy annotation review","Useful support or context; consider excerpt, editorial-note use, or selection if the issue line needs continuity.","Compiler selection decision: include, excerpt/use in note, or retain as background after final thematic balancing.","280-283","https://therealjameswilson.github.io/Clinton-Russia-High-Level/public/documents/1995-04-27-telcon-27.pdf","https://www.clintonlibrary.gov/sites/default/files/finding_aids_a_z/2026-05/2015-0782-M-1.pdf","Source: William J. Clinton Presidential Library, Clinton Presidential Records, Records of the National Security Council Records Management Office (Clinton Administration), NAID 7388808, Presidential Records Series (PRS) Files, NAID 7585721, NSC Records Management, [Yeltsin and Telcons], Folder Title/Record ID 9503572, Mandatory Declassification Review 2015-0782-M-1, Declassified documents concerning Russian President Boris Yeltsin."
"34","1995-05-10","Memcon","counted","Tier 1 - likely core","195","16","171-187","Meeting with President Boris Yeltsin of Russia, May 10, 1995, The Kremlin, Moscow, Russia","NATO / European Security (67); Iraq / Middle East (17); Ukraine / Nuclear Security (16)","NATO (41); Gore (12); Yeltsin (11); Chernomyrdin (8); Kozyrev (3); G-7 (2)","1","7","0","1","Heavy annotation review","Heavy annotation review; PDD timing check; public framing available; support/context leads","Read first; strong candidate for full document treatment unless displaced by final thematic balance.","Compiler selection decision: include, excerpt/use in note, or retain as background after final thematic balancing.","285-300","https://therealjameswilson.github.io/Clinton-Russia-High-Level/public/documents/1995-05-10-memcon-28.pdf","https://www.clintonlibrary.gov/sites/default/files/finding_aids_a_z/2026-05/2015-0782-M-1.pdf","Source: William J. Clinton Presidential Library, Clinton Presidential Records, Records of the National Security Council Records Management Office (Clinton Administration), NAID 7388808, Presidential Records Series (PRS) Files, NAID 7585721, Document ID 9503774, Original OA/ID 582, Mandatory Declassification Review 2014-0904-M-Release-A, Declassified documents concerning Russia."
"35","1995-06-17","Memcon","counted","Tier 2 - strong candidate","76","8","188-195","Meeting with President Boris Yeltsin of Russia, June 17, 1995, Halifax, Nova Scotia, Canada","NATO / European Security (18); Ukraine / Nuclear Security (9); Chechnya / Caucasus (8)","NATO (13); Yeltsin (6); Chernomyrdin (4); Gore (4); UN (3); Christopher (1)","0","1","1","3","Heavy annotation review","Heavy annotation review; public framing available; source-copy control; support/context leads","Strong candidate; compare against adjacent documents in same issue cluster.","Compiler selection decision: include, excerpt/use in note, or retain as background after final thematic balancing.","Strobe FOIA document C06835181, conversation pages 1-8","https://therealjameswilson.github.io/Clinton-Russia-High-Level/public/documents/1995-06-17-memcon-29.pdf","https://therealjameswilson.github.io/strobe-talbott-foia/manifest.html","Source: Department of State, FOIA Virtual Reading Room, Strobe Talbott FOIA release, case F-2017-13804, document C06835181."
"36","1995-07-28","Telcon","counted","Tier 2 - strong candidate","76","5","196-201","Telephone call with President Boris Yeltsin of Russia, July 28, 1995, White House","Kosovo / Balkans (13); NATO / European Security (6); Chechnya / Caucasus (5)","Yeltsin (17); Kozyrev (7); Milosevic (7); UN (7); NATO (6); Kohl (2)","1","0","1","0","Heavy annotation review","Heavy annotation review; PDD timing check; source-copy control","Strong candidate; compare against adjacent documents in same issue cluster.","Compiler selection decision: include, excerpt/use in note, or retain as background after final thematic balancing.","309-313","https://therealjameswilson.github.io/Clinton-Russia-High-Level/public/documents/1995-07-28-telcon-30.pdf","https://www.clintonlibrary.gov/sites/default/files/finding_aids_a_z/2026-05/2015-0782-M-1.pdf","Source: William J. Clinton Presidential Library, Clinton Presidential Records, Records of the National Security Council Records Management Office (Clinton Administration), NAID 7388808, Presidential Records Series (PRS) Files, NAID 7585721, NSC Records Management, [Yeltsin and Telcons], OA/Box Number 597, Folder Title/Record ID 9505860, Mandatory Declassification Review 2015-0782-M-1, Declassified documents concerning Russian President Boris Yeltsin."
"37","1995-09-27","Telcon","counted","Tier 3 - supporting candidate","50","3","202-205","Telephone call with President Boris Yeltsin of Russia, September 27, 1995, White House","NATO / European Security (8); Ukraine / Nuclear Security (5); Arms Control / Nonproliferation (4)","Yeltsin (17); NATO (6); Chernomyrdin (2); Gore (1); Kozyrev (1)","1","0","1","0","Heavy annotation review","Heavy annotation review; PDD timing check; source-copy control","Useful support or context; consider excerpt, editorial-note use, or selection if the issue line needs continuity.","Compiler selection decision: include, excerpt/use in note, or retain as background after final thematic balancing.","324-326","https://therealjameswilson.github.io/Clinton-Russia-High-Level/public/documents/1995-09-27-telcon-31.pdf","https://www.clintonlibrary.gov/sites/default/files/finding_aids_a_z/2026-05/2015-0782-M-1.pdf","Source: William J. Clinton Presidential Library, Clinton Presidential Records, Records of the National Security Council Records Management Office (Clinton Administration), NAID 7388808, Presidential Records Series (PRS) Files, NAID 7585721, NSC Records Management, [Yeltsin and Telcons], OA/Box Number 606, Folder Title/Record ID 9507137, Mandatory Declassification Review 2015-0782-M-1, Declassified documents concerning Russian President Boris Yeltsin."
"38","1995-10-23","Memcon","counted","Tier 2 - strong candidate","97","12","206-218","Clinton-Yeltsin One-on-One","NATO / European Security (21); Ukraine / Nuclear Security (7); Arms Control / Nonproliferation (5)","NATO (18); Yeltsin (15); Gore (5); Chernomyrdin (4); Tudjman (4); Milosevic (2)","0","2","1","5","Heavy annotation review","Heavy annotation review; public framing available; source-copy control; support/context leads","Strong candidate; compare against adjacent documents in same issue cluster.","Compiler selection decision: include, excerpt/use in note, or retain as background after final thematic balancing.","5-16","https://therealjameswilson.github.io/Clinton-Russia-High-Level/public/documents/1995-10-23-clinton-yeltsin-hyde-park-one-on-one.pdf","https://s3.amazonaws.com/NARAprodstorage/lz/presidential-libraries/clinton/wjc-nscrm/7585721/7-YeltsinHydePark.pdf","Source: William J. Clinton Presidential Library, Clinton Presidential Records, Records of the National Security Council Records Management Office (Clinton Administration), NAID 7388808, Presidential Records Series (PRS) Files, NAID 7585721, NSC Records Management, [Yeltsin], OA/Box Number 43319, Folder Title/Record ID 9507853, National Archives Catalog item 2014-0948-M, Memcon between President William Jefferson Clinton and President Boris Yeltsin, NAID 163545436."
"39","1995-10-23","Memcon","counted","Tier 3 - supporting candidate","48","5","219-224","Lunch with Boris Yeltsin, President of Russian Federation","NATO / European Security (1); Ukraine / Nuclear Security (1)","Yeltsin (27); Kozyrev (2); Christopher (1); NATO (1); Talbott (1)","0","2","0","5","Heavy annotation review","Heavy annotation review; public framing available; support/context leads","Useful support or context; consider excerpt, editorial-note use, or selection if the issue line needs continuity.","Compiler selection decision: include, excerpt/use in note, or retain as background after final thematic balancing.","31-35","https://therealjameswilson.github.io/Clinton-Russia-High-Level/public/documents/1995-10-23-clinton-yeltsin-hyde-park-lunch.pdf","https://s3.amazonaws.com/NARAprodstorage/lz/presidential-libraries/clinton/wjc-nscrm/7585721/7-YeltsinHydePark.pdf","Source: William J. Clinton Presidential Library, Clinton Presidential Records, Records of the National Security Council Records Management Office (Clinton Administration), NAID 7388808, Presidential Records Series (PRS) Files, NAID 7585721, NSC Records Management, [Yeltsin], OA/Box Number 611, Folder Title/Record ID 9507991, National Archives Catalog item 2014-0948-M, Memcon between President William Jefferson Clinton and President Boris Yeltsin, NAID 163545436."
"40","1996-01-26","Telcon","counted","Tier 2 - strong candidate","71","5","225-230","Telephone call with President Boris Yeltsin of Russia, January 26, 1996, White House","Russian Politics / Elections (15); Economic Reform / Assistance (7); Chechnya / Caucasus (6)","Yeltsin (20); NATO (6); Chernomyrdin (4); Gore (2); IMF (2); Christopher (1)","1","1","1","0","Heavy annotation review","Heavy annotation review; PDD timing check; public framing available; source-copy control","Strong candidate; compare against adjacent documents in same issue cluster.","Compiler selection decision: include, excerpt/use in note, or retain as background after final thematic balancing.","342-346","https://therealjameswilson.github.io/Clinton-Russia-High-Level/public/documents/1996-01-26-telcon-33.pdf","https://www.clintonlibrary.gov/sites/default/files/finding_aids_a_z/2026-05/2015-0782-M-1.pdf","Source: William J. Clinton Presidential Library, Clinton Presidential Records, Records of the National Security Council Records Management Office (Clinton Administration), NAID 7388808, Presidential Records Series (PRS) Files, NAID 7585721, NSC Records Management, [Yeltsin and Telcons], OA/Box Number 1082, Folder Title/Record ID 9600480, Mandatory Declassification Review 2015-0782-M-1, Declassified documents concerning Russian President Boris Yeltsin."
"41","1996-02-21","Telcon","counted","Tier 2 - strong candidate","72","4","231-235","Telephone call with President Boris Yeltsin of Russia, February 21, 1996, White House","NATO / European Security (12); Russian Politics / Elections (10); Arms Control / Nonproliferation (9)","Yeltsin (18); NATO (9); Chernomyrdin (3); Christopher (2); Primakov (2); Gore (1)","1","0","1","0","Heavy annotation review","Heavy annotation review; PDD timing check; source-copy control","Strong candidate; compare against adjacent documents in same issue cluster.","Compiler selection decision: include, excerpt/use in note, or retain as background after final thematic balancing.","354-357","https://therealjameswilson.github.io/Clinton-Russia-High-Level/public/documents/1996-02-21-telcon-34.pdf","https://www.clintonlibrary.gov/sites/default/files/finding_aids_a_z/2026-05/2015-0782-M-1.pdf","Source: William J. Clinton Presidential Library, Clinton Presidential Records, Records of the National Security Council Records Management Office (Clinton Administration), NAID 7388808, Presidential Records Series (PRS) Files, NAID 7585721, Document ID 9601097, Original OA/ID 1086, Mandatory Declassification Review 2015-0782-M-1, Declassified documents concerning Russian President Boris Yeltsin."
"42","1996-03-13","Memcon","counted","Tier 3 - supporting candidate","56","4","236-240","Meeting with President Boris Yeltsin of Russia, March 13, 1996, Sharm El-Sheikh, Egypt","Russian Politics / Elections (9); Economic Reform / Assistance (2)","Yeltsin (27); Primakov (6); Christopher (3); Chernomyrdin (2); Gore (2); Talbott (1)","0","0","2","0","Heavy annotation review","Heavy annotation review; source-copy control","Useful support or context; consider excerpt, editorial-note use, or selection if the issue line needs continuity.","Compiler selection decision: include, excerpt/use in note, or retain as background after final thematic balancing.","Google Drive file 1kqpS-sURsWvTfRqKhA-09YXKX5fVVh7c, pages 2-5","https://therealjameswilson.github.io/Clinton-Russia-High-Level/public/documents/1996-03-13-clinton-yeltsin-sharm-el-sheikh-memcon-cable.pdf","https://drive.google.com/file/d/1kqpS-sURsWvTfRqKhA-09YXKX5fVVh7c/view","Source: William J. Clinton Presidential Library, Clinton Presidential Records: NSC Cable, Email, and Records Management System, Clinton Digital Library item 118876, Clinton Digital Library item 2016-0118-M, Meetings between President Clinton and Russian President Boris Yeltsin."
"43","1996-04-09","Telcon","counted","Tier 3 - supporting candidate","56","5","241-246","Telephone call with President Boris Yeltsin of Russia, April 9, 1996, White House","Ukraine / Nuclear Security (8); Russian Politics / Elections (6); Arms Control / Nonproliferation (5)","Yeltsin (19); G-7 (3); Primakov (3); Christopher (2); Talbott (1); Zyuganov (1)","0","0","1","2","Heavy annotation review","Heavy annotation review; source-copy control; support/context leads","Useful support or context; consider excerpt, editorial-note use, or selection if the issue line needs continuity.","Compiler selection decision: include, excerpt/use in note, or retain as background after final thematic balancing.","369-373","https://therealjameswilson.github.io/Clinton-Russia-High-Level/public/documents/1996-04-09-telcon-36.pdf","https://www.clintonlibrary.gov/sites/default/files/finding_aids_a_z/2026-05/2015-0782-M-1.pdf","Source: William J. Clinton Presidential Library, Clinton Presidential Records, Records of the National Security Council Records Management Office (Clinton Administration), NAID 7388808, Presidential Records Series (PRS) Files, NAID 7585721, NSC Records Management, [Yeltsin and Telcons], OA/Box Number 1093, Folder Title/Record ID 9602172, Mandatory Declassification Review 2015-0782-M-1, Declassified documents concerning Russian President Boris Yeltsin."
"44","1996-04-21","Memcon","counted","Tier 3 - supporting candidate","65","13","247-260","POTUS-Yeltsin One-on-One","Iraq / Middle East (13); Arms Control / Nonproliferation (11); Chechnya / Caucasus (7)","Yeltsin (7); Primakov (5); NATO (3); Christopher (2); Talbott (2); Chernomyrdin (1)","0","4","2","1","Heavy annotation review","Heavy annotation review; public framing available; source-copy control; support/context leads","Useful support or context; consider excerpt, editorial-note use, or selection if the issue line needs continuity.","Compiler selection decision: include, excerpt/use in note, or retain as background after final thematic balancing.","381-393","https://therealjameswilson.github.io/Clinton-Russia-High-Level/public/documents/1996-04-21-memcon-moscow-one-on-one.pdf","https://www.clintonlibrary.gov/sites/default/files/finding_aids_a_z/2026-05/2015-0782-M-1.pdf","Source: William J. Clinton Presidential Library, Clinton Presidential Records, Records of the National Security Council Records Management Office (Clinton Administration), NAID 7388808, Presidential Records Series (PRS) Files, NAID 7585721, NSC Records Management, [Yeltsin and Telcons], OA/Box Number 43319, Folder Title/Record ID 9602708, Mandatory Declassification Review 2015-0782-M-1, Declassified documents concerning Russian President Boris Yeltsin."
"45","1996-04-21","Memcon","counted","Tier 2 - strong candidate","79","7","261-268","Luncheon Meeting with Russian President Boris Yeltsin","Economic Reform / Assistance (17); Russian Politics / Elections (11); Arms Control / Nonproliferation (3)","Yeltsin (18); G-7 (11); Zyuganov (3); Berger (1); Ivanov (1); Talbott (1)","0","4","1","1","Heavy annotation review","Heavy annotation review; public framing available; source-copy control; support/context leads","Strong candidate; compare against adjacent documents in same issue cluster.","Compiler selection decision: include, excerpt/use in note, or retain as background after final thematic balancing.","7-13","https://therealjameswilson.github.io/Clinton-Russia-High-Level/public/documents/1996-04-21-memcon-moscow-luncheon.pdf","https://www.clintonlibrary.gov/sites/default/files/finding_aids_a_z/2026-01/2015-0782-M-2.pdf","Source: William J. Clinton Presidential Library, Clinton Presidential Records, Records of the National Security Council Records Management Office (Clinton Administration), NAID 7388808, Presidential Records Series (PRS) Files, NAID 7585721, NSC Records Management, [Yeltsin and Telcons], OA/Box Number 1100, Folder Title/Record ID 9602963, Mandatory Declassification Review 2015-0782-M-2, Declassified documents concerning Russian President Boris Yeltsin."
"46","1996-05-07","Telcon","counted","Tier 3 - supporting candidate","50","4","269-273","Telephone call with President Boris Yeltsin of Russia, May 7, 1996, White House","Russian Politics / Elections (10); Chechnya / Caucasus (5); Economic Reform / Assistance (5)","Yeltsin (18); IMF (3); Chernomyrdin (1)","1","0","1","1","Heavy annotation review","Heavy annotation review; PDD timing check; source-copy control; support/context leads","Useful support or context; consider excerpt, editorial-note use, or selection if the issue line needs continuity.","Compiler selection decision: include, excerpt/use in note, or retain as background after final thematic balancing.","25-28","https://therealjameswilson.github.io/Clinton-Russia-High-Level/public/documents/1996-05-07-telcon-38.pdf","https://www.clintonlibrary.gov/sites/default/files/finding_aids_a_z/2026-01/2015-0782-M-2.pdf","Source: William J. Clinton Presidential Library, Clinton Presidential Records, Records of the National Security Council Records Management Office (Clinton Administration), NAID 7388808, Presidential Records Series (PRS) Files, NAID 7585721, NSC Records Management, [Yeltsin and Telcons], OA/Box Number 1101, Folder Title/Record ID 9603149, Mandatory Declassification Review 2015-0782-M-2, Declassified documents concerning Russian President Boris Yeltsin."
"47","1996-06-18","Telcon","counted","Tier 4 - concise/confirmatory","37","2","274-276","Telephone call with President Boris Yeltsin of Russia, June 18, 1996, White House","Russian Politics / Elections (4); Economic Reform / Assistance (2); NATO / European Security (1)","Yeltsin (12); Chernomyrdin (1); NATO (1)","0","1","3","3","Standard annotation review","Standard annotation review; public framing available; source-copy control; support/context leads","Likely confirmatory; keep available for chronology, annotation, or footnote support.","Compiler selection decision: include, excerpt/use in note, or retain as background after final thematic balancing.","39-40","https://therealjameswilson.github.io/Clinton-Russia-High-Level/public/documents/1996-06-18-telcon-39.pdf","https://www.clintonlibrary.gov/sites/default/files/finding_aids_a_z/2026-01/2015-0782-M-2.pdf","Source: William J. Clinton Presidential Library, Clinton Presidential Records, Records of the National Security Council Records Management Office (Clinton Administration), NAID 7388808, Presidential Records Series (PRS) Files, NAID 7585721, Document ID 9604219, Original OA/ID 1108, Mandatory Declassification Review 2015-0782-M-2, Declassified documents concerning Russian President Boris Yeltsin."
"48","1996-07-05","Telcon","counted","Tier 4 - concise/confirmatory","37","3","277-280","Telephone call with President Boris Yeltsin of Russia, July 5, 1996, White House","Russian Politics / Elections (5); Arms Control / Nonproliferation (2); NATO / European Security (1)","Yeltsin (10); Chernomyrdin (4); Gore (4); Christopher (1); Kohl (1); NATO (1)","1","0","1","1","Standard annotation review","Standard annotation review; PDD timing check; source-copy control; support/context leads","Likely confirmatory; keep available for chronology, annotation, or footnote support.","Compiler selection decision: include, excerpt/use in note, or retain as background after final thematic balancing.","49-51","https://therealjameswilson.github.io/Clinton-Russia-High-Level/public/documents/1996-07-05-telcon-40.pdf","https://www.clintonlibrary.gov/sites/default/files/finding_aids_a_z/2026-01/2015-0782-M-2.pdf","Source: William J. Clinton Presidential Library, Clinton Presidential Records, Records of the National Security Council Records Management Office (Clinton Administration), NAID 7388808, Presidential Records Series (PRS) Files, NAID 7585721, NSC Records Management, [Yeltsin and Telcons], Folder Title/Record ID 9604660, Mandatory Declassification Review 2015-0782-M-2, Declassified documents concerning Russian President Boris Yeltsin."
"49","1996-09-15","Telcon","counted","Tier 4 - concise/confirmatory","16","2","281-283","Telephone call with President Boris Yeltsin of Russia, September 15, 1996, White House","Russian Politics / Elections (1)","Yeltsin (13)","0","0","0","0","Light annotation check","Light annotation check","Likely confirmatory; keep available for chronology, annotation, or footnote support.","Compiler selection decision: include, excerpt/use in note, or retain as background after final thematic balancing.","64-65","https://therealjameswilson.github.io/Clinton-Russia-High-Level/public/documents/1996-09-15-telcon-41.pdf","https://www.clintonlibrary.gov/sites/default/files/finding_aids_a_z/2026-01/2015-0782-M-2.pdf","Source: William J. Clinton Presidential Library, Clinton Presidential Records, Records of the National Security Council Records Management Office (Clinton Administration), NAID 7388808, Presidential Records Series (PRS) Files, NAID 7585721, NSC Records Management, [Yeltsin and Telcons], Folder Title/Record ID 9606243, Mandatory Declassification Review 2015-0782-M-2, Declassified documents concerning Russian President Boris Yeltsin."
"50","1996-12-05","Telcon","counted","Tier 4 - concise/confirmatory","31","3","284-287","Telephone call with President Boris Yeltsin of Russia, December 5, 1996, White House","Russian Politics / Elections (3); Economic Reform / Assistance (1)","Yeltsin (14); Chernomyrdin (4); Gore (2); Primakov (1)","0","0","1","1","Standard annotation review","Standard annotation review; source-copy control; support/context leads","Likely confirmatory; keep available for chronology, annotation, or footnote support.","Compiler selection decision: include, excerpt/use in note, or retain as background after final thematic balancing.","77-79","https://therealjameswilson.github.io/Clinton-Russia-High-Level/public/documents/1996-12-05-telcon-42.pdf","https://www.clintonlibrary.gov/sites/default/files/finding_aids_a_z/2026-01/2015-0782-M-2.pdf","Source: William J. Clinton Presidential Library, Clinton Presidential Records, Records of the National Security Council Records Management Office (Clinton Administration), NAID 7388808, Presidential Records Series (PRS) Files, NAID 7585721, NSC Records Management, [Yeltsin and Telcons], Folder Title/Record ID 9607896, Mandatory Declassification Review 2015-0782-M-2, Declassified documents concerning Russian President Boris Yeltsin."
"51","1997-02-27","Telcon","counted","Tier 3 - supporting candidate","54","3","288-291","Telephone call with President Boris Yeltsin of Russia, February 27, 1997, White House","NATO / European Security (16); Arms Control / Nonproliferation (11); Economic Reform / Assistance (3)","Yeltsin (10); Chernomyrdin (3); NATO (3); Gore (2); Albright (1); Talbott (1)","0","0","1","0","Heavy annotation review","Heavy annotation review; source-copy control","Useful support or context; consider excerpt, editorial-note use, or selection if the issue line needs continuity.","Compiler selection decision: include, excerpt/use in note, or retain as background after final thematic balancing.","87-89","https://therealjameswilson.github.io/Clinton-Russia-High-Level/public/documents/1997-02-27-telcon-43.pdf","https://www.clintonlibrary.gov/sites/default/files/finding_aids_a_z/2026-01/2015-0782-M-2.pdf","Source: William J. Clinton Presidential Library, Clinton Presidential Records, Records of the National Security Council Records Management Office (Clinton Administration), NAID 7388808, Presidential Records Series (PRS) Files, NAID 7585721, NSC Records Management, [Yeltsin and Telcons], OA/Box Number 1604, Folder Title/Record ID 9701361, Mandatory Declassification Review 2015-0782-M-2, Declassified documents concerning Russian President Boris Yeltsin."
"52","1997-03-21","Memcon","counted","Tier 1 - likely core","190","11","292-303","Helsinki Morning Meeting with President Boris Yeltsin","NATO / European Security (46); Arms Control / Nonproliferation (43); Ukraine / Nuclear Security (12)","NATO (38); Yeltsin (17); Primakov (7); Albright (3); Berger (1); Talbott (1)","0","8","1","2","Heavy annotation review","Heavy annotation review; public framing available; source-copy control; support/context leads","Read first; strong candidate for full document treatment unless displaced by final thematic balance.","Compiler selection decision: include, excerpt/use in note, or retain as background after final thematic balancing.","105-115","https://therealjameswilson.github.io/Clinton-Russia-High-Level/public/documents/1997-03-21-memcon-helsinki-morning.pdf","https://www.clintonlibrary.gov/sites/default/files/finding_aids_a_z/2026-01/2015-0782-M-2.pdf","Source: William J. Clinton Presidential Library, Clinton Presidential Records, Records of the National Security Council Records Management Office (Clinton Administration), NAID 7388808, Presidential Records Series (PRS) Files, NAID 7585721, NSC Records Management, [Yeltsin and Telcons], OA/Box Number 1609, Folder Title/Record ID 9702044, Mandatory Declassification Review 2015-0782-M-2, Declassified documents concerning Russian President Boris Yeltsin."
"53","1997-03-21","Memcon","counted","Tier 2 - strong candidate","82","8","304-312","Helsinki Working Lunch with President Boris Yeltsin","NATO / European Security (10); Economic Reform / Assistance (9); Russian Politics / Elections (7)","Yeltsin (23); Chernomyrdin (3); Gore (3); IMF (2); Talbott (2); Albright (1)","0","8","1","2","Heavy annotation review","Heavy annotation review; public framing available; source-copy control; support/context leads","Strong candidate; compare against adjacent documents in same issue cluster.","Compiler selection decision: include, excerpt/use in note, or retain as background after final thematic balancing.","116-123","https://therealjameswilson.github.io/Clinton-Russia-High-Level/public/documents/1997-03-21-memcon-helsinki-working-lunch.pdf","https://www.clintonlibrary.gov/sites/default/files/finding_aids_a_z/2026-01/2015-0782-M-2.pdf","Source: William J. Clinton Presidential Library, Clinton Presidential Records, Records of the National Security Council Records Management Office (Clinton Administration), NAID 7388808, Presidential Records Series (PRS) Files, NAID 7585721, NSC Records Management, [Yeltsin and Telcons], OA/Box Number 1609, Folder Title/Record ID 9702044, Mandatory Declassification Review 2015-0782-M-2, Declassified documents concerning Russian President Boris Yeltsin."
"54","1997-03-21","Memcon","counted","Tier 2 - strong candidate","85","4","313-317","Helsinki Afternoon Meeting with President Boris Yeltsin","NATO / European Security (14); Economic Reform / Assistance (5); Arms Control / Nonproliferation (4)","Yeltsin (19); NATO (9); Berger (6); G-7 (2); Primakov (2); Talbott (2)","0","8","1","2","Heavy annotation review","Heavy annotation review; public framing available; source-copy control; support/context leads","Strong candidate; compare against adjacent documents in same issue cluster.","Compiler selection decision: include, excerpt/use in note, or retain as background after final thematic balancing.","124-127","https://therealjameswilson.github.io/Clinton-Russia-High-Level/public/documents/1997-03-21-memcon-helsinki-afternoon.pdf","https://www.clintonlibrary.gov/sites/default/files/finding_aids_a_z/2026-01/2015-0782-M-2.pdf","Source: William J. Clinton Presidential Library, Clinton Presidential Records, Records of the National Security Council Records Management Office (Clinton Administration), NAID 7388808, Presidential Records Series (PRS) Files, NAID 7585721, NSC Records Management, [Yeltsin and Telcons], OA/Box Number 1609, Folder Title/Record ID 9702044, Mandatory Declassification Review 2015-0782-M-2, Declassified documents concerning Russian President Boris Yeltsin."
"55","1997-03-21","Memcon","counted","Tier 2 - strong candidate","95","6","318-324","Helsinki Private Dinner with President Boris Yeltsin","Iraq / Middle East (15); Ukraine / Nuclear Security (12); NATO / European Security (6)","Yeltsin (31); Talbott (4); Chernomyrdin (3); NATO (2)","0","8","1","2","Heavy annotation review","Heavy annotation review; public framing available; source-copy control; support/context leads","Strong candidate; compare against adjacent documents in same issue cluster.","Compiler selection decision: include, excerpt/use in note, or retain as background after final thematic balancing.","128-133","https://therealjameswilson.github.io/Clinton-Russia-High-Level/public/documents/1997-03-21-memcon-helsinki-private-dinner.pdf","https://www.clintonlibrary.gov/sites/default/files/finding_aids_a_z/2026-01/2015-0782-M-2.pdf","Source: William J. Clinton Presidential Library, Clinton Presidential Records, Records of the National Security Council Records Management Office (Clinton Administration), NAID 7388808, Presidential Records Series (PRS) Files, NAID 7585721, NSC Records Management, [Yeltsin and Telcons], OA/Box Number 1609, Folder Title/Record ID 9702044, Mandatory Declassification Review 2015-0782-M-2, Declassified documents concerning Russian President Boris Yeltsin."
"56","1997-05-27","Memcon","counted","Tier 1 - likely core","117","8","325-333","Meeting with President Boris Yeltsin of Russia, May 27, 1997, Paris, France","NATO / European Security (29); Arms Control / Nonproliferation (10); Iraq / Middle East (7)","Yeltsin (31); Primakov (11); NATO (10); Albright (6); Berger (4); Talbott (4)","0","1","1","0","Heavy annotation review","Heavy annotation review; public framing available; source-copy control","Read first; strong candidate for full document treatment unless displaced by final thematic balance.","Compiler selection decision: include, excerpt/use in note, or retain as background after final thematic balancing.","143-150","https://therealjameswilson.github.io/Clinton-Russia-High-Level/public/documents/1997-05-27-memcon-45.pdf","https://www.clintonlibrary.gov/sites/default/files/finding_aids_a_z/2026-01/2015-0782-M-2.pdf","Source: William J. Clinton Presidential Library, Clinton Presidential Records, Records of the National Security Council Records Management Office (Clinton Administration), NAID 7388808, Presidential Records Series (PRS) Files, NAID 7585721, NSC Records Management, [Yeltsin and Telcons], OA/Box Number 1623, Folder Title/Record ID 9703720, Mandatory Declassification Review 2015-0782-M-2, Declassified documents concerning Russian President Boris Yeltsin."
"57","1997-06-20","Memcon","counted","Tier 1 - likely core","105","8","334-342","Meeting with President Boris Yeltsin of Russia, June 20, 1997, Denver, Colorado","NATO / European Security (14); Iraq / Middle East (13); Arms Control / Nonproliferation (11)","Yeltsin (31); Primakov (7); Albright (5); NATO (4); UN (4); Berger (3)","0","5","1","0","Heavy annotation review","Heavy annotation review; public framing available; source-copy control","Read first; strong candidate for full document treatment unless displaced by final thematic balance.","Compiler selection decision: include, excerpt/use in note, or retain as background after final thematic balancing.","165-172","https://therealjameswilson.github.io/Clinton-Russia-High-Level/public/documents/1997-06-20-memcon-46.pdf","https://www.clintonlibrary.gov/sites/default/files/finding_aids_a_z/2026-01/2015-0782-M-2.pdf","Source: William J. Clinton Presidential Library, Clinton Presidential Records, Records of the National Security Council Records Management Office (Clinton Administration), NAID 7388808, Presidential Records Series (PRS) Files, NAID 7585721, NSC Records Management, [Yeltsin and Telcons], OA/Box Number 1629, Folder Title/Record ID 9704607, Mandatory Declassification Review 2015-0782-M-2, Declassified documents concerning Russian President Boris Yeltsin."
"58","1997-10-30","Telcon","counted","Tier 3 - supporting candidate","69","6","343-349","Telephone call with President Boris Yeltsin of Russia, October 30, 1997, White House","Arms Control / Nonproliferation (21); Russian Politics / Elections (5); Iraq / Middle East (3)","Yeltsin (21); Primakov (5); Albright (3); Chernomyrdin (1)","1","0","2","1","Heavy annotation review","Heavy annotation review; PDD timing check; source-copy control; support/context leads","Useful support or context; consider excerpt, editorial-note use, or selection if the issue line needs continuity.","Compiler selection decision: include, excerpt/use in note, or retain as background after final thematic balancing.","183-188","https://therealjameswilson.github.io/Clinton-Russia-High-Level/public/documents/1997-10-30-telcon-47.pdf","https://www.clintonlibrary.gov/sites/default/files/finding_aids_a_z/2026-01/2015-0782-M-2.pdf","Source: William J. Clinton Presidential Library, Clinton Presidential Records, Records of the National Security Council Records Management Office (Clinton Administration), NAID 7388808, Presidential Records Series (PRS) Files, NAID 7585721, OA/Box Number 1651, Folder Title/Record ID 9707450, Mandatory Declassification Review 2015-0782-M-2, Declassified documents concerning Russian President Boris Yeltsin."
"59","1997-11-16","Telcon","counted","Tier 4 - concise/confirmatory","35","3","350-353","Telephone call with President Boris Yeltsin of Russia, November 16, 1997, Malibu, California","Iraq / Middle East (9); Arms Control / Nonproliferation (2); Ukraine / Nuclear Security (1)","Yeltsin (11); Primakov (4); Albright (2); UN (2)","0","0","1","0","Standard annotation review","Standard annotation review; source-copy control","Likely confirmatory; keep available for chronology, annotation, or footnote support.","Compiler selection decision: include, excerpt/use in note, or retain as background after final thematic balancing.","206-208","https://therealjameswilson.github.io/Clinton-Russia-High-Level/public/documents/1997-11-16-telcon-48.pdf","https://www.clintonlibrary.gov/sites/default/files/finding_aids_a_z/2026-01/2015-0782-M-2.pdf","Source: William J. Clinton Presidential Library, Clinton Presidential Records, Records of the National Security Council Records Management Office (Clinton Administration), NAID 7388808, Presidential Records Series (PRS) Files, NAID 7585721, NSC Records Management, [Yeltsin and Telcons], OA/Box Number 1654, Folder Title/Record ID 9707804, Mandatory Declassification Review 2015-0782-M-2, Declassified documents concerning Russian President Boris Yeltsin."
"60","1997-11-22","Telcon","counted","Tier 3 - supporting candidate","46","6","354-360","Telephone call with President Boris Yeltsin of Russia, November 22, 1997, White House","Iraq / Middle East (10); Arms Control / Nonproliferation (7); Russian Politics / Elections (5)","Yeltsin (12); Primakov (3); Albright (2); UN (1)","1","0","1","0","Heavy annotation review","Heavy annotation review; PDD timing check; source-copy control","Useful support or context; consider excerpt, editorial-note use, or selection if the issue line needs continuity.","Compiler selection decision: include, excerpt/use in note, or retain as background after final thematic balancing.","218-223","https://therealjameswilson.github.io/Clinton-Russia-High-Level/public/documents/1997-11-22-telcon-49.pdf","https://www.clintonlibrary.gov/sites/default/files/finding_aids_a_z/2026-01/2015-0782-M-2.pdf","Source: William J. Clinton Presidential Library, Clinton Presidential Records, Records of the National Security Council Records Management Office (Clinton Administration), NAID 7388808, Presidential Records Series (PRS) Files, NAID 7585721, NSC Records Management, [Yeltsin and Telcons], OA/Box Number 1655, Folder Title/Record ID 9707985, Mandatory Declassification Review 2015-0782-M-2, Declassified documents concerning Russian President Boris Yeltsin."
"61","1998-02-02","Telcon","counted","Tier 4 - concise/confirmatory","44","4","361-365","Telephone call with President Boris Yeltsin of Russia, February 2, 1998, White House","Iraq / Middle East (15); Arms Control / Nonproliferation (1); Russian Politics / Elections (1)","Yeltsin (13); Primakov (3); Albright (2); Chernomyrdin (2); Gore (1)","1","0","1","0","Standard annotation review","Standard annotation review; PDD timing check; source-copy control","Likely confirmatory; keep available for chronology, annotation, or footnote support.","Compiler selection decision: include, excerpt/use in note, or retain as background after final thematic balancing.","236-239","https://therealjameswilson.github.io/Clinton-Russia-High-Level/public/documents/1998-02-02-telcon-50.pdf","https://www.clintonlibrary.gov/sites/default/files/finding_aids_a_z/2026-01/2015-0782-M-2.pdf","Source: William J. Clinton Presidential Library, Clinton Presidential Records, Records of the National Security Council Records Management Office (Clinton Administration), NAID 7388808, Presidential Records Series (PRS) Files, NAID 7585721, Document ID 9800756, Original OA/ID 2014, Mandatory Declassification Review 2015-0782-M-2, Declassified documents concerning Russian President Boris Yeltsin."
"62","1998-02-23","Telcon","counted","Tier 4 - concise/confirmatory","42","4","366-370","Telephone call with President Boris Yeltsin of Russia, February 23, 1998, White House","Iraq / Middle East (7); Arms Control / Nonproliferation (6); Russian Politics / Elections (3)","Yeltsin (16); Primakov (2); UN (2)","0","0","1","1","Standard annotation review","Standard annotation review; source-copy control; support/context leads","Likely confirmatory; keep available for chronology, annotation, or footnote support.","Compiler selection decision: include, excerpt/use in note, or retain as background after final thematic balancing.","253-256","https://therealjameswilson.github.io/Clinton-Russia-High-Level/public/documents/1998-02-23-telcon-51.pdf","https://www.clintonlibrary.gov/sites/default/files/finding_aids_a_z/2026-01/2015-0782-M-2.pdf","Source: William J. Clinton Presidential Library, Clinton Presidential Records, Records of the National Security Council Records Management Office (Clinton Administration), NAID 7388808, Presidential Records Series (PRS) Files, NAID 7585721, NSC Records Management, [Yeltsin and Telcons], OA/Box Number 2018, Folder Title/Record ID 9801337, Mandatory Declassification Review 2015-0782-M-2, Declassified documents concerning Russian President Boris Yeltsin."
"63","1998-04-06","Telcon","counted","Tier 3 - supporting candidate","49","5","371-376","Telephone call with President Boris Yeltsin of Russia, April 6, 1998, White House","Arms Control / Nonproliferation (8); Kosovo / Balkans (8); Iraq / Middle East (4)","Yeltsin (14); Milosevic (3); Gore (2); Primakov (2); Albright (1); Chernomyrdin (1)","0","0","2","0","Heavy annotation review","Heavy annotation review; source-copy control","Useful support or context; consider excerpt, editorial-note use, or selection if the issue line needs continuity.","Compiler selection decision: include, excerpt/use in note, or retain as background after final thematic balancing.","274-278","https://therealjameswilson.github.io/Clinton-Russia-High-Level/public/documents/1998-04-06-telcon-52.pdf","https://www.clintonlibrary.gov/sites/default/files/finding_aids_a_z/2026-01/2015-0782-M-2.pdf","Source: William J. Clinton Presidential Library, Clinton Presidential Records, Records of the National Security Council Records Management Office (Clinton Administration), NAID 7388808, Presidential Records Series (PRS) Files, NAID 7585721, NSC Records Management, [Yeltsin and Telcons], OA/Box Number 2027, Folder Title/Record ID 9802448, Mandatory Declassification Review 2015-0782-M-2, Declassified documents concerning Russian President Boris Yeltsin."
"64","1998-05-12","Telcon","counted","Tier 3 - supporting candidate","54","5","377-382","Telephone call with President Boris Yeltsin of Russia, May 12, 1998, White House","Arms Control / Nonproliferation (13); Ukraine / Nuclear Security (6); Kosovo / Balkans (5)","Yeltsin (17); Berger (2); Talbott (1)","1","0","2","1","Heavy annotation review","Heavy annotation review; PDD timing check; source-copy control; support/context leads","Useful support or context; consider excerpt, editorial-note use, or selection if the issue line needs continuity.","Compiler selection decision: include, excerpt/use in note, or retain as background after final thematic balancing.","286-290","https://therealjameswilson.github.io/Clinton-Russia-High-Level/public/documents/1998-05-12-telcon-53.pdf","https://www.clintonlibrary.gov/sites/default/files/finding_aids_a_z/2026-01/2015-0782-M-2.pdf","Source: William J. Clinton Presidential Library, Clinton Presidential Records, Records of the National Security Council Records Management Office (Clinton Administration), NAID 7388808, Presidential Records Series (PRS) Files, NAID 7585721, OA/Box Number 2036, Folder Title/Record ID 9803457, Mandatory Declassification Review 2015-0782-M-2, Declassified documents concerning Russian President Boris Yeltsin."
"65","1998-05-17","Memcon","counted","Tier 2 - strong candidate","82","8","383-391","Meeting with President Boris Yeltsin of Russia, May 17, 1998, Birmingham, England","Arms Control / Nonproliferation (10); Kosovo / Balkans (9); NATO / European Security (5)","Yeltsin (30); Primakov (4); Berger (3); Chernomyrdin (3); Milosevic (3); UN (3)","0","1","2","3","Heavy annotation review","Heavy annotation review; public framing available; source-copy control; support/context leads","Strong candidate; compare against adjacent documents in same issue cluster.","Compiler selection decision: include, excerpt/use in note, or retain as background after final thematic balancing.","312-319","https://therealjameswilson.github.io/Clinton-Russia-High-Level/public/documents/1998-05-17-memcon-54.pdf","https://www.clintonlibrary.gov/sites/default/files/finding_aids_a_z/2026-01/2015-0782-M-2.pdf","Source: William J. Clinton Presidential Library, Clinton Presidential Records, Records of the National Security Council Records Management Office (Clinton Administration), NAID 7388808, Presidential Records Series (PRS) Files, NAID 7585721, Document ID 9803752, Original OA/ID 2039, Mandatory Declassification Review 2014-0999-M, Declassified documents concerning Russian President Boris Yeltsin."
"66","1998-05-21","Telcon","counted","Tier 4 - concise/confirmatory","30","3","392-395","Telephone call with President Boris Yeltsin of Russia, May 21, 1998, White House","Arms Control / Nonproliferation (2); Iraq / Middle East (1); Russian Politics / Elections (1)","Yeltsin (10)","1","2","1","3","Standard annotation review","Standard annotation review; PDD timing check; public framing available; source-copy control; support/context leads","Likely confirmatory; keep available for chronology, annotation, or footnote support.","Compiler selection decision: include, excerpt/use in note, or retain as background after final thematic balancing.","301-303","https://therealjameswilson.github.io/Clinton-Russia-High-Level/public/documents/1998-05-21-telcon-55.pdf","https://www.clintonlibrary.gov/sites/default/files/finding_aids_a_z/2026-01/2015-0782-M-2.pdf","Source: William J. Clinton Presidential Library, Clinton Presidential Records, Records of the National Security Council Records Management Office (Clinton Administration), NAID 7388808, Presidential Records Series (PRS) Files, NAID 7585721, NSC Records Management, [Yeltsin and Telcons], OA/Box Number 2038, Folder Title/Record ID 9803714, Mandatory Declassification Review 2015-0782-M-2, Declassified documents concerning Russian President Boris Yeltsin."
"67","1998-05-28","Telcon","counted","Tier 3 - supporting candidate","48","4","396-400","Telephone call with President Boris Yeltsin of Russia, May 28, 1998, White House","Economic Reform / Assistance (15); Russian Politics / Elections (1); Ukraine / Nuclear Security (1)","Yeltsin (12); IMF (6); Albright (1); Primakov (1); UN (1)","1","0","2","1","Heavy annotation review","Heavy annotation review; PDD timing check; source-copy control; support/context leads","Useful support or context; consider excerpt, editorial-note use, or selection if the issue line needs continuity.","Compiler selection decision: include, excerpt/use in note, or retain as background after final thematic balancing.","329-332","https://therealjameswilson.github.io/Clinton-Russia-High-Level/public/documents/1998-05-28-telcon-56.pdf","https://www.clintonlibrary.gov/sites/default/files/finding_aids_a_z/2026-01/2015-0782-M-2.pdf","Source: William J. Clinton Presidential Library, Clinton Presidential Records, Records of the National Security Council Records Management Office (Clinton Administration), NAID 7388808, Presidential Records Series (PRS) Files, NAID 7585721, NSC Records Management, [Yeltsin and Telcons], OA/Box Number 2039, Folder Title/Record ID 9803875, Mandatory Declassification Review 2015-0782-M-2, Declassified documents concerning Russian President Boris Yeltsin."
"68","1998-06-15","Telcon","counted","Tier 2 - strong candidate","83","5","401-406","Telephone call with President Boris Yeltsin of Russia, June 15, 1998, White House","Kosovo / Balkans (25); NATO / European Security (7); Arms Control / Nonproliferation (4)","Yeltsin (13); Milosevic (12); NATO (7); Primakov (3); IMF (2); UN (2)","1","0","1","1","Heavy annotation review","Heavy annotation review; PDD timing check; source-copy control; support/context leads","Strong candidate; compare against adjacent documents in same issue cluster.","Compiler selection decision: include, excerpt/use in note, or retain as background after final thematic balancing.","342-346","https://therealjameswilson.github.io/Clinton-Russia-High-Level/public/documents/1998-06-15-telcon-57.pdf","https://www.clintonlibrary.gov/sites/default/files/finding_aids_a_z/2026-01/2015-0782-M-2.pdf","Source: William J. Clinton Presidential Library, Clinton Presidential Records, Records of the National Security Council Records Management Office (Clinton Administration), NAID 7388808, Presidential Records Series (PRS) Files, NAID 7585721, NSC Records Management, [Yeltsin and Telcons], OA/Box Number 2045, Folder Title/Record ID 9804474, Mandatory Declassification Review 2015-0782-M-2, Declassified documents concerning Russian President Boris Yeltsin."
"69","1998-06-16","Telcon","counted","Tier 4 - concise/confirmatory","22","2","407-409","Telephone call with President Boris Yeltsin of Russia, June 16, 1998, White House","Kosovo / Balkans (3)","Yeltsin (8); Milosevic (2); Primakov (2); Talbott (1)","1","0","0","1","Light annotation check","Light annotation check; PDD timing check; support/context leads","Likely confirmatory; keep available for chronology, annotation, or footnote support.","Compiler selection decision: include, excerpt/use in note, or retain as background after final thematic balancing.","359-360","https://therealjameswilson.github.io/Clinton-Russia-High-Level/public/documents/1998-06-16-telcon-59.pdf","https://www.clintonlibrary.gov/sites/default/files/finding_aids_a_z/2026-01/2015-0782-M-2.pdf","Source: William J. Clinton Presidential Library, Clinton Presidential Records, Records of the National Security Council Records Management Office (Clinton Administration), NAID 7388808, Presidential Records Series (PRS) Files, NAID 7585721, Document ID 9804476, Original OA/ID 2045, Mandatory Declassification Review 2015-0782-M-2, Declassified documents concerning Russian President Boris Yeltsin."
"70","1998-07-10","Telcon","counted","Tier 3 - supporting candidate","56","4","410-414","Telephone call with President Boris Yeltsin of Russia, July 10, 1998, White House","Russian Politics / Elections (10); Economic Reform / Assistance (7); Iraq / Middle East (3)","Yeltsin (17); IMF (5); Berger (2)","1","0","2","2","Heavy annotation review","Heavy annotation review; PDD timing check; source-copy control; support/context leads","Useful support or context; consider excerpt, editorial-note use, or selection if the issue line needs continuity.","Compiler selection decision: include, excerpt/use in note, or retain as background after final thematic balancing.","371-374","https://therealjameswilson.github.io/Clinton-Russia-High-Level/public/documents/1998-07-10-telcon-60.pdf","https://www.clintonlibrary.gov/sites/default/files/finding_aids_a_z/2026-01/2015-0782-M-2.pdf","Source: William J. Clinton Presidential Library, Clinton Presidential Records, Records of the National Security Council Records Management Office (Clinton Administration), NAID 7388808, Presidential Records Series (PRS) Files, NAID 7585721, NSC Records Management, [Yeltsin and Telcons], OA/Box Number 2048, Folder Title/Record ID 9804971, Mandatory Declassification Review 2015-0782-M-2, Declassified documents concerning Russian President Boris Yeltsin."
"71","1998-08-14","Telcon","counted","Tier 3 - supporting candidate","68","6","415-421","Telephone call with President Boris Yeltsin of Russia, August 14, 1998, White House","Economic Reform / Assistance (11); Kosovo / Balkans (9); Russian Politics / Elections (9)","Yeltsin (20); IMF (5); Milosevic (5); Albright (1); Gore (1); Primakov (1)","1","0","1","0","Heavy annotation review","Heavy annotation review; PDD timing check; source-copy control","Useful support or context; consider excerpt, editorial-note use, or selection if the issue line needs continuity.","Compiler selection decision: include, excerpt/use in note, or retain as background after final thematic balancing.","384-389","https://therealjameswilson.github.io/Clinton-Russia-High-Level/public/documents/1998-08-14-telcon-61.pdf","https://www.clintonlibrary.gov/sites/default/files/finding_aids_a_z/2026-01/2015-0782-M-2.pdf","Source: William J. Clinton Presidential Library, Clinton Presidential Records, Records of the National Security Council Records Management Office (Clinton Administration), NAID 7388808, Presidential Records Series (PRS) Files, NAID 7585721, NSC Records Management, [Yeltsin and Telcons], OA/Box Number 2055, Folder Title/Record ID 9805782, Mandatory Declassification Review 2015-0782-M-2, Declassified documents concerning Russian President Boris Yeltsin."
"72","1998-08-25","Telcon","counted","Tier 4 - concise/confirmatory","39","4","422-426","Telephone call with President Boris Yeltsin of Russia, August 25, 1998, Martha's Vineyard, Massachusetts","Iraq / Middle East (7); Kosovo / Balkans (4); Arms Control / Nonproliferation (3)","Yeltsin (14); Chernomyrdin (2); Gore (2); Milosevic (1); UN (1)","0","0","1","1","Standard annotation review","Standard annotation review; source-copy control; support/context leads","Likely confirmatory; keep available for chronology, annotation, or footnote support.","Compiler selection decision: include, excerpt/use in note, or retain as background after final thematic balancing.","405-408","https://therealjameswilson.github.io/Clinton-Russia-High-Level/public/documents/1998-08-25-telcon-62.pdf","https://www.clintonlibrary.gov/sites/default/files/finding_aids_a_z/2026-01/2015-0782-M-2.pdf","Source: William J. Clinton Presidential Library, Clinton Presidential Records, Records of the National Security Council Records Management Office (Clinton Administration), NAID 7388808, Presidential Records Series (PRS) Files, NAID 7585721, NSC Records Management, [Yeltsin and Telcons], OA/Box Number 2056, Folder Title/Record ID 9805956, Mandatory Declassification Review 2015-0782-M-2, Declassified documents concerning Russian President Boris Yeltsin."
"73","1998-09-01","Memcon","pending","Hard source gap","","","","Meetings with President Boris Yeltsin of Russia, September 1-2, 1998, Moscow, Russia","","","2","3","0","2","Hard source follow-up","PDD corroborates occurrence; Public Papers/context hook exists; No released conversation pages located","Do not select as a document until actual conversation pages are found; use the hard-gap packet for follow-up.","Source decision: locate released actual conversation pages before any document selection.","No released September 1-2, 1998 Moscow memcon pages located in 2015-0782-M-2","","https://www.clintonlibrary.gov/sites/default/files/finding_aids_a_z/2026-01/2015-0782-M-2.pdf","Source: William J. Clinton Presidential Library, Clinton Presidential Records, Records of the National Security Council Records Management Office (Clinton Administration), NAID 7388808, Presidential Records Series (PRS) Files, NAID 7585721, Mandatory Declassification Review 2015-0782-M-2, Declassified documents concerning Russian President Boris Yeltsin."
"74","1998-09-12","Telcon","counted","Tier 3 - supporting candidate","50","4","427-431","Telephone call with President Boris Yeltsin of Russia, September 12, 1998, White House","Economic Reform / Assistance (8); Russian Politics / Elections (4); Iraq / Middle East (1)","Primakov (15); Yeltsin (10); Gore (2); Ivanov (2); Albright (1); Berger (1)","1","0","1","0","Heavy annotation review","Heavy annotation review; PDD timing check; source-copy control","Useful support or context; consider excerpt, editorial-note use, or selection if the issue line needs continuity.","Compiler selection decision: include, excerpt/use in note, or retain as background after final thematic balancing.","422-425","https://therealjameswilson.github.io/Clinton-Russia-High-Level/public/documents/1998-09-12-telcon-64.pdf","https://www.clintonlibrary.gov/sites/default/files/finding_aids_a_z/2026-01/2015-0782-M-2.pdf","Source: William J. Clinton Presidential Library, Clinton Presidential Records, Records of the National Security Council Records Management Office (Clinton Administration), NAID 7388808, Presidential Records Series (PRS) Files, NAID 7585721, NSC Records Management, [Yeltsin and Telcons], OA/Box Number 2058, Folder Title/Record ID 9806300, Mandatory Declassification Review 2015-0782-M-2, Declassified documents concerning Russian President Boris Yeltsin."
"75","1998-10-05","Telcon","counted","Tier 4 - concise/confirmatory","43","3","432-434","Telephone call with President Boris Yeltsin of Russia, October 5, 1998, White House","Kosovo / Balkans (22); NATO / European Security (1)","Yeltsin (8); Milosevic (5); Ivanov (1); NATO (1); UN (1)","1","0","0","0","Standard annotation review","Standard annotation review; PDD timing check","Likely confirmatory; keep available for chronology, annotation, or footnote support.","Compiler selection decision: include, excerpt/use in note, or retain as background after final thematic balancing.","3-5","https://therealjameswilson.github.io/Clinton-Russia-High-Level/public/documents/1998-10-05-clinton-yeltsin-telcon-actual-pages.pdf","https://clinton.presidentiallibraries.us/files/original/dac856cd6bbd10b93c2eb815862bce44.pdf","Source: William J. Clinton Presidential Library, Clinton Presidential Records: NSC Cable, Email, and Records Management System, Clinton Digital Library item 100503, Clinton Digital Library item 2016-0620-M, Declassified Documents Concerning Russian President Boris Yeltsin."
"76","1998-12-30","Telcon","counted","Tier 3 - supporting candidate","62","5","435-439","Telephone call with President Boris Yeltsin of Russia, December 30, 1998, White House","Economic Reform / Assistance (15); Arms Control / Nonproliferation (9); Iraq / Middle East (8)","Yeltsin (7); IMF (6); Primakov (6); NATO (5); Gore (2); UN (2)","0","0","0","0","Heavy annotation review","Heavy annotation review","Useful support or context; consider excerpt, editorial-note use, or selection if the issue line needs continuity.","Compiler selection decision: include, excerpt/use in note, or retain as background after final thematic balancing.","1-5","https://therealjameswilson.github.io/Clinton-Russia-High-Level/public/documents/1998-12-30-clinton-yeltsin-telcon-actual-pages.pdf","https://clinton.presidentiallibraries.us/files/original/1ec29c3214c0ccb6c6ed30fd7e5b06af.pdf","Source: William J. Clinton Presidential Library, Telcons - Memoranda of Telephone Conversation, Clinton Digital Library item 119190, Clinton Digital Library item clinton-item-119190, Memorandum of Telephone Conversation with Russian President Yeltsin."
"77","1999-02-08","Memcon","pending","Hard source gap","","","","Meeting with President Boris Yeltsin of Russia, February 8, 1999, Amman, Jordan","","","0","0","0","0","Hard source follow-up","No released conversation pages located","Do not select as a document until actual conversation pages are found; use the hard-gap packet for follow-up.","Source decision: locate released actual conversation pages before any document selection.","No released February 8, 1999 Amman memcon pages located in 2015-0782-M-2","","https://www.clintonlibrary.gov/sites/default/files/finding_aids_a_z/2026-01/2015-0782-M-2.pdf","Source: William J. Clinton Presidential Library, Clinton Presidential Records, Records of the National Security Council Records Management Office (Clinton Administration), NAID 7388808, Presidential Records Series (PRS) Files, NAID 7585721, Mandatory Declassification Review 2015-0782-M-2, Declassified documents concerning Russian President Boris Yeltsin."
"78","1999-03-24","Telcon","counted","Tier 3 - supporting candidate","57","5","440-445","Telephone call with President Boris Yeltsin of Russia, March 24, 1999, White House","Kosovo / Balkans (18); Russian Politics / Elections (4); Ukraine / Nuclear Security (3)","Yeltsin (10); Milosevic (9); Ivanov (1); NATO (1); Primakov (1)","1","3","0","0","Heavy annotation review","Heavy annotation review; PDD timing check; public framing available","Useful support or context; consider excerpt, editorial-note use, or selection if the issue line needs continuity.","Compiler selection decision: include, excerpt/use in note, or retain as background after final thematic balancing.","432-436","https://therealjameswilson.github.io/Clinton-Russia-High-Level/public/documents/1999-03-24-telcon-68.pdf","https://www.clintonlibrary.gov/sites/default/files/finding_aids_a_z/2026-01/2015-0782-M-2.pdf","Source: William J. Clinton Presidential Library, Clinton Presidential Records, Records of the National Security Council Records Management Office (Clinton Administration), NAID 7388808, Presidential Records Series (PRS) Files, NAID 7585721, Document ID 9902107, Original OA/ID 2719, Mandatory Declassification Review 2014-0546-M, Declassified documents concerning Russian President Boris Yeltsin and Kosovo."
"79","1999-04-19","Telcon","counted","Tier 2 - strong candidate","90","6","446-452","Telephone call with President Boris Yeltsin of Russia, April 19, 1999, White House","Kosovo / Balkans (33); NATO / European Security (11); Economic Reform / Assistance (2)","NATO (11); Milosevic (10); Yeltsin (10); Chernomyrdin (6); Ivanov (2); Albright (1)","1","0","0","0","Heavy annotation review","Heavy annotation review; PDD timing check","Strong candidate; compare against adjacent documents in same issue cluster.","Compiler selection decision: include, excerpt/use in note, or retain as background after final thematic balancing.","438-443","https://therealjameswilson.github.io/Clinton-Russia-High-Level/public/documents/1999-04-19-telcon-69.pdf","https://www.clintonlibrary.gov/sites/default/files/finding_aids_a_z/2026-01/2015-0782-M-2.pdf","Source: William J. Clinton Presidential Library, Clinton Presidential Records, Records of the National Security Council Records Management Office (Clinton Administration), NAID 7388808, Presidential Records Series (PRS) Files, NAID 7585721, Document ID 9902901, Original OA/ID 2724, Mandatory Declassification Review 2015-0782-M-2, Declassified documents concerning Russian President Boris Yeltsin."
"80","1999-04-25","Telcon","counted","Tier 1 - likely core","215","12","453-465","Telephone call with President Boris Yeltsin of Russia, April 25, 1999, Washington, D.C.","Kosovo / Balkans (48); NATO / European Security (12); Economic Reform / Assistance (7)","Yeltsin (34); Chernomyrdin (32); Gore (29); Milosevic (27); NATO (12); Talbott (6)","1","0","1","1","Heavy annotation review","Heavy annotation review; PDD timing check; source-copy control; support/context leads","Read first; strong candidate for full document treatment unless displaced by final thematic balance.","Compiler selection decision: include, excerpt/use in note, or retain as background after final thematic balancing.","445-456","https://therealjameswilson.github.io/Clinton-Russia-High-Level/public/documents/1999-04-25-telcon-70.pdf","https://www.clintonlibrary.gov/sites/default/files/finding_aids_a_z/2026-01/2015-0782-M-2.pdf","Source: William J. Clinton Presidential Library, Clinton Presidential Records, Records of the National Security Council Records Management Office (Clinton Administration), NAID 7388808, Presidential Records Series (PRS) Files, NAID 7585721, Document ID 9903106, Original OA/ID 2725, Mandatory Declassification Review 2014-0546-M, Declassified documents concerning Russian President Boris Yeltsin and Kosovo."
"81","1999-05-02","Telcon","counted","Tier 3 - supporting candidate","45","4","466-470","Telephone call with President Boris Yeltsin of Russia, May 2, 1999, White House","Kosovo / Balkans (5)","Yeltsin (16); Chernomyrdin (8); Gore (5); Milosevic (1)","1","1","1","1","Heavy annotation review","Heavy annotation review; PDD timing check; public framing available; source-copy control; support/context leads","Useful support or context; consider excerpt, editorial-note use, or selection if the issue line needs continuity.","Compiler selection decision: include, excerpt/use in note, or retain as background after final thematic balancing.","470-473","https://therealjameswilson.github.io/Clinton-Russia-High-Level/public/documents/1999-05-02-telcon-71.pdf","https://www.clintonlibrary.gov/sites/default/files/finding_aids_a_z/2026-01/2015-0782-M-2.pdf","Source: William J. Clinton Presidential Library, Clinton Presidential Records, Records of the National Security Council Records Management Office (Clinton Administration), NAID 7388808, Presidential Records Series (PRS) Files, NAID 7585721, Document ID 9903364, Original OA/ID 2727, Mandatory Declassification Review 2014-0546-M, Declassified documents concerning Russian President Boris Yeltsin and Kosovo."
"82","1999-06-07","Telcon","counted","Tier 4 - concise/confirmatory","24","2","471-473","Telephone call with President Boris Yeltsin of Russia, June 7, 1999, White House","Kosovo / Balkans (2)","Yeltsin (9); Ivanov (4); Milosevic (2); Chernomyrdin (1); Gore (1); Talbott (1)","1","0","0","0","Standard annotation review","Standard annotation review; PDD timing check","Likely confirmatory; keep available for chronology, annotation, or footnote support.","Compiler selection decision: include, excerpt/use in note, or retain as background after final thematic balancing.","479-480","https://therealjameswilson.github.io/Clinton-Russia-High-Level/public/documents/1999-06-07-telcon-72.pdf","https://www.clintonlibrary.gov/sites/default/files/finding_aids_a_z/2026-01/2015-0782-M-2.pdf","Source: William J. Clinton Presidential Library, Clinton Presidential Records, Records of the National Security Council Records Management Office (Clinton Administration), NAID 7388808, Presidential Records Series (PRS) Files, NAID 7585721, Document ID 9904358, Original OA/ID 2733, Mandatory Declassification Review 2014-0546-M, Declassified documents concerning Russian President Boris Yeltsin and Kosovo."
"83","1999-06-08","Telcon","counted","Tier 3 - supporting candidate","45","3","474-477","Telephone call with President Boris Yeltsin of Russia, June 8, 1999, White House","Kosovo / Balkans (9); NATO / European Security (1)","Yeltsin (7); Chernomyrdin (5); Ivanov (5); Milosevic (5); UN (4); NATO (1)","1","2","0","0","Heavy annotation review","Heavy annotation review; PDD timing check; public framing available","Useful support or context; consider excerpt, editorial-note use, or selection if the issue line needs continuity.","Compiler selection decision: include, excerpt/use in note, or retain as background after final thematic balancing.","482-484","https://therealjameswilson.github.io/Clinton-Russia-High-Level/public/documents/1999-06-08-telcon-73.pdf","https://www.clintonlibrary.gov/sites/default/files/finding_aids_a_z/2026-01/2015-0782-M-2.pdf","Source: William J. Clinton Presidential Library, Clinton Presidential Records, Records of the National Security Council Records Management Office (Clinton Administration), NAID 7388808, Presidential Records Series (PRS) Files, NAID 7585721, Document ID 9904397, Original OA/ID 2733, Mandatory Declassification Review 2014-0546-M, Declassified documents concerning Russian President Boris Yeltsin and Kosovo."
"84","1999-06-10","Telcon","counted","Tier 4 - concise/confirmatory","20","2","478-480","Telephone call with President Boris Yeltsin of Russia, June 10, 1999, White House","Economic Reform / Assistance (1); Kosovo / Balkans (1)","Yeltsin (8); Chernomyrdin (1); UN (1)","1","2","0","0","Light annotation check","Light annotation check; PDD timing check; public framing available","Likely confirmatory; keep available for chronology, annotation, or footnote support.","Compiler selection decision: include, excerpt/use in note, or retain as background after final thematic balancing.","488-489","https://therealjameswilson.github.io/Clinton-Russia-High-Level/public/documents/1999-06-10-telcon-74.pdf","https://www.clintonlibrary.gov/sites/default/files/finding_aids_a_z/2026-01/2015-0782-M-2.pdf","Source: William J. Clinton Presidential Library, Clinton Presidential Records, Records of the National Security Council Records Management Office (Clinton Administration), NAID 7388808, Presidential Records Series (PRS) Files, NAID 7585721, Document ID 9904501, Original OA/ID 2734, Mandatory Declassification Review 2014-0546-M, Declassified documents concerning Russian President Boris Yeltsin and Kosovo."
"85","1999-06-13","Telcon","counted","Tier 3 - supporting candidate","60","7","481-488","Telephone call with President Boris Yeltsin of Russia, June 13, 1999, White House","Kosovo / Balkans (24)","Yeltsin (24); UN (4); Albright (1); Berger (1); Gore (1); Ivanov (1)","0","0","1","0","Heavy annotation review","Heavy annotation review; source-copy control","Useful support or context; consider excerpt, editorial-note use, or selection if the issue line needs continuity.","Compiler selection decision: include, excerpt/use in note, or retain as background after final thematic balancing.","531-537","https://therealjameswilson.github.io/Clinton-Russia-High-Level/public/documents/1999-06-13-telcon-75.pdf","https://www.clintonlibrary.gov/sites/default/files/finding_aids_a_z/2026-01/2015-0782-M-2.pdf","Source: William J. Clinton Presidential Library, Clinton Presidential Records, Records of the National Security Council Records Management Office (Clinton Administration), NAID 7388808, Presidential Records Series (PRS) Files, NAID 7585721, NSC Records Management, [Yeltsin], OA/Box Number 2739, Folder Title/Record ID 9905271, Freedom of Information Act request 2006-1185-F, Records on Telephone Calls between William J. Clinton and Boris Yeltsin, June 13 and 14, 1999."
"86","1999-06-14","Telcon","counted","Tier 4 - concise/confirmatory","34","4","489-493","Telephone call with President Boris Yeltsin of Russia, June 14, 1999, White House","Kosovo / Balkans (9); NATO / European Security (1)","Yeltsin (15); Albright (1); Gore (1); Ivanov (1)","1","0","1","0","Standard annotation review","Standard annotation review; PDD timing check; source-copy control","Likely confirmatory; keep available for chronology, annotation, or footnote support.","Compiler selection decision: include, excerpt/use in note, or retain as background after final thematic balancing.","521-524","https://therealjameswilson.github.io/Clinton-Russia-High-Level/public/documents/1999-06-14-telcon-76.pdf","https://www.clintonlibrary.gov/sites/default/files/finding_aids_a_z/2026-01/2015-0782-M-2.pdf","Source: William J. Clinton Presidential Library, Clinton Presidential Records, Records of the National Security Council Records Management Office (Clinton Administration), NAID 7388808, Presidential Records Series (PRS) Files, NAID 7585721, NSC Records Management, [Yeltsin], OA/Box Number 2739, Folder Title/Record ID 9905128, Freedom of Information Act request 2006-1185-F, Records on Telephone Calls between William J. Clinton and Boris Yeltsin, June 13 and 14, 1999."
"87","1999-06-20","Memcon","counted","Tier 1 - likely core","142","9","494-503","Meeting with President Boris Yeltsin of Russia, June 20, 1999, Cologne, Germany","Arms Control / Nonproliferation (38); Kosovo / Balkans (13); Economic Reform / Assistance (7)","Yeltsin (41); Ivanov (10); UN (6); Gore (5); Albright (3); Talbott (3)","1","5","1","0","Heavy annotation review","Heavy annotation review; PDD timing check; public framing available; source-copy control","Read first; strong candidate for full document treatment unless displaced by final thematic balance.","Compiler selection decision: include, excerpt/use in note, or retain as background after final thematic balancing.","497-505","https://therealjameswilson.github.io/Clinton-Russia-High-Level/public/documents/1999-06-20-memcon-77.pdf","https://www.clintonlibrary.gov/sites/default/files/finding_aids_a_z/2026-01/2015-0782-M-2.pdf","Source: William J. Clinton Presidential Library, Clinton Presidential Records, Records of the National Security Council Records Management Office (Clinton Administration), NAID 7388808, Presidential Records Series (PRS) Files, NAID 7585721, NSC Records Management, [Yeltsin and Telcons], OA/Box Number 2736, Folder Title/Record ID 9904842, Mandatory Declassification Review 2015-0782-M-2, Declassified documents concerning Russian President Boris Yeltsin."
"88","1999-09-08","Telcon","counted","Tier 3 - supporting candidate","45","5","504-509","Telephone call with President Boris Yeltsin of Russia, September 8, 1999, White House","Arms Control / Nonproliferation (19); Chechnya / Caucasus (3); Russian Politics / Elections (3)","Yeltsin (12); Ivanov (2); Albright (1); Gore (1); Talbott (1); UN (1)","0","0","1","0","Heavy annotation review","Heavy annotation review; source-copy control","Useful support or context; consider excerpt, editorial-note use, or selection if the issue line needs continuity.","Compiler selection decision: include, excerpt/use in note, or retain as background after final thematic balancing.","548-552","https://therealjameswilson.github.io/Clinton-Russia-High-Level/public/documents/1999-09-08-telcon-78.pdf","https://www.clintonlibrary.gov/sites/default/files/finding_aids_a_z/2026-01/2015-0782-M-2.pdf","Source: William J. Clinton Presidential Library, Clinton Presidential Records, Records of the National Security Council Records Management Office (Clinton Administration), NAID 7388808, Presidential Records Series (PRS) Files, NAID 7585721, NSC Records Management, [Yeltsin and Telcons], OA/Box Number 2748, Folder Title/Record ID 9906603, Mandatory Declassification Review 2015-0782-M-2, Declassified documents concerning Russian President Boris Yeltsin."
"89","1999-11-19","Memcon","counted","Tier 2 - strong candidate","74","7","510-517","Meeting with President Boris Yeltsin of Russia, November 19, 1999, Istanbul, Turkey","Arms Control / Nonproliferation (12); Chechnya / Caucasus (8); Ukraine / Nuclear Security (7)","Yeltsin (28); Ivanov (8); Albright (3); Berger (2)","0","1","1","0","Heavy annotation review","Heavy annotation review; public framing available; source-copy control","Strong candidate; compare against adjacent documents in same issue cluster.","Compiler selection decision: include, excerpt/use in note, or retain as background after final thematic balancing.","560-566","https://therealjameswilson.github.io/Clinton-Russia-High-Level/public/documents/1999-11-18-memcon-79.pdf","https://www.clintonlibrary.gov/sites/default/files/finding_aids_a_z/2026-01/2015-0782-M-2.pdf","Source: William J. Clinton Presidential Library, Clinton Presidential Records, Records of the National Security Council Records Management Office (Clinton Administration), NAID 7388808, Presidential Records Series (PRS) Files, NAID 7585721, Document ID 9908997, Original OA/ID 2764, Mandatory Declassification Review 2014-0974-M, Declassified documents concerning Russian President Boris Yeltsin."
"90","1999-12-31","Telcon","counted","Tier 4 - concise/confirmatory","24","3","518-521","Telephone call with President Boris Yeltsin of Russia, December 31, 1999, White House","Russian Politics / Elections (5); Arms Control / Nonproliferation (1); Iraq / Middle East (1)","Yeltsin (8)","1","2","1","0","Standard annotation review","Standard annotation review; PDD timing check; public framing available; source-copy control","Likely confirmatory; keep available for chronology, annotation, or footnote support.","Compiler selection decision: include, excerpt/use in note, or retain as background after final thematic balancing.","582-584","https://therealjameswilson.github.io/Clinton-Russia-High-Level/public/documents/1999-12-31-telcon-80.pdf","https://www.clintonlibrary.gov/sites/default/files/finding_aids_a_z/2026-01/2015-0782-M-2.pdf","Source: William J. Clinton Presidential Library, Clinton Presidential Records, Records of the National Security Council Records Management Office (Clinton Administration), NAID 7388808, Presidential Records Series (PRS) Files, NAID 7585721, NSC Records Management, [Yeltsin and Telcons], Folder Title/Record ID 9909338, Mandatory Declassification Review 2015-0782-M-2, Declassified documents concerning Russian President Boris Yeltsin."
"91","2000-06-05","Memcon","pending","Hard source gap","","","","Meeting with former President Boris Yeltsin of Russia, June 5, 2000, Moscow, Russia","","","1","4","0","0","Hard source follow-up","PDD corroborates occurrence; Public Papers/context hook exists; Leader chronology lead only","Do not select as a document until actual conversation pages are found; use the hard-gap packet for follow-up.","Source decision: locate released actual conversation pages before any document selection.","Leader chronology lead only; no released memcon PDF located","","https://www.clintonlibrary.gov/sites/default/files/documents/clinton-foreign-meetings.pdf","Source: William J. Clinton Presidential Library, Meetings and Telephone Calls with Foreign Leaders, master chronology."
