sequence,date,type,status,reviewBucket,sourceFamily,title,actualConversationPages,sourcePdfPages,packetPages,markerPage,repository,clintonPresidentialRecords,nscRmoCollection,parentCollectionNaid,prsSeriesNaid,documentId,originalOaId,oaBoxNumber,folderRecordId,mdrCase,catalogItem,digitalLibraryItems,foiaCase,foiaDocument,foiaRequest,releaseIds,naids,sourceNoteReviewStatus,sourceNoteFlags,facePageStatus,facePageMissingFields,subject,dateTimePlace,notetaker,interpreter,classificationMarking,formalDraftHasNoWorkingPageMap,workingProvenanceForAudit,elementChecklist,nextAction,derivativePdfUrl,sourcePacketUrl,frusSourceNote
"1","1993-01-23","Telcon","counted","Face-page/source-note review","Clinton Library MDR","Telephone call with President Boris Yeltsin of Russia, January 23, 1993, White House","3","9-11","1-4","1","true","true","true","true","true","9300052","139","","","2015-0782-M-1","","","","","","2015-0782-M-1","7388808; 7585721","Needs source-note review","classified-by line not parsed; classification reason not parsed","Parsed","","Telcon with President Boris Yeltsin of Russia on January 23, 1993 (U)","January 23, 1993, 10:45 - 11:17am Oval Office","Nicholas Burns, NSC staff","Dmitri Zarechnak","5ECRB?- PER E.0.13526.","true","Source PDF pages 9-11. Source marker/provenance page 1. Compiler packet pages 1-4; actual conversation pages 1-3; provenance sheet page 4.","OK repository; OK Clinton Presidential Records; OK NSC RMO collection; OK parent NAID 7388808; OK PRS series NAID 7585721; OK MDR case; OK box/folder/document identifier; OK formal source-note draft excludes page maps; OK working provenance separated; OK source page map; OK source packet URL; OK derivative PDF","Verify OCR-derived face-page addenda before final source-note use: classified-by line not parsed; classification reason not parsed","https://therealjameswilson.github.io/Clinton-Russia-High-Level/public/documents/1993-01-23-telcon-01.pdf","https://www.clintonlibrary.gov/sites/default/files/finding_aids_a_z/2026-05/2015-0782-M-1.pdf","Source: William J. Clinton Presidential Library, Clinton Presidential Records, Records of the National Security Council Records Management Office (Clinton Administration), NAID 7388808, Presidential Records Series (PRS) Files, NAID 7585721, Document ID 9300052, Original OA/ID 139, Mandatory Declassification Review 2015-0782-M-1, Declassified documents concerning Russian President Boris Yeltsin."
"2","1993-02-10","Telcon","counted","Face-page/source-note review","Clinton Library MDR","Telephone call with President Boris Yeltsin of Russia, February 10, 1993, White House","3","19-21","5-8","14","true","true","true","true","true","","","140","9300488","2015-0782-M-1","","","","","","2015-0782-M-1","7388808; 7585721","Needs source-note review","classified-by line not parsed; classification reason not parsed; declassify-on line not parsed","Parsed","","Telephone Conversation with Russian President Boris Yeltsin (U)","February 10, 1993, 1:51 - 2:14pm Oval Office","Nicholas Burns","Dmitri Zarechnak","SECRET -E.0.13S26,Stc. 3.5","true","Source PDF pages 19-21. Source marker/provenance page 14. Compiler packet pages 5-8; actual conversation pages 5-7; provenance sheet page 8.","OK repository; OK Clinton Presidential Records; OK NSC RMO collection; OK parent NAID 7388808; OK PRS series NAID 7585721; OK MDR case; OK box/folder/document identifier; OK formal source-note draft excludes page maps; OK working provenance separated; OK source page map; OK source packet URL; OK derivative PDF","Verify OCR-derived face-page addenda before final source-note use: classified-by line not parsed; classification reason not parsed; declassify-on line not parsed","https://therealjameswilson.github.io/Clinton-Russia-High-Level/public/documents/1993-02-10-telcon-02.pdf","https://www.clintonlibrary.gov/sites/default/files/finding_aids_a_z/2026-05/2015-0782-M-1.pdf","Source: William J. Clinton Presidential Library, Clinton Presidential Records, Records of the National Security Council Records Management Office (Clinton Administration), NAID 7388808, Presidential Records Series (PRS) Files, NAID 7585721, NSC Records Management, [Yeltsin and Telcons], OA/Box Number 140, Folder Title/Record ID 9300488, Mandatory Declassification Review 2015-0782-M-1, Declassified documents concerning Russian President Boris Yeltsin."
"3","1993-04-01","Telcon","pending","Pending source text","Pending source text","Telephone call with President Boris Yeltsin of Russia, April 1, 1993, Portland, Oregon","","No released April 1 telcon pages located in 2015-0782-M-1","","","true","true","true","true","true","","","","","2015-0782-M-1","","","","","","2015-0782-M-1","7388808; 7585721","Pending source text","","Pending source text","","","","","","","true","","OK repository; OK Clinton Presidential Records; OK NSC RMO collection; OK parent NAID 7388808; OK PRS series NAID 7585721; OK MDR case; CHECK box/folder/document identifier; OK formal source-note draft excludes page maps; OK working provenance separated; OK source page map; OK source packet URL; OK derivative PDF","Do not finalize a source note until released conversation pages are found; preserve current lead and source-page problem.","","https://www.clintonlibrary.gov/sites/default/files/finding_aids_a_z/2026-05/2015-0782-M-1.pdf","Source: William J. Clinton Presidential Library, Clinton Presidential Records, Records of the National Security Council Records Management Office (Clinton Administration), NAID 7388808, Presidential Records Series (PRS) Files, NAID 7585721, Mandatory Declassification Review 2015-0782-M-1, Declassified documents concerning Russian President Boris Yeltsin."
"4","1993-04-03","Memcon","counted","Face-page/source-note review","NARA Catalog item","Working Dinner with President Boris Yeltsin","9","9-17","9-18","2","true","true","true","true","true","","","145","9302226","","2014-0901-M","","","","","2014-0901-M","7388808; 7585721; 163545404","Needs source-note review","classification marking; classified-by line not parsed; classification reason not parsed","Review fields","classification marking","Working Dinner with President Boris Yeltsin (U)","April 3, 1993, 6:30 - 8:30pm Vancouver, Canada (Both Presidents opened the dinner by giving prepared toasts)","Director for Russian, Ukrainian and Eurasian Affairs, NSC Staff","","","true","Source PDF pages 9-17. Source marker/provenance page 2. Compiler packet pages 9-18; actual conversation pages 9-17; provenance sheet page 18.","OK repository; OK Clinton Presidential Records; OK NSC RMO collection; OK parent NAID 7388808; OK PRS series NAID 7585721; OK catalog item; OK item NAID; OK formal source-note draft excludes page maps; OK working provenance separated; OK source page map; OK source packet URL; OK derivative PDF","Verify OCR-derived face-page addenda before final source-note use: classification marking; classified-by line not parsed; classification reason not parsed; face-page classification marking","https://therealjameswilson.github.io/Clinton-Russia-High-Level/public/documents/1993-04-03-clinton-yeltsin-vancouver-working-dinner.pdf","https://s3.amazonaws.com/NARAprodstorage/lz/presidential-libraries/clinton/wjc-nscrm/7585721/6-YeltsinVancouver.pdf","Source: William J. Clinton Presidential Library, Clinton Presidential Records, Records of the National Security Council Records Management Office (Clinton Administration), NAID 7388808, Presidential Records Series (PRS) Files, NAID 7585721, NSC Records Management, OA/Box Number 145, Folder Title/Record ID 9302226, National Archives Catalog item 2014-0901-M, Memcons between President William Jefferson Clinton and President Boris Yeltsin, NAID 163545404."
"5","1993-04-04","Memcon","counted","Face-page/source-note review","NARA Catalog item","Meeting with Russian President Boris Yeltsin on Security Issues","12","19-30","19-31","2","true","true","true","true","true","","","145","9302226","","2014-0901-M","","","","","2014-0901-M","7388808; 7585721; 163545404","Needs source-note review","classification marking; classified-by line not parsed; classification reason not parsed","Review fields","classification marking","Meeting with Russian President Boris Yeltsin on Security Issues (U)","April 4, 1993, 10:00 a.m. to 1:00 p.m. Pan Pacific Hotel, Vancouver, Canada","Assistant to the President for National Security Affairs Daniel Poneman, Senior Director for Nonproliferation, NSC Staff","","","true","Source PDF pages 19-30. Source marker/provenance page 2. Compiler packet pages 19-31; actual conversation pages 19-30; provenance sheet page 31.","OK repository; OK Clinton Presidential Records; OK NSC RMO collection; OK parent NAID 7388808; OK PRS series NAID 7585721; OK catalog item; OK item NAID; OK formal source-note draft excludes page maps; OK working provenance separated; OK source page map; OK source packet URL; OK derivative PDF","Verify OCR-derived face-page addenda before final source-note use: classification marking; classified-by line not parsed; classification reason not parsed; face-page classification marking","https://therealjameswilson.github.io/Clinton-Russia-High-Level/public/documents/1993-04-04-clinton-yeltsin-vancouver-security-issues.pdf","https://s3.amazonaws.com/NARAprodstorage/lz/presidential-libraries/clinton/wjc-nscrm/7585721/6-YeltsinVancouver.pdf","Source: William J. Clinton Presidential Library, Clinton Presidential Records, Records of the National Security Council Records Management Office (Clinton Administration), NAID 7388808, Presidential Records Series (PRS) Files, NAID 7585721, NSC Records Management, OA/Box Number 145, Folder Title/Record ID 9302226, National Archives Catalog item 2014-0901-M, Memcons between President William Jefferson Clinton and President Boris Yeltsin, NAID 163545404."
"6","1993-04-26","Telcon","counted","Face-page/source-note review","Clinton Library MDR","Telephone call with President Boris Yeltsin of Russia, April 26, 1993, White House","2","51-52","32-34","45","true","true","true","true","true","","","147","9302835","2015-0782-M-1","","","","","","2015-0782-M-1","7388808; 7585721","Needs source-note review","classification marking; classified-by line not parsed; classification reason not parsed","Review fields","classification marking","Telcon with President Yeltsin of Russia","April 26, 1993, 1:50 - 1:58pm Residence","Beth Banner","Peter Afanasenko","","true","Source PDF pages 51-52. Source marker/provenance page 45. Compiler packet pages 32-34; actual conversation pages 32-33; provenance sheet page 34.","OK repository; OK Clinton Presidential Records; OK NSC RMO collection; OK parent NAID 7388808; OK PRS series NAID 7585721; OK MDR case; OK box/folder/document identifier; OK formal source-note draft excludes page maps; OK working provenance separated; OK source page map; OK source packet URL; OK derivative PDF","Verify OCR-derived face-page addenda before final source-note use: classification marking; classified-by line not parsed; classification reason not parsed; face-page classification marking","https://therealjameswilson.github.io/Clinton-Russia-High-Level/public/documents/1993-04-26-telcon-05.pdf","https://www.clintonlibrary.gov/sites/default/files/finding_aids_a_z/2026-05/2015-0782-M-1.pdf","Source: William J. Clinton Presidential Library, Clinton Presidential Records, Records of the National Security Council Records Management Office (Clinton Administration), NAID 7388808, Presidential Records Series (PRS) Files, NAID 7585721, NSC Records Management, [Yeltsin and Telcons], OA/Box Number 147, Folder Title/Record ID 9302835, Mandatory Declassification Review 2015-0782-M-1, Declassified documents concerning Russian President Boris Yeltsin."
"7","1993-05-02","Telcon","counted","Face-page/source-note review","Clinton Library MDR","Telephone call with President Boris Yeltsin of Russia, May 2, 1993, White House","2","60-61","35-37","55","true","true","true","true","true","","","148","9303034","2015-0782-M-1","","","","","","2015-0782-M-1","7388808; 7585721","Needs source-note review","classification marking; classified-by line not parsed; classification reason not parsed","Review fields","classification marking","Telcon with President Boris Yeltsin of Russia (U)","May 2, 1993, 8:45 - 8:51am The Residence","Nicholas Burns","Dmitri Zarechnak","","true","Source PDF pages 60-61. Source marker/provenance page 55. Compiler packet pages 35-37; actual conversation pages 35-36; provenance sheet page 37.","OK repository; OK Clinton Presidential Records; OK NSC RMO collection; OK parent NAID 7388808; OK PRS series NAID 7585721; OK MDR case; OK box/folder/document identifier; OK formal source-note draft excludes page maps; OK working provenance separated; OK source page map; OK source packet URL; OK derivative PDF","Verify OCR-derived face-page addenda before final source-note use: classification marking; classified-by line not parsed; classification reason not parsed; face-page classification marking","https://therealjameswilson.github.io/Clinton-Russia-High-Level/public/documents/1993-05-02-telcon-06.pdf","https://www.clintonlibrary.gov/sites/default/files/finding_aids_a_z/2026-05/2015-0782-M-1.pdf","Source: William J. Clinton Presidential Library, Clinton Presidential Records, Records of the National Security Council Records Management Office (Clinton Administration), NAID 7388808, Presidential Records Series (PRS) Files, NAID 7585721, NSC Records Management, [Yeltsin and Telcons], OA/Box Number 148, Folder Title/Record ID 9303034, Mandatory Declassification Review 2015-0782-M-1, Declassified documents concerning Russian President Boris Yeltsin."
"8","1993-05-10","Telcon","counted","Face-page/source-note review","Clinton Library MDR","Telephone call with President Boris Yeltsin of Russia, May 10, 1993, White House","2","68-69","38-40","63","true","true","true","true","true","","","148","9303261","2015-0782-M-1","","","","","","2015-0782-M-1","7388808; 7585721","Needs source-note review","classified-by line not parsed; classification reason not parsed","Parsed","","Telcon With President Boris Yeltsin of Russia (U)","May 10, 1993, 8:12 - 8:19am The Oval Office President Clinton: Hello, Boris. Good morning. (U)","Christine Potts","Dmitriy Zarechnak",".SECRET","true","Source PDF pages 68-69. Source marker/provenance page 63. Compiler packet pages 38-40; actual conversation pages 38-39; provenance sheet page 40.","OK repository; OK Clinton Presidential Records; OK NSC RMO collection; OK parent NAID 7388808; OK PRS series NAID 7585721; OK MDR case; OK box/folder/document identifier; OK formal source-note draft excludes page maps; OK working provenance separated; OK source page map; OK source packet URL; OK derivative PDF","Verify OCR-derived face-page addenda before final source-note use: classified-by line not parsed; classification reason not parsed","https://therealjameswilson.github.io/Clinton-Russia-High-Level/public/documents/1993-05-10-telcon-07.pdf","https://www.clintonlibrary.gov/sites/default/files/finding_aids_a_z/2026-05/2015-0782-M-1.pdf","Source: William J. Clinton Presidential Library, Clinton Presidential Records, Records of the National Security Council Records Management Office (Clinton Administration), NAID 7388808, Presidential Records Series (PRS) Files, NAID 7585721, NSC Records Management, [Yeltsin and Telcons], OA/Box Number 148, Folder Title/Record ID 9303261, Mandatory Declassification Review 2015-0782-M-1, Declassified documents concerning Russian President Boris Yeltsin."
"9","1993-06-28","Telcon","counted","Face-page/source-note review","Clinton Library MDR","Telephone call with President Boris Yeltsin of Russia, June 28, 1993, White House","4","76-79","41-45","71","true","true","true","true","true","","","152","9304871","2015-0782-M-1","","","","","","2015-0782-M-1","7388808; 7585721","Needs source-note review","classification marking; classified-by line not parsed; classification reason not parsed","Review fields","classification marking","Telcon with President Boris Yeltsin of the Russian Federation (U)","28 June 1993, 1:05 - 1:33pm Oval Office President Clinton: Hello. (U)","Beth Banner","Demitry Zarechnak","","true","Source PDF pages 76-79. Source marker/provenance page 71. Compiler packet pages 41-45; actual conversation pages 41-44; provenance sheet page 45.","OK repository; OK Clinton Presidential Records; OK NSC RMO collection; OK parent NAID 7388808; OK PRS series NAID 7585721; OK MDR case; OK box/folder/document identifier; OK formal source-note draft excludes page maps; OK working provenance separated; OK source page map; OK source packet URL; OK derivative PDF","Verify OCR-derived face-page addenda before final source-note use: classification marking; classified-by line not parsed; classification reason not parsed; face-page classification marking","https://therealjameswilson.github.io/Clinton-Russia-High-Level/public/documents/1993-06-28-telcon-08.pdf","https://www.clintonlibrary.gov/sites/default/files/finding_aids_a_z/2026-05/2015-0782-M-1.pdf","Source: William J. Clinton Presidential Library, Clinton Presidential Records, Records of the National Security Council Records Management Office (Clinton Administration), NAID 7388808, Presidential Records Series (PRS) Files, NAID 7585721, NSC Records Management, [Yeltsin and Telcons], OA/Box Number 152, Folder Title/Record ID 9304871, Mandatory Declassification Review 2015-0782-M-1, Declassified documents concerning Russian President Boris Yeltsin."
"10","1993-07-10","Memcon","counted","Face-page/source-note review","Clinton Library MDR","Meeting with President Boris Yeltsin of Russia, July 10, 1993, Tokyo, Japan","9","81-89","46-55","80","true","true","true","true","true","9305178","153","","","2014-0996-M","","","","","","2014-0996-M","7388808; 7585721","Needs source-note review","classified-by line not parsed; classification reason not parsed","Parsed","","Memcon with President Boris Yeltsin of Russia (U)","July 10, 1993, 7:45 - 9:15am Ambassador's Residence, Tokyo","Acting Senior Director for Russia, Ukraine and Eurasia Affairs, NSC staff","","SECRET- CLINTON LIBRARY PHOTOCOPY","true","Source PDF pages 81-89. Source marker/provenance page 80. Compiler packet pages 46-55; actual conversation pages 46-54; provenance sheet page 55.","OK repository; OK Clinton Presidential Records; OK NSC RMO collection; OK parent NAID 7388808; OK PRS series NAID 7585721; OK MDR case; OK box/folder/document identifier; OK formal source-note draft excludes page maps; OK working provenance separated; OK source page map; OK source packet URL; OK derivative PDF","Verify OCR-derived face-page addenda before final source-note use: classified-by line not parsed; classification reason not parsed","https://therealjameswilson.github.io/Clinton-Russia-High-Level/public/documents/1993-07-10-memcon-09.pdf","https://www.clintonlibrary.gov/sites/default/files/finding_aids_a_z/2026-05/2015-0782-M-1.pdf","Source: William J. Clinton Presidential Library, Clinton Presidential Records, Records of the National Security Council Records Management Office (Clinton Administration), NAID 7388808, Presidential Records Series (PRS) Files, NAID 7585721, Document ID 9305178, Original OA/ID 153, Mandatory Declassification Review 2014-0996-M, Declassified documents concerning Russian President Boris Yeltsin."
"11","1993-09-07","Telcon","counted","Face-page/source-note review","Clinton Library MDR","Telephone call with President Boris Yeltsin of Russia, September 7, 1993, White House","4","95-98","56-60","91","true","true","true","true","true","","","160","9306715","2015-0782-M-1","","","","","","2015-0782-M-1","7388808; 7585721","Needs source-note review","classified-by line not parsed; classification reason not parsed; declassify-on line not parsed","Parsed","","Telcon with President Boris Yeltsin of the Russian Federation (U)","September 7, 1993, 11:40am - 12:10pm Oval Office","Beth Banner","Demitry Zarechnak","-SEGREf^","true","Source PDF pages 95-98. Source marker/provenance page 91. Compiler packet pages 56-60; actual conversation pages 56-59; provenance sheet page 60.","OK repository; OK Clinton Presidential Records; OK NSC RMO collection; OK parent NAID 7388808; OK PRS series NAID 7585721; OK MDR case; OK box/folder/document identifier; OK formal source-note draft excludes page maps; OK working provenance separated; OK source page map; OK source packet URL; OK derivative PDF","Verify OCR-derived face-page addenda before final source-note use: classified-by line not parsed; classification reason not parsed; declassify-on line not parsed","https://therealjameswilson.github.io/Clinton-Russia-High-Level/public/documents/1993-09-07-telcon-10.pdf","https://www.clintonlibrary.gov/sites/default/files/finding_aids_a_z/2026-05/2015-0782-M-1.pdf","Source: William J. Clinton Presidential Library, Clinton Presidential Records, Records of the National Security Council Records Management Office (Clinton Administration), NAID 7388808, Presidential Records Series (PRS) Files, NAID 7585721, NSC Records Management, [Yeltsin and Telcons], OA/Box Number 160, Folder Title/Record ID 9306715, Mandatory Declassification Review 2015-0782-M-1, Declassified documents concerning Russian President Boris Yeltsin."
"12","1993-09-21","Telcon","counted","Face-page/source-note review","Clinton Library MDR","Telephone call with President Boris Yeltsin of Russia, September 21, 1993, White House","3","107-109","61-64","100","true","true","true","true","true","","","163","9307171","2015-0782-M-1","","","","","","2015-0782-M-1","7388808; 7585721","Needs source-note review","classified-by line not parsed; classification reason not parsed","Parsed","","Telcon with President Boris Yeltsin of Russian Federation (U)","September 21, 1993, 3:56 - 4:13pm White House Residence (President's Study)","John Beyrle and Rose Gottemoeller","Demitry Zarechnak","-SECRET","true","Source PDF pages 107-109. Source marker/provenance page 100. Compiler packet pages 61-64; actual conversation pages 61-63; provenance sheet page 64.","OK repository; OK Clinton Presidential Records; OK NSC RMO collection; OK parent NAID 7388808; OK PRS series NAID 7585721; OK MDR case; OK box/folder/document identifier; OK formal source-note draft excludes page maps; OK working provenance separated; OK source page map; OK source packet URL; OK derivative PDF","Verify OCR-derived face-page addenda before final source-note use: classified-by line not parsed; classification reason not parsed","https://therealjameswilson.github.io/Clinton-Russia-High-Level/public/documents/1993-09-21-telcon-11.pdf","https://www.clintonlibrary.gov/sites/default/files/finding_aids_a_z/2026-05/2015-0782-M-1.pdf","Source: William J. Clinton Presidential Library, Clinton Presidential Records, Records of the National Security Council Records Management Office (Clinton Administration), NAID 7388808, Presidential Records Series (PRS) Files, NAID 7585721, NSC Records Management, [Yeltsin and Telcons], OA/Box Number 163, Folder Title/Record ID 9307171, Mandatory Declassification Review 2015-0782-M-1, Declassified documents concerning Russian President Boris Yeltsin."
"13","1993-10-05","Telcon","counted","Face-page/source-note review","Clinton Library MDR","Telephone call with President Boris Yeltsin of Russia, October 5, 1993, Air Force One","3","119-121","65-68","112","true","true","true","true","true","","","165","9307653","2015-0782-M-1","","","","","","2015-0782-M-1","7388808; 7585721","Needs source-note review","classified-by line not parsed; classification reason not parsed","Parsed","","Telcon with President Boris Yeltsin of Russian Federation (U)","October 5, 1993, 1:42 - 2:02pm Air Force One","John Beyrle","Dmitriy Zarechnak","SECRET","true","Source PDF pages 119-121. Source marker/provenance page 112. Compiler packet pages 65-68; actual conversation pages 65-67; provenance sheet page 68.","OK repository; OK Clinton Presidential Records; OK NSC RMO collection; OK parent NAID 7388808; OK PRS series NAID 7585721; OK MDR case; OK box/folder/document identifier; OK formal source-note draft excludes page maps; OK working provenance separated; OK source page map; OK source packet URL; OK derivative PDF","Verify OCR-derived face-page addenda before final source-note use: classified-by line not parsed; classification reason not parsed","https://therealjameswilson.github.io/Clinton-Russia-High-Level/public/documents/1993-10-05-telcon-12.pdf","https://www.clintonlibrary.gov/sites/default/files/finding_aids_a_z/2026-05/2015-0782-M-1.pdf","Source: William J. Clinton Presidential Library, Clinton Presidential Records, Records of the National Security Council Records Management Office (Clinton Administration), NAID 7388808, Presidential Records Series (PRS) Files, NAID 7585721, NSC Records Management, [Yeltsin and Telcons], OA/Box Number 165, Folder Title/Record ID 9307653, Mandatory Declassification Review 2015-0782-M-1, Declassified documents concerning Russian President Boris Yeltsin."
"14","1993-12-22","Telcon","counted","Face-page/source-note review","Clinton Library MDR","Telephone call with President Boris Yeltsin of Russia, December 22, 1993, White House","4","142-145","69-73","136","true","true","true","true","true","","","178","9309998","2015-0782-M-1","","","","","","2015-0782-M-1","7388808; 7585721","Needs source-note review","classified-by line not parsed; classification reason not parsed","Parsed","","Telcon with President Boris Yeltsin of the Russian Federation (U)","December 22, 1993 9:10 - 9:40 am Oval Office","John Beyrle","Dmitriy Zarechnak","^SECRET SECRET 9998","true","Source PDF pages 142-145. Source marker/provenance page 136. Compiler packet pages 69-73; actual conversation pages 69-72; provenance sheet page 73.","OK repository; OK Clinton Presidential Records; OK NSC RMO collection; OK parent NAID 7388808; OK PRS series NAID 7585721; OK MDR case; OK box/folder/document identifier; OK formal source-note draft excludes page maps; OK working provenance separated; OK source page map; OK source packet URL; OK derivative PDF","Verify OCR-derived face-page addenda before final source-note use: classified-by line not parsed; classification reason not parsed","https://therealjameswilson.github.io/Clinton-Russia-High-Level/public/documents/1993-12-22-telcon-13.pdf","https://www.clintonlibrary.gov/sites/default/files/finding_aids_a_z/2026-05/2015-0782-M-1.pdf","Source: William J. Clinton Presidential Library, Clinton Presidential Records, Records of the National Security Council Records Management Office (Clinton Administration), NAID 7388808, Presidential Records Series (PRS) Files, NAID 7585721, NSC Records Management, [Yeltsin and Telcons], OA/Box Number 178, Folder Title/Record ID 9309998, Mandatory Declassification Review 2015-0782-M-1, Declassified documents concerning Russian President Boris Yeltsin."
"15","1994-01-13","Memcon","counted","Face-page/source-note review","Clinton Digital Library item","One-on-One Meeting with President Boris Yeltsin of Russia","6","1-6","74-79","","true","false","false","false","false","","","","","","","101363","","","","2016-0117-M","","Needs source-note review","classified-by line not parsed; classification reason not parsed","Parsed","","One-on-One Meeting with President Boris Yeltsin of Russia (U)","January 13, 1994, 9:00 - 9:45am The Kremlin","","","SECnB¥ ^SEGREF 0513","true","Source PDF pages 1-6. Compiler packet pages 74-79; actual conversation pages 74-79.","OK repository; OK Clinton Digital Library item; OK release/item identifier; OK collection or records stem; OK formal source-note draft excludes page maps; OK working provenance separated; OK source page map; OK source packet URL; OK derivative PDF","Verify OCR-derived face-page addenda before final source-note use: classified-by line not parsed; classification reason not parsed","https://therealjameswilson.github.io/Clinton-Russia-High-Level/public/documents/clinton-standalone-1994-01-13-memcon-one-on-one.pdf","https://clinton.presidentiallibraries.us/files/original/19662f645b0b622a95717322e238c1ec.pdf","Source: William J. Clinton Presidential Library, Clinton Digital Library item 101363, ""Memorandum of Conversation - President Boris Yeltsin of Russia,"" January 13, 1994, part of 2016-0117-M, Memcons - Memoranda of Conversation."
"16","1994-01-13","Memcon","counted","Face-page/source-note review","Clinton Digital Library item","President's dinner with President Yeltsin, January 13/14, 1994","11","1-11","80-90","","true","false","false","false","false","","","","","","","101370","","","","2016-0117-M","","Needs source-note review","participants; classification marking; classified-by line not parsed; classification reason not parsed; declassify-on line not parsed","Review fields","participants; classification marking","PRESIDENT'S DINNER WITH PRESIDENT YELTSIN JANUARY 14, 1994 1. ' -S-ECReT - ENTIRE TEXT 2. THIS CABLE IS FORWARDED FOR YOUR CLEARANCE. DECLASSIFIED 3. SUMMARY: IN A SERIES OF DISCUSSIONS ABOUT PER E.0.13526 DOMESTIC AND WORLD AFFAIRS ON THE EVENING OF JANUARY I3TH. PRESIDENT YELTSIN AND PRESIDENT CLINTON ■Xo\v> • owT • ro TALKED ABOUT THE TRILATERAL AGREEMENT FOR UKRAINE AND \o/y2.ovs \xe,v4 ITS CHANCES FOR SUCCESS. THEY ALSO DISCUSSED ATTITUDES IN THE COUNTRY AMONG THE RUSSIAN PEOPLE, PRESIDENT YELTSIN'S NEW EFFORTS TO ORGANIZE THE PARLIAMENT, AND RUSSIAN INTEREST IN REDUCING ARMS TRADE WITH IRAN AND OPENING UP THE SANCTIONS REGIME AGAINST IRAQ IN AN EFFORT TO ENSURE IRAQI REPAYMENT OF A PORTION OF ITS DEBT 00 RUSSIA. THERE WAS A DISCUSSION OF MILITARY COOPERATION AS WELL AS BOSNIA. PRESIDENT CLINTON AND PRESIDENT YELTSIN BOTH DISCUSSED THE NATURE OF THE U.S.-RUSSIAN RELATIONSHIP AND THE IMPORTANCE OF THAT RELATIONSHIP TO THE FUTURE OF WORLD STABILITY AND PEACE, PARTICULARLY IN EUROPE AND IN THE CONTEXT OF THE PARTNERSHIP FOR PEACE. PRESIDENT YELTSIN SIGNALED A POSSIBLE CHANGE IN HIS CABINET, DROPPING FORMER PRIME MINISTER GAYDAR TO WORK IN THE LOWER-HOUSE OF THE NEW FEDERAL LEGISLATURE. PRESIDENT CLINTON EXPLAINED THE CONCEPT OF ENSURING A LONG TERM PEACE IN EUROPE THROUGH FRANK CONSULTATION AND STRONG AND CLOSE COOPERATION BETWEEN RUSSIA AND THE UNITED STATES, BUT WITH CARE TAKEN TO ENSURE RESPECT FOR THE INTEREST OF OTHERS. END SUMMARY. 4.THE PRESIDENT MET WITH PRESIDENT YELTSIN AT THE DACHA AT NOVA OGAREVA OUTSIDE OF MOSCOW ON JANUARY I4TH FOR A DINNER IN WHICH A NUMBER OF BUSINESS ISSUES AROSE. THIS MEMCOM RECORDS THE BUSINESS DISCUSSION. THE PRESIDENT WAS ACCOMPANIED BY SECRETARY CHRISTOPHER, SECRETARY BENSON, NATIONAL SECURITY ADVISOR LAKE, AMBASSADOR AT LARGE STROBE TALBOTT AND AMBASSADOR PICKERING. PRESIDENT YELTSIN WAS ACCOMPANIED BY PRIME MINISTER CHRNOMYRDIN, FIRST DEPUTY PRIME MINISTER SOSKOVETS, FOREIGN MINISTER KOZYREV, DEFENSE MINISTER GRACHEV AND BY HIS LEGAL ADVISOR ILLYUSHIN. 5. AFTER OPENING PLEASANTRIES, PRESIDENT CLINTON NOTED THE IMPORTANCE HE ATTACHED TO HAVING HAD A CHANCE TO SEE RUSSIAN PEOPLE ON THE STREETS OF MOSCOW. HE TOLD PRESIDENT YELTSIN THAT HE HAD PASSED ON HIS CONCERNS TO PRESIDENT YELTSIN'S ADVISORS ABOUT THE PEOPLE AND THEIR REACTIONS. 6. PRESIDENT YELTSIN CHANGED THE SUBJECT AND NOTED MRS. YELTSIN HAD CALLED HIS ATTENTION TO A WONDERFUL ARTICLE ""IZVESTIA"" NEWSPAPER HAD RUN ON PRESIDENT CLINTON. THE ARTICLE ALSO COVERED MRS. CLINTON'S ACTIVITIES. 7. PRESIDENT YELTSIN THEN RETURNED TO THE INITIAL COMMENT ABOUT PEOPLE BEING WORRIED. THEY ARE CRITICAL OF US AND THEY ARE CERTAINLY RIGHT, HE SAID. TO DO BETTER, I HAVE SENT SERGEI ALEXANDROVICH FILATOV, THE KREMLIN CHIEF-OF-STAFF, TO LEARN ABOUT YOUR SYSTEM. WE ARE TRYING TO FIND OUT ABOUT HOW TO BE MORE EFFICIENT AT OUR WORK AND TO SPREAD THE RESPONSIBILITIES TO THOSE WHO CAN CARRY THEM OUT. THE COLLABORATION BETWEEN OUR COLLKAGUES IN THE CABINET IS STRONG AND WE HAVE A STRONG CABINET.","January 13/14, 1994, Nova Ogareva, outside Moscow (source item date January 13; cable subject says January 14)","","","","true","Source PDF pages 1-11. Compiler packet pages 80-90; actual conversation pages 80-90.","OK repository; OK Clinton Digital Library item; OK release/item identifier; OK collection or records stem; OK formal source-note draft excludes page maps; OK working provenance separated; OK source page map; OK source packet URL; OK derivative PDF","Verify OCR-derived face-page addenda before final source-note use: participants; classification marking; classified-by line not parsed; classification reason not parsed; declassify-on line not parsed; face-page participants; face-page classification marking","https://therealjameswilson.github.io/Clinton-Russia-High-Level/public/documents/clinton-standalone-1994-01-13-yeltsin-dinner-cable.pdf","https://clinton.presidentiallibraries.us/files/original/c016beef71be071cd9c96fcf0972fd57.pdf","Source: William J. Clinton Presidential Library, Clinton Digital Library item 101370, ""Memorandum of Conversation - President Boris Yeltsin of Russia,"" January 13, 1994, part of 2016-0117-M, Memcons - Memoranda of Conversation. Item description: ""This Memcon was received as a NSC Cable."""
"17","1994-01-14","Memcon","counted","Face-page/source-note review","Department of State FOIA/Strobe","Trilateral Meeting with President Boris Yeltsin of Russia on Security Issues","3","State FOIA document C06694499, conversation pages 1-3","91-93","","false","false","false","false","false","","","","","","","","F-2017-13804","C06694499","","","","Needs source-note review","classified-by line not parsed; classification reason not parsed; declassify-on line not parsed","Parsed","","Trilateral Meeting President Boris Yeltsin of Russia on Security Issues (U)","January 14, 1994, 8:35 - 8:55 a.m. ' St. Catherine's Hall, The Kremlin DECLASSIFICATION AUTHORITY: Geoffrey W. Chapman, Senior Reviewer, A/GIS/IPS 3/25/2019 llarlaccifv nn- nAnp nrwrinrm-rl iu UNCLASSIFIED U.S. Department of State Case No. F-2017-13804 Doc No. C06694499 Date: 03/29/2019","Director for Russia, Ukraine and Eurasia Affairs, NSC Staff","","UNCLASSIFIED U.S. Department of State Case No. F-2017-13804 Doc No. C06694499 Date: 03/29/2019","true","Source PDF pages State FOIA document C06694499, conversation pages 1-3. Compiler packet pages 91-93; actual conversation pages 91-93.","OK Department of State; OK FOIA Virtual Reading Room; OK Strobe Talbott FOIA; OK FOIA case; OK document number; OK formal source-note draft excludes page maps; OK working provenance separated; OK source page map; OK source packet URL; OK derivative PDF","Verify OCR-derived face-page addenda before final source-note use: classified-by line not parsed; classification reason not parsed; declassify-on line not parsed","https://therealjameswilson.github.io/Clinton-Russia-High-Level/public/documents/1994-01-14-memcon-trilateral-yeltsin-kravchuk.pdf","https://drive.google.com/file/d/1mA2m1fonXTwvzmbdVLzjWV7iGpBWAC1r/view","Source: Department of State, FOIA Virtual Reading Room, Strobe Talbott FOIA release, case F-2017-13804, document C06694499."
"18","1994-01-14","Memcon","counted","Face-page/source-note review","Department of State FOIA/Strobe","Second Expanded Bilateral Session with President Boris Yeltsin of Russia","8","State FOIA document C06694502, conversation pages 1-8","94-101","","false","false","false","false","false","","","","","","","","F-2017-13804","C06694502","","","","Needs source-note review","classified-by line not parsed; classification reason not parsed; declassify-on line not parsed","Parsed","","Second.ExpandeB Bilatexal Session with President Boris Yeltsin of Russia (U)","January 14, 1994, 9:35 - 11:15 a.m. St. Catherine's Hall, The Kremlin","Director for Russia, Ukraine and Eurasia Affairs, NSC Staff","","CONFIDENTIAL","true","Source PDF pages State FOIA document C06694502, conversation pages 1-8. Compiler packet pages 94-101; actual conversation pages 94-101.","OK Department of State; OK FOIA Virtual Reading Room; OK Strobe Talbott FOIA; OK FOIA case; OK document number; OK formal source-note draft excludes page maps; OK working provenance separated; OK source page map; OK source packet URL; OK derivative PDF","Verify OCR-derived face-page addenda before final source-note use: classified-by line not parsed; classification reason not parsed; declassify-on line not parsed","https://therealjameswilson.github.io/Clinton-Russia-High-Level/public/documents/1994-01-14-memcon-second-expanded-bilateral-session.pdf","https://drive.google.com/file/d/1pr42yhINujL_px_Y5aXD_MmChhc5sy9v/view","Source: Department of State, FOIA Virtual Reading Room, Strobe Talbott FOIA release, case F-2017-13804, document C06694502."
"19","1994-01-15","Memcon","counted","Face-page/source-note review","Clinton Digital Library item","One-on-One Meeting with President Boris Yeltsin of Russia","2","1-2","102-103","","true","false","false","false","false","","","","","","","101364","","","","2016-0117-M","","Needs source-note review","classification marking; classified-by line not parsed; classification reason not parsed","Review fields","classification marking","One-on-One Meeting with President Boris Yeltsin of Russia (U)","January 15, 1994, 9:00 - 9:20am The Kremlin The President started the conversation by saying that before he came to Moscow, he had worked hard with the G-7 to achieve the three aims which the U.S. and Russia shared: first, to get the next 1.5 billion dollars from the IMF to Russia; second, to get some debt relief (restructuring); third, to get flexibility in the conditions set by the international financial institutions for setting conditions for aid. The G-7 nations agreed to this if the President would push for reforms in Russia, since they believed that President Yeltsin was committed to these reforms. President Clinton said that he had asked for today's meeting with President Yeltsin because President Yeltsin had told him on the previous day that there would be some changes in personnel in his government related to economic positions. For example, Gaidar would lead the party of reformers in the parliament. This was, of course, for President Yeltsin, not President Clinton, to decide, and President Clinton had come to better understand during the days he had just spent in Moscow, talking to the people in the streets and in the TV studio, the political pressures facing President Yeltsin. President Yeltsin only wished that as President Yeltsin worked through these issues in the coming days, he would think about what President Clinton was saying. (^ President Clinton said President Yeltsin's decision could have an impact on all the individuals who were committed to achieving the desired goals for Russia. President Clinton's credibility was connected to President Yeltsin's indication that he would continue the reforms, which were linked to a specific team of people. Perhaps this would change, but the impression was that ~6ECRE¥- Declassify on: OADR ccrocn-","","","","true","Source PDF pages 1-2. Compiler packet pages 102-103; actual conversation pages 102-103.","OK repository; OK Clinton Digital Library item; OK release/item identifier; OK collection or records stem; OK formal source-note draft excludes page maps; OK working provenance separated; OK source page map; OK source packet URL; OK derivative PDF","Verify OCR-derived face-page addenda before final source-note use: classification marking; classified-by line not parsed; classification reason not parsed; face-page classification marking","https://therealjameswilson.github.io/Clinton-Russia-High-Level/public/documents/clinton-standalone-1994-01-15-memcon-one-on-one.pdf","https://clinton.presidentiallibraries.us/files/original/67bc3e4fc7cc0ed1ba4f438e510624d8.pdf","Source: William J. Clinton Presidential Library, Clinton Digital Library item 101364, ""Memorandum of Conversation - President Boris Yeltsin of Russia,"" January 15, 1994, part of 2016-0117-M, Memcons - Memoranda of Conversation."
"20","1994-02-20","Telcon","counted","Face-page/source-note review","Clinton Library MDR","Telephone call with President Boris Yeltsin of Russia, February 20, 1994, White House White House","3","155-157","104-107","148","true","true","true","true","true","","","470","9401529","2015-0782-M-1","","","","","","2015-0782-M-1","7388808; 7585721","Needs source-note review","classification marking; classified-by line not parsed; classification reason not parsed","Review fields","classification marking","Telecon with President Boris Yeltsin of Russia","February 20, 1994; l:27-l:47pm EST The Oval Office","Katherine O'Loughlin","Galina Tunik-Rosniansky","","true","Source PDF pages 155-157. Source marker/provenance page 148. Compiler packet pages 104-107; actual conversation pages 104-106; provenance sheet page 107.","OK repository; OK Clinton Presidential Records; OK NSC RMO collection; OK parent NAID 7388808; OK PRS series NAID 7585721; OK MDR case; OK box/folder/document identifier; OK formal source-note draft excludes page maps; OK working provenance separated; OK source page map; OK source packet URL; OK derivative PDF","Verify OCR-derived face-page addenda before final source-note use: classification marking; classified-by line not parsed; classification reason not parsed; face-page classification marking","https://therealjameswilson.github.io/Clinton-Russia-High-Level/public/documents/1994-02-20-telcon-16.pdf","https://www.clintonlibrary.gov/sites/default/files/finding_aids_a_z/2026-05/2015-0782-M-1.pdf","Source: William J. Clinton Presidential Library, Clinton Presidential Records, Records of the National Security Council Records Management Office (Clinton Administration), NAID 7388808, Presidential Records Series (PRS) Files, NAID 7585721, NSC Records Management, [Yeltsin and Telcons], OA/Box Number 470, Folder Title/Record ID 9401529, Mandatory Declassification Review 2015-0782-M-1, Declassified documents concerning Russian President Boris Yeltsin."
"21","1994-04-10","Telcon","counted","Face-page/source-note review","Clinton Library MDR","Telephone call with President Boris Yeltsin of Russia, April 10, 1994, White House","3","164-166","108-111","159","true","true","true","true","true","","","472","9402775","2015-0782-M-1","","","","","","2015-0782-M-1","7388808; 7585721","Needs source-note review","classification marking; classified-by line not parsed; classification reason not parsed","Review fields","classification marking","Telcon With President Yeltsin of Russia","April 10, 1994; Call began at 2315 EDT, terminated at 2338 EDT. The White House","Kevin Wooton, William Spencer","Dimitri Zarechnak","","true","Source PDF pages 164-166. Source marker/provenance page 159. Compiler packet pages 108-111; actual conversation pages 108-110; provenance sheet page 111.","OK repository; OK Clinton Presidential Records; OK NSC RMO collection; OK parent NAID 7388808; OK PRS series NAID 7585721; OK MDR case; OK box/folder/document identifier; OK formal source-note draft excludes page maps; OK working provenance separated; OK source page map; OK source packet URL; OK derivative PDF","Verify OCR-derived face-page addenda before final source-note use: classification marking; classified-by line not parsed; classification reason not parsed; face-page classification marking","https://therealjameswilson.github.io/Clinton-Russia-High-Level/public/documents/1994-04-10-telcon-17.pdf","https://www.clintonlibrary.gov/sites/default/files/finding_aids_a_z/2026-05/2015-0782-M-1.pdf","Source: William J. Clinton Presidential Library, Clinton Presidential Records, Records of the National Security Council Records Management Office (Clinton Administration), NAID 7388808, Presidential Records Series (PRS) Files, NAID 7585721, NSC Records Management, [Yeltsin and Telcons], OA/Box Number 472, Folder Title/Record ID 9402775, Mandatory Declassification Review 2015-0782-M-1, Declassified documents concerning Russian President Boris Yeltsin."
"22","1994-04-20","Telcon","counted","Face-page/source-note review","Clinton Library MDR","Telephone call with President Boris Yeltsin of Russia, April 20, 1994, White House","4","181-184","112-116","171","true","true","true","true","true","","","472","9403047","2015-0782-M-1","","","","","","2015-0782-M-1","7388808; 7585721","Needs source-note review","classification marking; classified-by line not parsed; classification reason not parsed","Review fields","classification marking","Telcon with President Boris Yeltsin of Russia on April 20, 1994 (U)","April 20, 1994; 2:25 - 3:05pm Oval Office","Rick Waddell","Dimitry Zarechnak","","true","Source PDF pages 181-184. Source marker/provenance page 171. Compiler packet pages 112-116; actual conversation pages 112-115; provenance sheet page 116.","OK repository; OK Clinton Presidential Records; OK NSC RMO collection; OK parent NAID 7388808; OK PRS series NAID 7585721; OK MDR case; OK box/folder/document identifier; OK formal source-note draft excludes page maps; OK working provenance separated; OK source page map; OK source packet URL; OK derivative PDF","Verify OCR-derived face-page addenda before final source-note use: classification marking; classified-by line not parsed; classification reason not parsed; face-page classification marking","https://therealjameswilson.github.io/Clinton-Russia-High-Level/public/documents/1994-04-20-telcon-18.pdf","https://www.clintonlibrary.gov/sites/default/files/finding_aids_a_z/2026-05/2015-0782-M-1.pdf","Source: William J. Clinton Presidential Library, Clinton Presidential Records, Records of the National Security Council Records Management Office (Clinton Administration), NAID 7388808, Presidential Records Series (PRS) Files, NAID 7585721, NSC Records Management, [Yeltsin and Telcons], OA/Box Number 472, Folder Title/Record ID 9403047, Mandatory Declassification Review 2015-0782-M-1, Declassified documents concerning Russian President Boris Yeltsin."
"23","1994-06-03","Telcon","pending","Pending source text","Pending source text","Telephone call with President Boris Yeltsin of Russia, June 3, 1994, Rome, Italy","","Marker/withdrawal packet pages 187-190 only; no released telcon pages","","187","true","true","true","true","true","","","","9404692","2015-0782-M-1","","","","","","2015-0782-M-1","7388808; 7585721","Pending source text","","Pending source text","","","","","","","true","","OK repository; OK Clinton Presidential Records; OK NSC RMO collection; OK parent NAID 7388808; OK PRS series NAID 7585721; OK MDR case; OK box/folder/document identifier; OK formal source-note draft excludes page maps; OK working provenance separated; OK source page map; OK source packet URL; OK derivative PDF","Do not finalize a source note until released conversation pages are found; preserve current lead and source-page problem.","","https://www.clintonlibrary.gov/sites/default/files/finding_aids_a_z/2026-05/2015-0782-M-1.pdf","Source: William J. Clinton Presidential Library, Clinton Presidential Records, Records of the National Security Council Records Management Office (Clinton Administration), NAID 7388808, Presidential Records Series (PRS) Files, NAID 7585721, Folder Title/Record ID 9404692, Mandatory Declassification Review 2015-0782-M-1, Declassified documents concerning Russian President Boris Yeltsin."
"24","1994-06-13","Telcon","counted","Face-page/source-note review","Clinton Library MDR","Telephone Call with President Boris Yeltsin of Russia, June 13, 1994, White House","4","191-194","117-121","187","true","true","true","true","true","9404692","475","","","2015-0782-M-1","","","","","","2015-0782-M-1","7388808; 7585721","Needs source-note review","classified-by line not parsed; classification reason not parsed","Parsed","","Telcon with Boris Yeltsin of Russia on 13 June 1994","11 June 1994, 1:24 (EDT) The White House President Clinton: Hello","Steven Aoki","Dimitry Zarechnak","SECRET 3/iy cioig K6H ^","true","Source PDF pages 191-194. Source marker/provenance page 187. Compiler packet pages 117-121; actual conversation pages 117-120; provenance sheet page 121.","OK repository; OK Clinton Presidential Records; OK NSC RMO collection; OK parent NAID 7388808; OK PRS series NAID 7585721; OK MDR case; OK box/folder/document identifier; OK formal source-note draft excludes page maps; OK working provenance separated; OK source page map; OK source packet URL; OK derivative PDF","Verify OCR-derived face-page addenda before final source-note use: classified-by line not parsed; classification reason not parsed","https://therealjameswilson.github.io/Clinton-Russia-High-Level/public/documents/1994-06-13-telcon-20.pdf","https://www.clintonlibrary.gov/sites/default/files/finding_aids_a_z/2026-05/2015-0782-M-1.pdf","Source: William J. Clinton Presidential Library, Clinton Presidential Records, Records of the National Security Council Records Management Office (Clinton Administration), NAID 7388808, Presidential Records Series (PRS) Files, NAID 7585721, Document ID 9404692, Original OA/ID 475, Mandatory Declassification Review 2015-0782-M-1, Declassified documents concerning Russian President Boris Yeltsin."
"25","1994-07-05","Telcon","counted","Face-page/source-note review","Clinton Library MDR","Telephone call with President Boris Yeltsin of Russia, July 5, 1994, White House","3","202-204","122-125","196","true","true","true","true","true","","","477","9405387","2015-0782-M-1","","","","","","2015-0782-M-1","7388808; 7585721","Needs source-note review","classified-by line not parsed; classification reason not parsed","Parsed","","Telcon with Boris Yeltsin of Russia on 5 July 1994","5 July 1994, 9:31-9:49 (EDT) Oval Office","John Beyrle","Kyrill Borissov","-SECRET 5387","true","Source PDF pages 202-204. Source marker/provenance page 196. Compiler packet pages 122-125; actual conversation pages 122-124; provenance sheet page 125.","OK repository; OK Clinton Presidential Records; OK NSC RMO collection; OK parent NAID 7388808; OK PRS series NAID 7585721; OK MDR case; OK box/folder/document identifier; OK formal source-note draft excludes page maps; OK working provenance separated; OK source page map; OK source packet URL; OK derivative PDF","Verify OCR-derived face-page addenda before final source-note use: classified-by line not parsed; classification reason not parsed","https://therealjameswilson.github.io/Clinton-Russia-High-Level/public/documents/1994-07-05-telcon-21.pdf","https://www.clintonlibrary.gov/sites/default/files/finding_aids_a_z/2026-05/2015-0782-M-1.pdf","Source: William J. Clinton Presidential Library, Clinton Presidential Records, Records of the National Security Council Records Management Office (Clinton Administration), NAID 7388808, Presidential Records Series (PRS) Files, NAID 7585721, NSC Records Management, [Yeltsin and Telcons], OA/Box Number 477, Folder Title/Record ID 9405387, Mandatory Declassification Review 2015-0782-M-1, Declassified documents concerning Russian President Boris Yeltsin."
"26","1994-07-10","Memcon","pending","Pending source text","Pending source text","Meeting with President Boris Yeltsin of Russia, July 10, 1994, Naples Italy","","No released July 10, 1994 Naples memcon pages located in 2015-0782-M-1","","","true","true","true","true","true","","","","","2015-0782-M-1","","","","","","2015-0782-M-1","7388808; 7585721","Pending source text","","Pending source text","","","","","","","true","","OK repository; OK Clinton Presidential Records; OK NSC RMO collection; OK parent NAID 7388808; OK PRS series NAID 7585721; OK MDR case; CHECK box/folder/document identifier; OK formal source-note draft excludes page maps; OK working provenance separated; OK source page map; OK source packet URL; OK derivative PDF","Do not finalize a source note until released conversation pages are found; preserve current lead and source-page problem.","","https://www.clintonlibrary.gov/sites/default/files/finding_aids_a_z/2026-05/2015-0782-M-1.pdf","Source: William J. Clinton Presidential Library, Clinton Presidential Records, Records of the National Security Council Records Management Office (Clinton Administration), NAID 7388808, Presidential Records Series (PRS) Files, NAID 7585721, Mandatory Declassification Review 2015-0782-M-1, Declassified documents concerning Russian President Boris Yeltsin."
"27","1994-09-27","Memcon","counted","Face-page/source-note review","Clinton Library MDR","Clinton-Yeltsin one-on-one memcon, September 27, 1994","7","213-219","126-133","209","true","true","true","true","true","","","481","9408090","2015-0782-M-1","","","","","","2015-0782-M-1","7388808; 7585721","Needs source-note review","classified-by line not parsed; classification reason not parsed","Parsed","","Meeting with President Boris Yeltsin","September 27, 1994: 11:00 a.m.-1:00 p.m.; Oval Office and Patio","The President President Boris Yeltsin Anthony Lake, Assistant to the President for National Security","","-SECRET^- PER E.0.13526,","true","Source PDF pages 213-219. Source marker/provenance page 209. Compiler packet pages 126-133; actual conversation pages 126-132; provenance sheet page 133.","OK repository; OK Clinton Presidential Records; OK NSC RMO collection; OK parent NAID 7388808; OK PRS series NAID 7585721; OK MDR case; OK box/folder/document identifier; OK formal source-note draft excludes page maps; OK working provenance separated; OK source page map; OK source packet URL; OK derivative PDF","Verify OCR-derived face-page addenda before final source-note use: classified-by line not parsed; classification reason not parsed","https://therealjameswilson.github.io/Clinton-Russia-High-Level/public/documents/1994-09-27-clinton-yeltsin-white-house-one-on-one.pdf","https://www.clintonlibrary.gov/sites/default/files/finding_aids_a_z/2026-05/2015-0782-M-1.pdf","Source: William J. Clinton Presidential Library, Clinton Presidential Records, Records of the National Security Council Records Management Office (Clinton Administration), NAID 7388808, Presidential Records Series (PRS) Files, NAID 7585721, NSC Records Management, [Yeltsin and Telcons], OA/Box Number 481, Folder Title/Record ID 9408090, Mandatory Declassification Review 2015-0782-M-1, Declassified documents concerning Russian President Boris Yeltsin."
"28","1994-09-27","Memcon","counted","Face-page/source-note review","Clinton Library MDR","Meeting with President Boris Yeltsin of Russia, September 27, 1994, White House","10","251-260","134-144","245","true","true","true","true","true","","","482","9408513","2015-0782-M-1","","","","","","2015-0782-M-1","7388808; 7585721","Needs source-note review","classified-by line not parsed; classification reason not parsed","Parsed","","Expanded Session on Security Issues with President Yeltsin of the Russian Federation","September 27, 1994; 4:35-5:35pm Cabinet Room DECLASSIFIED PER E.0.13526 •CONFIDENTIAL- Declassify on: OADR 3/iyi.ol8 K6H","","","•CONFIDENTIAL-","true","Source PDF pages 251-260. Source marker/provenance page 245. Compiler packet pages 134-144; actual conversation pages 134-143; provenance sheet page 144.","OK repository; OK Clinton Presidential Records; OK NSC RMO collection; OK parent NAID 7388808; OK PRS series NAID 7585721; OK MDR case; OK box/folder/document identifier; OK formal source-note draft excludes page maps; OK working provenance separated; OK source page map; OK source packet URL; OK derivative PDF","Verify OCR-derived face-page addenda before final source-note use: classified-by line not parsed; classification reason not parsed","https://therealjameswilson.github.io/Clinton-Russia-High-Level/public/documents/1994-09-27-clinton-yeltsin-expanded-security-session.pdf","https://www.clintonlibrary.gov/sites/default/files/finding_aids_a_z/2026-05/2015-0782-M-1.pdf","Source: William J. Clinton Presidential Library, Clinton Presidential Records, Records of the National Security Council Records Management Office (Clinton Administration), NAID 7388808, Presidential Records Series (PRS) Files, NAID 7585721, NSC Records Management, [Yeltsin and Telcons], OA/Box Number 482, Folder Title/Record ID 9408513, Mandatory Declassification Review 2015-0782-M-1, Declassified documents concerning Russian President Boris Yeltsin."
"29","1994-09-28","Memcon","counted","Face-page/source-note review","Clinton Digital Library item","Second Clinton/Yeltsin One-on-One","6","3-7,9","145-150","","true","true","false","false","false","","","","","","","101758","","","","2018-1215-M","7585499","Needs source-note review","participants; classification marking; classified-by line not parsed; classification reason not parsed; declassify-on line not parsed","Review fields","participants; classification marking","Second Clinton/Yeltsin One-on-One","September 28, 1994, 1:00-2:30 p.m.","","","","true","Source PDF pages 3-7,9. Compiler packet pages 145-150; actual conversation pages 145-150.","OK repository; OK Clinton Digital Library item; OK release/item identifier; OK collection or records stem; OK formal source-note draft excludes page maps; OK working provenance separated; OK source page map; OK source packet URL; OK derivative PDF","Verify OCR-derived face-page addenda before final source-note use: participants; classification marking; classified-by line not parsed; classification reason not parsed; declassify-on line not parsed; face-page participants; face-page classification marking","https://therealjameswilson.github.io/Clinton-Russia-High-Level/public/documents/clinton-standalone-1994-09-28-second-one-on-one.pdf","https://clinton.presidentiallibraries.us/files/original/2509827ca57f98e07eec584b3d69250f.pdf","Source: William J. Clinton Presidential Library, Clinton Digital Library item 101758, ""Declassified documents concerning telcon between the President and Boris Yeltsin on September 28, 1994,"" identifier 2018-1215-M; creators National Security Council, NSC European Affairs Office, and Alexander Vershbow; part of National Archives Catalog Description, NAID 7585499; Clinton Presidential Records: White House Staff and Office Files; Declassified Documents collection."
"30","1994-10-05","Telcon","counted","Face-page/source-note review","Clinton Library MDR","Telephone call with President Boris Yeltsin, October 5, 1994, White House","4","227-230","151-155","221","true","true","true","true","true","","","","9408162","2015-0782-M-1","","","","","","2015-0782-M-1","7388808; 7585721","Needs source-note review","classification marking; classified-by line not parsed; classification reason not parsed","Review fields","classification marking","Telephone Conversation with Russian President Yeltsin (U)","October 5, 1993, 10:30-11:00am, Oval Office","Jessica Stern","Dimitry Zarechnak","","true","Source PDF pages 227-230. Source marker/provenance page 221. Compiler packet pages 151-155; actual conversation pages 151-154; provenance sheet page 155.","OK repository; OK Clinton Presidential Records; OK NSC RMO collection; OK parent NAID 7388808; OK PRS series NAID 7585721; OK MDR case; OK box/folder/document identifier; OK formal source-note draft excludes page maps; OK working provenance separated; OK source page map; OK source packet URL; OK derivative PDF","Verify OCR-derived face-page addenda before final source-note use: classification marking; classified-by line not parsed; classification reason not parsed; face-page classification marking","https://therealjameswilson.github.io/Clinton-Russia-High-Level/public/documents/1994-10-05-telcon-24.pdf","https://www.clintonlibrary.gov/sites/default/files/finding_aids_a_z/2026-05/2015-0782-M-1.pdf","Source: William J. Clinton Presidential Library, Clinton Presidential Records, Records of the National Security Council Records Management Office (Clinton Administration), NAID 7388808, Presidential Records Series (PRS) Files, NAID 7585721, NSC Records Management, [Yeltsin and Telcons], Folder Title/Record ID 9408162, Mandatory Declassification Review 2015-0782-M-1, Declassified documents concerning Russian President Boris Yeltsin."
"31","1994-10-10","Telcon","counted","Face-page/source-note review","Clinton Library MDR","Telephone call with President Boris Yeltsin of Russia, October 10, 1994, White House","4","238-241","156-160","233","true","true","true","true","true","","","481","9408229","2015-0782-M-1","","","","","","2015-0782-M-1","7388808; 7585721","Needs source-note review","classification marking; classified-by line not parsed; classification reason not parsed","Review fields","classification marking","Telcon with President Boris Yeltsin of Russian Federation (U)","October 10, 1993, 12:15 - 12:40pm Oval Office","Jessica Stern","Dimitry Zarechnak","","true","Source PDF pages 238-241. Source marker/provenance page 233. Compiler packet pages 156-160; actual conversation pages 156-159; provenance sheet page 160.","OK repository; OK Clinton Presidential Records; OK NSC RMO collection; OK parent NAID 7388808; OK PRS series NAID 7585721; OK MDR case; OK box/folder/document identifier; OK formal source-note draft excludes page maps; OK working provenance separated; OK source page map; OK source packet URL; OK derivative PDF","Verify OCR-derived face-page addenda before final source-note use: classification marking; classified-by line not parsed; classification reason not parsed; face-page classification marking","https://therealjameswilson.github.io/Clinton-Russia-High-Level/public/documents/1994-10-10-clinton-yeltsin-iraq-telcon.pdf","https://www.clintonlibrary.gov/sites/default/files/finding_aids_a_z/2026-05/2015-0782-M-1.pdf","Source: William J. Clinton Presidential Library, Clinton Presidential Records, Records of the National Security Council Records Management Office (Clinton Administration), NAID 7388808, Presidential Records Series (PRS) Files, NAID 7585721, OA/Box Number 481, Folder Title/Record ID 9408229, Mandatory Declassification Review 2015-0782-M-1, Declassified documents concerning Russian President Boris Yeltsin."
"32","1995-02-13","Telcon","counted","Face-page/source-note review","Clinton Library MDR","Telephone call with President Boris Yeltsin of Russia, February 13, 1995, White House","4","268-271","161-165","263","true","true","true","true","true","","","564","9500995","2015-0782-M-1","","","","","","2015-0782-M-1","7388808; 7585721","Needs source-note review","participants; notetaker; interpreter; classified-by line not parsed; classification reason not parsed","Review fields","participants; notetaker; interpreter","Telephone Conversation with Russian President Yeltsin: Chechnya, START II PTU^TICIPTUITS The President President Boris Yeltsin DECLASSIFIED PER E.0.13526 Interpreter: Dimitry Zarechnak Notetaker: Steve Pifer 3/iyioi8 KBH","February 13, 1995, 1:03-1:25 p.m. Oval Office","","","SECRET ^ 0995","true","Source PDF pages 268-271. Source marker/provenance page 263. Compiler packet pages 161-165; actual conversation pages 161-164; provenance sheet page 165.","OK repository; OK Clinton Presidential Records; OK NSC RMO collection; OK parent NAID 7388808; OK PRS series NAID 7585721; OK MDR case; OK box/folder/document identifier; OK formal source-note draft excludes page maps; OK working provenance separated; OK source page map; OK source packet URL; OK derivative PDF","Verify OCR-derived face-page addenda before final source-note use: participants; notetaker; interpreter; classified-by line not parsed; classification reason not parsed; face-page participants; face-page notetaker; face-page interpreter","https://therealjameswilson.github.io/Clinton-Russia-High-Level/public/documents/1995-02-13-telcon-26.pdf","https://www.clintonlibrary.gov/sites/default/files/finding_aids_a_z/2026-05/2015-0782-M-1.pdf","Source: William J. Clinton Presidential Library, Clinton Presidential Records, Records of the National Security Council Records Management Office (Clinton Administration), NAID 7388808, Presidential Records Series (PRS) Files, NAID 7585721, NSC Records Management, [Yeltsin and Telcons], OA/Box Number 564, Folder Title/Record ID 9500995, Mandatory Declassification Review 2015-0782-M-1, Declassified documents concerning Russian President Boris Yeltsin."
"33","1995-04-27","Telcon","counted","Face-page/source-note review","Clinton Library MDR","Telephone call with President Boris Yeltsin of Russia, April 27, 1995, White House","4","280-283","166-170","275","true","true","true","true","true","","","","9503572","2015-0782-M-1","","","","","","2015-0782-M-1","7388808; 7585721","Needs source-note review","classified-by line not parsed; classification reason not parsed","Parsed","","Presidential Telephone Call","27 April 1995, 9:31 - 10:04am Oval Office","John Beyrle, Kenneth Baldwin, Karen Dragone","Peter Afanasenko","COMF1 DEI^fflAL 3572","true","Source PDF pages 280-283. Source marker/provenance page 275. Compiler packet pages 166-170; actual conversation pages 166-169; provenance sheet page 170.","OK repository; OK Clinton Presidential Records; OK NSC RMO collection; OK parent NAID 7388808; OK PRS series NAID 7585721; OK MDR case; OK box/folder/document identifier; OK formal source-note draft excludes page maps; OK working provenance separated; OK source page map; OK source packet URL; OK derivative PDF","Verify OCR-derived face-page addenda before final source-note use: classified-by line not parsed; classification reason not parsed","https://therealjameswilson.github.io/Clinton-Russia-High-Level/public/documents/1995-04-27-telcon-27.pdf","https://www.clintonlibrary.gov/sites/default/files/finding_aids_a_z/2026-05/2015-0782-M-1.pdf","Source: William J. Clinton Presidential Library, Clinton Presidential Records, Records of the National Security Council Records Management Office (Clinton Administration), NAID 7388808, Presidential Records Series (PRS) Files, NAID 7585721, NSC Records Management, [Yeltsin and Telcons], Folder Title/Record ID 9503572, Mandatory Declassification Review 2015-0782-M-1, Declassified documents concerning Russian President Boris Yeltsin."
"34","1995-05-10","Memcon","counted","Face-page/source-note review","Clinton Library MDR","Meeting with President Boris Yeltsin of Russia, May 10, 1995, The Kremlin, Moscow, Russia","16","285-300","171-187","284","true","true","true","true","true","9503774","582","","","2014-0904-M-Release-A","","","","","","2014-0904-M-Release","7388808; 7585721","Needs source-note review","participants; classification marking; classified-by line not parsed; classification reason not parsed; declassify-on line not parsed","Review fields","participants; classification marking","One-On-One Meeting","10:10 a.m. - 1:19 p.m.","","","","true","Source PDF pages 285-300. Source marker/provenance page 284. Compiler packet pages 171-187; actual conversation pages 171-186; provenance sheet page 187.","OK repository; OK Clinton Presidential Records; OK NSC RMO collection; OK parent NAID 7388808; OK PRS series NAID 7585721; OK MDR case; OK box/folder/document identifier; OK formal source-note draft excludes page maps; OK working provenance separated; OK source page map; OK source packet URL; OK derivative PDF","Verify OCR-derived face-page addenda before final source-note use: participants; classification marking; classified-by line not parsed; classification reason not parsed; declassify-on line not parsed; face-page participants; face-page classification marking","https://therealjameswilson.github.io/Clinton-Russia-High-Level/public/documents/1995-05-10-memcon-28.pdf","https://www.clintonlibrary.gov/sites/default/files/finding_aids_a_z/2026-05/2015-0782-M-1.pdf","Source: William J. Clinton Presidential Library, Clinton Presidential Records, Records of the National Security Council Records Management Office (Clinton Administration), NAID 7388808, Presidential Records Series (PRS) Files, NAID 7585721, Document ID 9503774, Original OA/ID 582, Mandatory Declassification Review 2014-0904-M-Release-A, Declassified documents concerning Russia."
"35","1995-06-17","Memcon","counted","Face-page/source-note review","Department of State FOIA/Strobe","Meeting with President Boris Yeltsin of Russia, June 17, 1995, Halifax, Nova Scotia, Canada","8","Strobe FOIA document C06835181, conversation pages 1-8","188-195","","false","false","false","false","false","","","","","","","","F-2017-13804","C06835181","","","","Needs source-note review","participants; classified-by line not parsed; classification reason not parsed; declassify-on line not parsed","Review fields","participants","Cl'inton-Yeltsin Meeting","June 17, 1995, Halifax, Nova Scotia, Canada","","","UNCLASSIFIED U.S. Department of State Case No. F-2017-13804 Doc No. C06835181 Date: 12/28/2020","true","Source PDF pages Strobe FOIA document C06835181, conversation pages 1-8. Compiler packet pages 188-195; actual conversation pages 188-195.","OK Department of State; OK FOIA Virtual Reading Room; OK Strobe Talbott FOIA; OK FOIA case; OK document number; OK formal source-note draft excludes page maps; OK working provenance separated; OK source page map; OK source packet URL; OK derivative PDF","Verify OCR-derived face-page addenda before final source-note use: participants; classified-by line not parsed; classification reason not parsed; declassify-on line not parsed; face-page participants","https://therealjameswilson.github.io/Clinton-Russia-High-Level/public/documents/1995-06-17-memcon-29.pdf","https://therealjameswilson.github.io/strobe-talbott-foia/manifest.html","Source: Department of State, FOIA Virtual Reading Room, Strobe Talbott FOIA release, case F-2017-13804, document C06835181."
"36","1995-07-28","Telcon","counted","Face-page/source-note review","Clinton Library MDR","Telephone call with President Boris Yeltsin of Russia, July 28, 1995, White House","5","309-313","196-201","302","true","true","true","true","true","","","597","9505860","2015-0782-M-1","","","","","","2015-0782-M-1","7388808; 7585721","Needs source-note review","classification marking; classified-by line not parsed; classification reason not parsed","Review fields","classification marking","President's Discussion with Yeltsin on Bosnia, Chechnya","July 28, 1995, 10:35-11:19 a.m. EDT Oval Office","Steve Pifer, Katherine O'Loughlin, Kenneth Baldwin and Mary Canty","Peter Afanasenko","","true","Source PDF pages 309-313. Source marker/provenance page 302. Compiler packet pages 196-201; actual conversation pages 196-200; provenance sheet page 201.","OK repository; OK Clinton Presidential Records; OK NSC RMO collection; OK parent NAID 7388808; OK PRS series NAID 7585721; OK MDR case; OK box/folder/document identifier; OK formal source-note draft excludes page maps; OK working provenance separated; OK source page map; OK source packet URL; OK derivative PDF","Verify OCR-derived face-page addenda before final source-note use: classification marking; classified-by line not parsed; classification reason not parsed; face-page classification marking","https://therealjameswilson.github.io/Clinton-Russia-High-Level/public/documents/1995-07-28-telcon-30.pdf","https://www.clintonlibrary.gov/sites/default/files/finding_aids_a_z/2026-05/2015-0782-M-1.pdf","Source: William J. Clinton Presidential Library, Clinton Presidential Records, Records of the National Security Council Records Management Office (Clinton Administration), NAID 7388808, Presidential Records Series (PRS) Files, NAID 7585721, NSC Records Management, [Yeltsin and Telcons], OA/Box Number 597, Folder Title/Record ID 9505860, Mandatory Declassification Review 2015-0782-M-1, Declassified documents concerning Russian President Boris Yeltsin."
"37","1995-09-27","Telcon","counted","Face-page/source-note review","Clinton Library MDR","Telephone call with President Boris Yeltsin of Russia, September 27, 1995, White House","3","324-326","202-205","318","true","true","true","true","true","","","606","9507137","2015-0782-M-1","","","","","","2015-0782-M-1","7388808; 7585721","Needs source-note review","classification marking; classified-by line not parsed; classification reason not parsed","Review fields","classification marking","President's Discussion with Yeltsin on Bosnia, CEE, Hyde Park and a Vice Presidential Meeting with Chernomyrdin","September 27, 1995, 10:35-11:53 a.m. EDT Oval Office","Steve Pifer, Paul Weber, Deuce Martinez, Katherine O'Loughlin, Trey Whitworth","Peter Afanasenko","","true","Source PDF pages 324-326. Source marker/provenance page 318. Compiler packet pages 202-205; actual conversation pages 202-204; provenance sheet page 205.","OK repository; OK Clinton Presidential Records; OK NSC RMO collection; OK parent NAID 7388808; OK PRS series NAID 7585721; OK MDR case; OK box/folder/document identifier; OK formal source-note draft excludes page maps; OK working provenance separated; OK source page map; OK source packet URL; OK derivative PDF","Verify OCR-derived face-page addenda before final source-note use: classification marking; classified-by line not parsed; classification reason not parsed; face-page classification marking","https://therealjameswilson.github.io/Clinton-Russia-High-Level/public/documents/1995-09-27-telcon-31.pdf","https://www.clintonlibrary.gov/sites/default/files/finding_aids_a_z/2026-05/2015-0782-M-1.pdf","Source: William J. Clinton Presidential Library, Clinton Presidential Records, Records of the National Security Council Records Management Office (Clinton Administration), NAID 7388808, Presidential Records Series (PRS) Files, NAID 7585721, NSC Records Management, [Yeltsin and Telcons], OA/Box Number 606, Folder Title/Record ID 9507137, Mandatory Declassification Review 2015-0782-M-1, Declassified documents concerning Russian President Boris Yeltsin."
"38","1995-10-23","Memcon","counted","Face-page/source-note review","NARA Catalog item","Clinton-Yeltsin One-on-One","12","5-16","206-218","2","true","true","true","true","true","","","43319","9507853","","2014-0948-M","","","","","2014-0948-M","7388808; 7585721; 163545436","Needs source-note review","participants; classification marking; classified-by line not parsed; classification reason not parsed; declassify-on line not parsed","Review fields","participants; classification marking","Clinton-Yeltsin One-on-One","11:30 a.m.-1:35 p.m.","","","","true","Source PDF pages 5-16. Source marker/provenance page 2. Compiler packet pages 206-218; actual conversation pages 206-217; provenance sheet page 218.","OK repository; OK Clinton Presidential Records; OK NSC RMO collection; OK parent NAID 7388808; OK PRS series NAID 7585721; OK catalog item; OK item NAID; OK formal source-note draft excludes page maps; OK working provenance separated; OK source page map; OK source packet URL; OK derivative PDF","Verify OCR-derived face-page addenda before final source-note use: participants; classification marking; classified-by line not parsed; classification reason not parsed; declassify-on line not parsed; face-page participants; face-page classification marking","https://therealjameswilson.github.io/Clinton-Russia-High-Level/public/documents/1995-10-23-clinton-yeltsin-hyde-park-one-on-one.pdf","https://s3.amazonaws.com/NARAprodstorage/lz/presidential-libraries/clinton/wjc-nscrm/7585721/7-YeltsinHydePark.pdf","Source: William J. Clinton Presidential Library, Clinton Presidential Records, Records of the National Security Council Records Management Office (Clinton Administration), NAID 7388808, Presidential Records Series (PRS) Files, NAID 7585721, NSC Records Management, [Yeltsin], OA/Box Number 43319, Folder Title/Record ID 9507853, National Archives Catalog item 2014-0948-M, Memcon between President William Jefferson Clinton and President Boris Yeltsin, NAID 163545436."
"39","1995-10-23","Memcon","counted","Face-page/source-note review","NARA Catalog item","Lunch with Boris Yeltsin, President of Russian Federation","5","31-35","219-224","19","true","true","true","true","true","","","611","9507991","","2014-0948-M","","","","","2014-0948-M","7388808; 7585721; 163545436","Needs source-note review","classification marking","Review fields","classification marking","Lunch with Boris Yeltsin, President of Russian Federation","October 23, 1995; 1:30 p.m.-2:40 p.m. Dining Room, Hyde Park Library, Hyde Park, New York","","","","true","Source PDF pages 31-35. Source marker/provenance page 19. Compiler packet pages 219-224; actual conversation pages 219-223; provenance sheet page 224.","OK repository; OK Clinton Presidential Records; OK NSC RMO collection; OK parent NAID 7388808; OK PRS series NAID 7585721; OK catalog item; OK item NAID; OK formal source-note draft excludes page maps; OK working provenance separated; OK source page map; OK source packet URL; OK derivative PDF","Verify OCR-derived face-page addenda before final source-note use: classification marking; face-page classification marking","https://therealjameswilson.github.io/Clinton-Russia-High-Level/public/documents/1995-10-23-clinton-yeltsin-hyde-park-lunch.pdf","https://s3.amazonaws.com/NARAprodstorage/lz/presidential-libraries/clinton/wjc-nscrm/7585721/7-YeltsinHydePark.pdf","Source: William J. Clinton Presidential Library, Clinton Presidential Records, Records of the National Security Council Records Management Office (Clinton Administration), NAID 7388808, Presidential Records Series (PRS) Files, NAID 7585721, NSC Records Management, [Yeltsin], OA/Box Number 611, Folder Title/Record ID 9507991, National Archives Catalog item 2014-0948-M, Memcon between President William Jefferson Clinton and President Boris Yeltsin, NAID 163545436."
"40","1996-01-26","Telcon","counted","Face-page/source-note review","Clinton Library MDR","Telephone call with President Boris Yeltsin of Russia, January 26, 1996, White House","5","342-346","225-230","336","true","true","true","true","true","","","1082","9600480","2015-0782-M-1","","","","","","2015-0782-M-1","7388808; 7585721","Needs source-note review","classification marking","Review fields","classification marking","President's Discussion with Yeltsin on Reform, Chechnya, START II and NATO (jZ*)","January 26, 1996, 10:46-11:27 a.m. EDT Oval Office","Katherine O'Loughlin, Kevin Wooton, Deuce Martinez, Steve Pifer","Peter Afanasenko","","true","Source PDF pages 342-346. Source marker/provenance page 336. Compiler packet pages 225-230; actual conversation pages 225-229; provenance sheet page 230.","OK repository; OK Clinton Presidential Records; OK NSC RMO collection; OK parent NAID 7388808; OK PRS series NAID 7585721; OK MDR case; OK box/folder/document identifier; OK formal source-note draft excludes page maps; OK working provenance separated; OK source page map; OK source packet URL; OK derivative PDF","Verify OCR-derived face-page addenda before final source-note use: classification marking; face-page classification marking","https://therealjameswilson.github.io/Clinton-Russia-High-Level/public/documents/1996-01-26-telcon-33.pdf","https://www.clintonlibrary.gov/sites/default/files/finding_aids_a_z/2026-05/2015-0782-M-1.pdf","Source: William J. Clinton Presidential Library, Clinton Presidential Records, Records of the National Security Council Records Management Office (Clinton Administration), NAID 7388808, Presidential Records Series (PRS) Files, NAID 7585721, NSC Records Management, [Yeltsin and Telcons], OA/Box Number 1082, Folder Title/Record ID 9600480, Mandatory Declassification Review 2015-0782-M-1, Declassified documents concerning Russian President Boris Yeltsin."
"41","1996-02-21","Telcon","counted","Face-page/source-note review","Clinton Library MDR","Telephone call with President Boris Yeltsin of Russia, February 21, 1996, White House","4","354-357","231-235","348","true","true","true","true","true","9601097","1086","","","2015-0782-M-1","","","","","","2015-0782-M-1","7388808; 7585721","Needs source-note review","classified-by line not parsed","Parsed","","The President's Discussion with President Yeltsin on the Russian Election, Bilateral Relations,' START II Ratification and NATO","February 21, 1996, 10:38-11:05 a.m. EST Oval Office PRESIDENT CLINTON: Hello? (U) PRESIDENT YELTSIN Hello, Bill. (U) PRESIDENT CLINTON Hello, Boris. Thank you for taking my call. (U)","Ted Sevigny, Mary Canty, Elaine Florio, Steve Pifer","Peter Afanasenko","-CONFIDENTIAL £M[NTIflL 1097","true","Source PDF pages 354-357. Source marker/provenance page 348. Compiler packet pages 231-235; actual conversation pages 231-234; provenance sheet page 235.","OK repository; OK Clinton Presidential Records; OK NSC RMO collection; OK parent NAID 7388808; OK PRS series NAID 7585721; OK MDR case; OK box/folder/document identifier; OK formal source-note draft excludes page maps; OK working provenance separated; OK source page map; OK source packet URL; OK derivative PDF","Verify OCR-derived face-page addenda before final source-note use: classified-by line not parsed","https://therealjameswilson.github.io/Clinton-Russia-High-Level/public/documents/1996-02-21-telcon-34.pdf","https://www.clintonlibrary.gov/sites/default/files/finding_aids_a_z/2026-05/2015-0782-M-1.pdf","Source: William J. Clinton Presidential Library, Clinton Presidential Records, Records of the National Security Council Records Management Office (Clinton Administration), NAID 7388808, Presidential Records Series (PRS) Files, NAID 7585721, Document ID 9601097, Original OA/ID 1086, Mandatory Declassification Review 2015-0782-M-1, Declassified documents concerning Russian President Boris Yeltsin."
"42","1996-03-13","Memcon","counted","Face-page/source-note review","Clinton Digital Library item","Meeting with President Boris Yeltsin of Russia, March 13, 1996, Sharm El-Sheikh, Egypt","4","Google Drive file 1kqpS-sURsWvTfRqKhA-09YXKX5fVVh7c, pages 2-5","236-240","1","true","true","false","false","false","","","","","","","118876; 2016-0118-M","","","","2016-0118-M","","Needs source-note review","declassify-on line not parsed","Parsed","","(C) CLINTON-YELTSIN MEMCON 3/13/96 1. CONFIDENTIAL CLASSIFIED BY: JOHN HERBSTR ACTING, S/NIS, DEPARTMENT OF STATE REASON: 1.5 (B) AND (D) TEXT OF MEMCON FROM CLINTON-YELTSIN 3/13/96 MEETING FOLLOWS FOR YOUR INFORMATION BEGIN TEXT MEMORANDUM OF CONVERSATION SUBJECT: MEETING WITH PRESIDENT BORIS YELTSIN OF Russia trr","March 13, 1996, Sharm El-Sheikh, Egypt","","","CONFIDENTIAL CLASSIFIED BY: JOHN HERBSTR ACTING,","true","Source PDF pages Google Drive file 1kqpS-sURsWvTfRqKhA-09YXKX5fVVh7c, pages 2-5. Source marker/provenance page 1. Compiler packet pages 236-240; actual conversation pages 236-239; provenance sheet page 240.","OK repository; OK Clinton Digital Library item; OK release/item identifier; OK collection or records stem; OK formal source-note draft excludes page maps; OK working provenance separated; OK source page map; OK source packet URL; OK derivative PDF","Verify OCR-derived face-page addenda before final source-note use: declassify-on line not parsed","https://therealjameswilson.github.io/Clinton-Russia-High-Level/public/documents/1996-03-13-clinton-yeltsin-sharm-el-sheikh-memcon-cable.pdf","https://drive.google.com/file/d/1kqpS-sURsWvTfRqKhA-09YXKX5fVVh7c/view","Source: William J. Clinton Presidential Library, Clinton Presidential Records: NSC Cable, Email, and Records Management System, Clinton Digital Library item 118876, Clinton Digital Library item 2016-0118-M, Meetings between President Clinton and Russian President Boris Yeltsin."
"43","1996-04-09","Telcon","counted","Face-page/source-note review","Clinton Library MDR","Telephone call with President Boris Yeltsin of Russia, April 9, 1996, White House","5","369-373","241-246","362","true","true","true","true","true","","","1093","9602172","2015-0782-M-1","","","","","","2015-0782-M-1","7388808; 7585721","Needs source-note review","classified-by line not parsed","Parsed","","President's Discussion with Yeltsin on Chornobyl, CTBT, ABM/TMD, CEE, G-7 vs G-8","April 9, 1996, 8:05-8:45 a.m. EDT Oval Office PRESIDENT CLINTON: Hello, Boris? (U)","Deuce Martinez, Daniel Flessas, Karen Dragone, James Goldgeier, Carlos Pascual, Steve Pifer","Peter Afanasenko","-SECRET PER E.0.13526","true","Source PDF pages 369-373. Source marker/provenance page 362. Compiler packet pages 241-246; actual conversation pages 241-245; provenance sheet page 246.","OK repository; OK Clinton Presidential Records; OK NSC RMO collection; OK parent NAID 7388808; OK PRS series NAID 7585721; OK MDR case; OK box/folder/document identifier; OK formal source-note draft excludes page maps; OK working provenance separated; OK source page map; OK source packet URL; OK derivative PDF","Verify OCR-derived face-page addenda before final source-note use: classified-by line not parsed","https://therealjameswilson.github.io/Clinton-Russia-High-Level/public/documents/1996-04-09-telcon-36.pdf","https://www.clintonlibrary.gov/sites/default/files/finding_aids_a_z/2026-05/2015-0782-M-1.pdf","Source: William J. Clinton Presidential Library, Clinton Presidential Records, Records of the National Security Council Records Management Office (Clinton Administration), NAID 7388808, Presidential Records Series (PRS) Files, NAID 7585721, NSC Records Management, [Yeltsin and Telcons], OA/Box Number 1093, Folder Title/Record ID 9602172, Mandatory Declassification Review 2015-0782-M-1, Declassified documents concerning Russian President Boris Yeltsin."
"44","1996-04-21","Memcon","counted","Face-page/source-note review","Clinton Library MDR","POTUS-Yeltsin One-on-One","13","381-393","247-260","377","true","true","true","true","true","","","43319","9602708","2015-0782-M-1","","","","","","2015-0782-M-1","7388808; 7585721","Needs source-note review","participants; classification marking; classified-by line not parsed; classification reason not parsed; declassify-on line not parsed","Review fields","participants; classification marking","POTUS-Yeltsin One-on-One","April 21, 1996, 10:00-11:45 a.m., Moscow, Russia","","","","true","Source PDF pages 381-393. Source marker/provenance page 377. Compiler packet pages 247-260; actual conversation pages 247-259; provenance sheet page 260.","OK repository; OK Clinton Presidential Records; OK NSC RMO collection; OK parent NAID 7388808; OK PRS series NAID 7585721; OK MDR case; OK box/folder/document identifier; OK formal source-note draft excludes page maps; OK working provenance separated; OK source page map; OK source packet URL; OK derivative PDF","Verify OCR-derived face-page addenda before final source-note use: participants; classification marking; classified-by line not parsed; classification reason not parsed; declassify-on line not parsed; face-page participants; face-page classification marking","https://therealjameswilson.github.io/Clinton-Russia-High-Level/public/documents/1996-04-21-memcon-moscow-one-on-one.pdf","https://www.clintonlibrary.gov/sites/default/files/finding_aids_a_z/2026-05/2015-0782-M-1.pdf","Source: William J. Clinton Presidential Library, Clinton Presidential Records, Records of the National Security Council Records Management Office (Clinton Administration), NAID 7388808, Presidential Records Series (PRS) Files, NAID 7585721, NSC Records Management, [Yeltsin and Telcons], OA/Box Number 43319, Folder Title/Record ID 9602708, Mandatory Declassification Review 2015-0782-M-1, Declassified documents concerning Russian President Boris Yeltsin."
"45","1996-04-21","Memcon","counted","Citation elements present","Clinton Library MDR","Luncheon Meeting with Russian President Boris Yeltsin","7","7-13","261-268","2","true","true","true","true","true","","","1100","9602963","2015-0782-M-2","","","","","","2015-0782-M-2","7388808; 7585721","Parsed face-page fields available","","Parsed","","Luncheon Meeting with Russian President Boris Yeltsin (U)","April 21, 1996, 12:50 -- 2:15 p.m. The Kremlin","Ambassador-at-Large to the New Independent States Ashton Carter, Assistant Secretary of Defense Coit Blacker, NSC","","SEGRS¥- 2963","true","Source PDF pages 7-13. Source marker/provenance page 2. Compiler packet pages 261-268; actual conversation pages 261-267; provenance sheet page 268.","OK repository; OK Clinton Presidential Records; OK NSC RMO collection; OK parent NAID 7388808; OK PRS series NAID 7585721; OK MDR case; OK box/folder/document identifier; OK formal source-note draft excludes page maps; OK working provenance separated; OK source page map; OK source packet URL; OK derivative PDF","Citation elements are present; final FRUS style review still belongs with the compiler.","https://therealjameswilson.github.io/Clinton-Russia-High-Level/public/documents/1996-04-21-memcon-moscow-luncheon.pdf","https://www.clintonlibrary.gov/sites/default/files/finding_aids_a_z/2026-01/2015-0782-M-2.pdf","Source: William J. Clinton Presidential Library, Clinton Presidential Records, Records of the National Security Council Records Management Office (Clinton Administration), NAID 7388808, Presidential Records Series (PRS) Files, NAID 7585721, NSC Records Management, [Yeltsin and Telcons], OA/Box Number 1100, Folder Title/Record ID 9602963, Mandatory Declassification Review 2015-0782-M-2, Declassified documents concerning Russian President Boris Yeltsin."
"46","1996-05-07","Telcon","counted","Face-page/source-note review","Clinton Library MDR","Telephone call with President Boris Yeltsin of Russia, May 7, 1996, White House","4","25-28","269-273","19","true","true","true","true","true","","","1101","9603149","2015-0782-M-2","","","","","","2015-0782-M-2","7388808; 7585721","Needs source-note review","classification marking; classified-by line not parsed","Review fields","classification marking","Telephone Conversation with Russian President Yeltsin on CTBT, Chechnya, Economics, CFE and Russian Election","May 7, 1996, 8:34-8:55 a.m. EDT, Oval Office ","James Goldgeier, Carlos Pascual, Steve Pifer","Dmitriy Zarechnak","","true","Source PDF pages 25-28. Source marker/provenance page 19. Compiler packet pages 269-273; actual conversation pages 269-272; provenance sheet page 273.","OK repository; OK Clinton Presidential Records; OK NSC RMO collection; OK parent NAID 7388808; OK PRS series NAID 7585721; OK MDR case; OK box/folder/document identifier; OK formal source-note draft excludes page maps; OK working provenance separated; OK source page map; OK source packet URL; OK derivative PDF","Verify OCR-derived face-page addenda before final source-note use: classification marking; classified-by line not parsed; face-page classification marking","https://therealjameswilson.github.io/Clinton-Russia-High-Level/public/documents/1996-05-07-telcon-38.pdf","https://www.clintonlibrary.gov/sites/default/files/finding_aids_a_z/2026-01/2015-0782-M-2.pdf","Source: William J. Clinton Presidential Library, Clinton Presidential Records, Records of the National Security Council Records Management Office (Clinton Administration), NAID 7388808, Presidential Records Series (PRS) Files, NAID 7585721, NSC Records Management, [Yeltsin and Telcons], OA/Box Number 1101, Folder Title/Record ID 9603149, Mandatory Declassification Review 2015-0782-M-2, Declassified documents concerning Russian President Boris Yeltsin."
"47","1996-06-18","Telcon","counted","Face-page/source-note review","Clinton Library MDR","Telephone call with President Boris Yeltsin of Russia, June 18, 1996, White House","2","39-40","274-276","33","true","true","true","true","true","9604219","1108","","","2015-0782-M-2","","","","","","2015-0782-M-2","7388808; 7585721","Needs source-note review","classification marking; classified-by line not parsed","Review fields","classification marking","Telephone Conversation with Russian President Yeltsin","June 18, 1996, 9:02-9:12 a.m. EDT, Residence ","James Goldgeier, Carlos Pascual","Peter Afanasenko","","true","Source PDF pages 39-40. Source marker/provenance page 33. Compiler packet pages 274-276; actual conversation pages 274-275; provenance sheet page 276.","OK repository; OK Clinton Presidential Records; OK NSC RMO collection; OK parent NAID 7388808; OK PRS series NAID 7585721; OK MDR case; OK box/folder/document identifier; OK formal source-note draft excludes page maps; OK working provenance separated; OK source page map; OK source packet URL; OK derivative PDF","Verify OCR-derived face-page addenda before final source-note use: classification marking; classified-by line not parsed; face-page classification marking","https://therealjameswilson.github.io/Clinton-Russia-High-Level/public/documents/1996-06-18-telcon-39.pdf","https://www.clintonlibrary.gov/sites/default/files/finding_aids_a_z/2026-01/2015-0782-M-2.pdf","Source: William J. Clinton Presidential Library, Clinton Presidential Records, Records of the National Security Council Records Management Office (Clinton Administration), NAID 7388808, Presidential Records Series (PRS) Files, NAID 7585721, Document ID 9604219, Original OA/ID 1108, Mandatory Declassification Review 2015-0782-M-2, Declassified documents concerning Russian President Boris Yeltsin."
"48","1996-07-05","Telcon","counted","Face-page/source-note review","Clinton Library MDR","Telephone call with President Boris Yeltsin of Russia, July 5, 1996, White House","3","49-51","277-280","44","true","true","true","true","true","","","","9604660","2015-0782-M-2","","","","","","2015-0782-M-2","7388808; 7585721","Needs source-note review","classification marking; classified-by line not parsed","Review fields","classification marking","Telephone Conversation with Russian President Yeltsin","July 5, 1996, 9:05-9:27 a.m. EDT, Residence ","Carlos Pascual, James Goldgeier, Evan Reade, Peter Huggins, Katherine O'Loughlin, Deuce Martinez","Nik Sorokin","","true","Source PDF pages 49-51. Source marker/provenance page 44. Compiler packet pages 277-280; actual conversation pages 277-279; provenance sheet page 280.","OK repository; OK Clinton Presidential Records; OK NSC RMO collection; OK parent NAID 7388808; OK PRS series NAID 7585721; OK MDR case; OK box/folder/document identifier; OK formal source-note draft excludes page maps; OK working provenance separated; OK source page map; OK source packet URL; OK derivative PDF","Verify OCR-derived face-page addenda before final source-note use: classification marking; classified-by line not parsed; face-page classification marking","https://therealjameswilson.github.io/Clinton-Russia-High-Level/public/documents/1996-07-05-telcon-40.pdf","https://www.clintonlibrary.gov/sites/default/files/finding_aids_a_z/2026-01/2015-0782-M-2.pdf","Source: William J. Clinton Presidential Library, Clinton Presidential Records, Records of the National Security Council Records Management Office (Clinton Administration), NAID 7388808, Presidential Records Series (PRS) Files, NAID 7585721, NSC Records Management, [Yeltsin and Telcons], Folder Title/Record ID 9604660, Mandatory Declassification Review 2015-0782-M-2, Declassified documents concerning Russian President Boris Yeltsin."
"49","1996-09-15","Telcon","counted","Face-page/source-note review","Clinton Library MDR","Telephone call with President Boris Yeltsin of Russia, September 15, 1996, White House","2","64-65","281-283","58","true","true","true","true","true","","","","9606243","2015-0782-M-2","","","","","","2015-0782-M-2","7388808; 7585721","Needs source-note review","classification marking","Review fields","classification marking","Conversation with President Boris Yeltsin of Russia (U)","September 15, 1996, 11:04-11:13 a.m. Residence President Clinton: Hello. Hello Boris. (U)","Cindy Lawrence, Steve Brennan, Peter Huggins, Ki Fort","Peter Afanasenko","","true","Source PDF pages 64-65. Source marker/provenance page 58. Compiler packet pages 281-283; actual conversation pages 281-282; provenance sheet page 283.","OK repository; OK Clinton Presidential Records; OK NSC RMO collection; OK parent NAID 7388808; OK PRS series NAID 7585721; OK MDR case; OK box/folder/document identifier; OK formal source-note draft excludes page maps; OK working provenance separated; OK source page map; OK source packet URL; OK derivative PDF","Verify OCR-derived face-page addenda before final source-note use: classification marking; face-page classification marking","https://therealjameswilson.github.io/Clinton-Russia-High-Level/public/documents/1996-09-15-telcon-41.pdf","https://www.clintonlibrary.gov/sites/default/files/finding_aids_a_z/2026-01/2015-0782-M-2.pdf","Source: William J. Clinton Presidential Library, Clinton Presidential Records, Records of the National Security Council Records Management Office (Clinton Administration), NAID 7388808, Presidential Records Series (PRS) Files, NAID 7585721, NSC Records Management, [Yeltsin and Telcons], Folder Title/Record ID 9606243, Mandatory Declassification Review 2015-0782-M-2, Declassified documents concerning Russian President Boris Yeltsin."
"50","1996-12-05","Telcon","counted","Face-page/source-note review","Clinton Library MDR","Telephone call with President Boris Yeltsin of Russia, December 5, 1996, White House","3","77-79","284-287","70","true","true","true","true","true","","","","9607896","2015-0782-M-2","","","","","","2015-0782-M-2","7388808; 7585721","Needs source-note review","classification marking","Review fields","classification marking","Conversation with President Boris Yeltsin of Russia (U)","December 5, 1996, 9:35-9:50 a.m. Oval Office President Clinton: Hello? (U)","Katherine O'Loughlin, Larry Wright, Trey Whitworth, Ki Fort, Carlos Pascual, Mike Hamel","Dimitry Zarechnak","","true","Source PDF pages 77-79. Source marker/provenance page 70. Compiler packet pages 284-287; actual conversation pages 284-286; provenance sheet page 287.","OK repository; OK Clinton Presidential Records; OK NSC RMO collection; OK parent NAID 7388808; OK PRS series NAID 7585721; OK MDR case; OK box/folder/document identifier; OK formal source-note draft excludes page maps; OK working provenance separated; OK source page map; OK source packet URL; OK derivative PDF","Verify OCR-derived face-page addenda before final source-note use: classification marking; face-page classification marking","https://therealjameswilson.github.io/Clinton-Russia-High-Level/public/documents/1996-12-05-telcon-42.pdf","https://www.clintonlibrary.gov/sites/default/files/finding_aids_a_z/2026-01/2015-0782-M-2.pdf","Source: William J. Clinton Presidential Library, Clinton Presidential Records, Records of the National Security Council Records Management Office (Clinton Administration), NAID 7388808, Presidential Records Series (PRS) Files, NAID 7585721, NSC Records Management, [Yeltsin and Telcons], Folder Title/Record ID 9607896, Mandatory Declassification Review 2015-0782-M-2, Declassified documents concerning Russian President Boris Yeltsin."
"51","1997-02-27","Telcon","counted","Face-page/source-note review","Clinton Library MDR","Telephone call with President Boris Yeltsin of Russia, February 27, 1997, White House","3","87-89","288-291","82","true","true","true","true","true","","","1604","9701361","2015-0782-M-2","","","","","","2015-0782-M-2","7388808; 7585721","Needs source-note review","classification marking; classified-by line not parsed","Review fields","classification marking","Conversation with Russian President Boris Yeltsin","February 27, 1997, 11:51 a.m.-12:09 p.m. The Oval Office","Elaine Florio, Katherine O'Loughlin, Wylma Robinson, David Higgins, Ki Fort","Peter Afanasenko","","true","Source PDF pages 87-89. Source marker/provenance page 82. Compiler packet pages 288-291; actual conversation pages 288-290; provenance sheet page 291.","OK repository; OK Clinton Presidential Records; OK NSC RMO collection; OK parent NAID 7388808; OK PRS series NAID 7585721; OK MDR case; OK box/folder/document identifier; OK formal source-note draft excludes page maps; OK working provenance separated; OK source page map; OK source packet URL; OK derivative PDF","Verify OCR-derived face-page addenda before final source-note use: classification marking; classified-by line not parsed; face-page classification marking","https://therealjameswilson.github.io/Clinton-Russia-High-Level/public/documents/1997-02-27-telcon-43.pdf","https://www.clintonlibrary.gov/sites/default/files/finding_aids_a_z/2026-01/2015-0782-M-2.pdf","Source: William J. Clinton Presidential Library, Clinton Presidential Records, Records of the National Security Council Records Management Office (Clinton Administration), NAID 7388808, Presidential Records Series (PRS) Files, NAID 7585721, NSC Records Management, [Yeltsin and Telcons], OA/Box Number 1604, Folder Title/Record ID 9701361, Mandatory Declassification Review 2015-0782-M-2, Declassified documents concerning Russian President Boris Yeltsin."
"52","1997-03-21","Memcon","counted","Face-page/source-note review","Clinton Library MDR","Helsinki Morning Meeting with President Boris Yeltsin","11","105-115","292-303","97","true","true","true","true","true","","","1609","9702044","2015-0782-M-2","","","","","","2015-0782-M-2","7388808; 7585721","Needs source-note review","classified-by line not parsed","Parsed","","Morning Meeting with Russian President Yeltsin: NATO-Russia, START, ABM/TMD (Jt)","March 21, 1997, 9:50-11:55 a.m. The Finnish President's Residence, Helsinki","","","COMF1 DENT I7YE- 2044","true","Source PDF pages 105-115. Source marker/provenance page 97. Compiler packet pages 292-303; actual conversation pages 292-302; provenance sheet page 303.","OK repository; OK Clinton Presidential Records; OK NSC RMO collection; OK parent NAID 7388808; OK PRS series NAID 7585721; OK MDR case; OK box/folder/document identifier; OK formal source-note draft excludes page maps; OK working provenance separated; OK source page map; OK source packet URL; OK derivative PDF","Verify OCR-derived face-page addenda before final source-note use: classified-by line not parsed","https://therealjameswilson.github.io/Clinton-Russia-High-Level/public/documents/1997-03-21-memcon-helsinki-morning.pdf","https://www.clintonlibrary.gov/sites/default/files/finding_aids_a_z/2026-01/2015-0782-M-2.pdf","Source: William J. Clinton Presidential Library, Clinton Presidential Records, Records of the National Security Council Records Management Office (Clinton Administration), NAID 7388808, Presidential Records Series (PRS) Files, NAID 7585721, NSC Records Management, [Yeltsin and Telcons], OA/Box Number 1609, Folder Title/Record ID 9702044, Mandatory Declassification Review 2015-0782-M-2, Declassified documents concerning Russian President Boris Yeltsin."
"53","1997-03-21","Memcon","counted","Face-page/source-note review","Clinton Library MDR","Helsinki Working Lunch with President Boris Yeltsin","8","116-123","304-312","97","true","true","true","true","true","","","1609","9702044","2015-0782-M-2","","","","","","2015-0782-M-2","7388808; 7585721","Needs source-note review","classification marking; classified-by line not parsed","Review fields","classification marking","Working Lunch with Russian President Yeltsin: Economic Issues, Jackson-Vanik, Denver Summit, Space Station, Nagorno-Karabakh","March 21, 1997, 1:00-2:00 p.m. The Finnish President's Residence, Helsinki ■CONFIDENTIAh Reason: 1.5 (d) DECLASSIFIED Declassify On: X6 3/21/17 n: PER E.0.13526, lP- u>-3C-/CiC>S - KOE","","","","true","Source PDF pages 116-123. Source marker/provenance page 97. Compiler packet pages 304-312; actual conversation pages 304-311; provenance sheet page 312.","OK repository; OK Clinton Presidential Records; OK NSC RMO collection; OK parent NAID 7388808; OK PRS series NAID 7585721; OK MDR case; OK box/folder/document identifier; OK formal source-note draft excludes page maps; OK working provenance separated; OK source page map; OK source packet URL; OK derivative PDF","Verify OCR-derived face-page addenda before final source-note use: classification marking; classified-by line not parsed; face-page classification marking","https://therealjameswilson.github.io/Clinton-Russia-High-Level/public/documents/1997-03-21-memcon-helsinki-working-lunch.pdf","https://www.clintonlibrary.gov/sites/default/files/finding_aids_a_z/2026-01/2015-0782-M-2.pdf","Source: William J. Clinton Presidential Library, Clinton Presidential Records, Records of the National Security Council Records Management Office (Clinton Administration), NAID 7388808, Presidential Records Series (PRS) Files, NAID 7585721, NSC Records Management, [Yeltsin and Telcons], OA/Box Number 1609, Folder Title/Record ID 9702044, Mandatory Declassification Review 2015-0782-M-2, Declassified documents concerning Russian President Boris Yeltsin."
"54","1997-03-21","Memcon","counted","Face-page/source-note review","Clinton Library MDR","Helsinki Afternoon Meeting with President Boris Yeltsin","4","124-127","313-317","97","true","true","true","true","true","","","1609","9702044","2015-0782-M-2","","","","","","2015-0782-M-2","7388808; 7585721","Needs source-note review","classified-by line not parsed","Parsed","","Afternoon Meeting with Russian President Yeltsin: Joint Statements, Public Line on NATO-Russia (jjf","March 21, 1997, 4:00-4:50 p.m. The Finnish President's Residence, Helsinki","","","CONFIDENTIAL 2044","true","Source PDF pages 124-127. Source marker/provenance page 97. Compiler packet pages 313-317; actual conversation pages 313-316; provenance sheet page 317.","OK repository; OK Clinton Presidential Records; OK NSC RMO collection; OK parent NAID 7388808; OK PRS series NAID 7585721; OK MDR case; OK box/folder/document identifier; OK formal source-note draft excludes page maps; OK working provenance separated; OK source page map; OK source packet URL; OK derivative PDF","Verify OCR-derived face-page addenda before final source-note use: classified-by line not parsed","https://therealjameswilson.github.io/Clinton-Russia-High-Level/public/documents/1997-03-21-memcon-helsinki-afternoon.pdf","https://www.clintonlibrary.gov/sites/default/files/finding_aids_a_z/2026-01/2015-0782-M-2.pdf","Source: William J. Clinton Presidential Library, Clinton Presidential Records, Records of the National Security Council Records Management Office (Clinton Administration), NAID 7388808, Presidential Records Series (PRS) Files, NAID 7585721, NSC Records Management, [Yeltsin and Telcons], OA/Box Number 1609, Folder Title/Record ID 9702044, Mandatory Declassification Review 2015-0782-M-2, Declassified documents concerning Russian President Boris Yeltsin."
"55","1997-03-21","Memcon","counted","Face-page/source-note review","Clinton Library MDR","Helsinki Private Dinner with President Boris Yeltsin","6","128-133","318-324","97","true","true","true","true","true","","","1609","9702044","2015-0782-M-2","","","","","","2015-0782-M-2","7388808; 7585721","Needs source-note review","classified-by line not parsed","Parsed","","Private Dinner with Russian President Yeltsin: Middle East, China, Iran, Nuclear Control (;2T","March 21, 1997, 8:15-9:30 p.m. Finnish Official Guest Residence, Helsinki","","","CONFIDENTIAL'","true","Source PDF pages 128-133. Source marker/provenance page 97. Compiler packet pages 318-324; actual conversation pages 318-323; provenance sheet page 324.","OK repository; OK Clinton Presidential Records; OK NSC RMO collection; OK parent NAID 7388808; OK PRS series NAID 7585721; OK MDR case; OK box/folder/document identifier; OK formal source-note draft excludes page maps; OK working provenance separated; OK source page map; OK source packet URL; OK derivative PDF","Verify OCR-derived face-page addenda before final source-note use: classified-by line not parsed","https://therealjameswilson.github.io/Clinton-Russia-High-Level/public/documents/1997-03-21-memcon-helsinki-private-dinner.pdf","https://www.clintonlibrary.gov/sites/default/files/finding_aids_a_z/2026-01/2015-0782-M-2.pdf","Source: William J. Clinton Presidential Library, Clinton Presidential Records, Records of the National Security Council Records Management Office (Clinton Administration), NAID 7388808, Presidential Records Series (PRS) Files, NAID 7585721, NSC Records Management, [Yeltsin and Telcons], OA/Box Number 1609, Folder Title/Record ID 9702044, Mandatory Declassification Review 2015-0782-M-2, Declassified documents concerning Russian President Boris Yeltsin."
"56","1997-05-27","Memcon","counted","Face-page/source-note review","Clinton Library MDR","Meeting with President Boris Yeltsin of Russia, May 27, 1997, Paris, France","8","143-150","325-333","137","true","true","true","true","true","","","1623","9703720","2015-0782-M-2","","","","","","2015-0782-M-2","7388808; 7585721","Needs source-note review","classified-by line not parsed","Parsed","","Meeting with Russian President Yeltsin: NATQ-Russi.a, Arms Control, Economics, Denver Summit of the Eight, Afghanistan, Iran","May 27, 1997, 5:00-5:55 p.m. The American Ambassador's Residence, Paris","Assistant to the President for National Security Affairs Strobe Talbott, Deputy Secretary of State Steve Pifer, NSC staff","","CONFIDENTIAL DECIASSIFIED IN PART","true","Source PDF pages 143-150. Source marker/provenance page 137. Compiler packet pages 325-333; actual conversation pages 325-332; provenance sheet page 333.","OK repository; OK Clinton Presidential Records; OK NSC RMO collection; OK parent NAID 7388808; OK PRS series NAID 7585721; OK MDR case; OK box/folder/document identifier; OK formal source-note draft excludes page maps; OK working provenance separated; OK source page map; OK source packet URL; OK derivative PDF","Verify OCR-derived face-page addenda before final source-note use: classified-by line not parsed","https://therealjameswilson.github.io/Clinton-Russia-High-Level/public/documents/1997-05-27-memcon-45.pdf","https://www.clintonlibrary.gov/sites/default/files/finding_aids_a_z/2026-01/2015-0782-M-2.pdf","Source: William J. Clinton Presidential Library, Clinton Presidential Records, Records of the National Security Council Records Management Office (Clinton Administration), NAID 7388808, Presidential Records Series (PRS) Files, NAID 7585721, NSC Records Management, [Yeltsin and Telcons], OA/Box Number 1623, Folder Title/Record ID 9703720, Mandatory Declassification Review 2015-0782-M-2, Declassified documents concerning Russian President Boris Yeltsin."
"57","1997-06-20","Memcon","counted","Face-page/source-note review","Clinton Library MDR","Meeting with President Boris Yeltsin of Russia, June 20, 1997, Denver, Colorado","8","165-172","334-342","158","true","true","true","true","true","","","1629","9704607","2015-0782-M-2","","","","","","2015-0782-M-2","7388808; 7585721","Needs source-note review","classification marking","Review fields","classification marking","Meeting with Russian President Yeltsin: European Security and Madrid, Arms Control, Economics, Iraq, Russian-Iran Missile Cooperation, Japanese-Russian Relations [yf","June 20, 1997, 1:05-2:05 p.m. The Gold Room, The Brown Palace, Denver (The meeting opened with ten minutes of press pool sprays.) ■SECR-S-I^ Classified by: Glyn T. Davies DECLASSIFIED Reason: 1.5 (d) PER E.0.13526 lP- cOJty^DoS -IW-I Declassify on: X6 6/20/17 o5f'Xh/'i£>\l»","Ambassador for the NIS Steve Pifer, Senior Director, NSC","","","true","Source PDF pages 165-172. Source marker/provenance page 158. Compiler packet pages 334-342; actual conversation pages 334-341; provenance sheet page 342.","OK repository; OK Clinton Presidential Records; OK NSC RMO collection; OK parent NAID 7388808; OK PRS series NAID 7585721; OK MDR case; OK box/folder/document identifier; OK formal source-note draft excludes page maps; OK working provenance separated; OK source page map; OK source packet URL; OK derivative PDF","Verify OCR-derived face-page addenda before final source-note use: classification marking; face-page classification marking","https://therealjameswilson.github.io/Clinton-Russia-High-Level/public/documents/1997-06-20-memcon-46.pdf","https://www.clintonlibrary.gov/sites/default/files/finding_aids_a_z/2026-01/2015-0782-M-2.pdf","Source: William J. Clinton Presidential Library, Clinton Presidential Records, Records of the National Security Council Records Management Office (Clinton Administration), NAID 7388808, Presidential Records Series (PRS) Files, NAID 7585721, NSC Records Management, [Yeltsin and Telcons], OA/Box Number 1629, Folder Title/Record ID 9704607, Mandatory Declassification Review 2015-0782-M-2, Declassified documents concerning Russian President Boris Yeltsin."
"58","1997-10-30","Telcon","counted","Face-page/source-note review","Clinton Library MDR","Telephone call with President Boris Yeltsin of Russia, October 30, 1997, White House","6","183-188","343-349","177","true","true","true","true","true","","","1651","9707450","2015-0782-M-2","","","","","","2015-0782-M-2","7388808; 7585721","Needs source-note review","classification marking","Review fields","classification marking","Telephone Conversation with Russian President Yeltsin","October 30, 1997, 12:52 - 1:21 p.m. EST The Oval Office","Pete Huggins, Jim Smith, Doug Mueller, Bonnie Click Tony Campanella, Ki Fort","Dimitry Zarechnak","","true","Source PDF pages 183-188. Source marker/provenance page 177. Compiler packet pages 343-349; actual conversation pages 343-348; provenance sheet page 349.","OK repository; OK Clinton Presidential Records; OK NSC RMO collection; OK parent NAID 7388808; OK PRS series NAID 7585721; OK MDR case; OK box/folder/document identifier; OK formal source-note draft excludes page maps; OK working provenance separated; OK source page map; OK source packet URL; OK derivative PDF","Verify OCR-derived face-page addenda before final source-note use: classification marking; face-page classification marking","https://therealjameswilson.github.io/Clinton-Russia-High-Level/public/documents/1997-10-30-telcon-47.pdf","https://www.clintonlibrary.gov/sites/default/files/finding_aids_a_z/2026-01/2015-0782-M-2.pdf","Source: William J. Clinton Presidential Library, Clinton Presidential Records, Records of the National Security Council Records Management Office (Clinton Administration), NAID 7388808, Presidential Records Series (PRS) Files, NAID 7585721, OA/Box Number 1651, Folder Title/Record ID 9707450, Mandatory Declassification Review 2015-0782-M-2, Declassified documents concerning Russian President Boris Yeltsin."
"59","1997-11-16","Telcon","counted","Face-page/source-note review","Clinton Library MDR","Telephone call with President Boris Yeltsin of Russia, November 16, 1997, Malibu, California","3","206-208","350-353","200","true","true","true","true","true","","","1654","9707804","2015-0782-M-2","","","","","","2015-0782-M-2","7388808; 7585721","Needs source-note review","classification marking","Review fields","classification marking","Telephone Conversation Com with Russian President Yeltsin (/)","November 16, 1997, 2:04 - 2:15 a.m. EST Malibu, California","David Higgins, Mariann Papadimitriou, Larry Wright, James Smith, Pat O'Shaughnessy, Ki Fort","Dimitry Zarechnak","","true","Source PDF pages 206-208. Source marker/provenance page 200. Compiler packet pages 350-353; actual conversation pages 350-352; provenance sheet page 353.","OK repository; OK Clinton Presidential Records; OK NSC RMO collection; OK parent NAID 7388808; OK PRS series NAID 7585721; OK MDR case; OK box/folder/document identifier; OK formal source-note draft excludes page maps; OK working provenance separated; OK source page map; OK source packet URL; OK derivative PDF","Verify OCR-derived face-page addenda before final source-note use: classification marking; face-page classification marking","https://therealjameswilson.github.io/Clinton-Russia-High-Level/public/documents/1997-11-16-telcon-48.pdf","https://www.clintonlibrary.gov/sites/default/files/finding_aids_a_z/2026-01/2015-0782-M-2.pdf","Source: William J. Clinton Presidential Library, Clinton Presidential Records, Records of the National Security Council Records Management Office (Clinton Administration), NAID 7388808, Presidential Records Series (PRS) Files, NAID 7585721, NSC Records Management, [Yeltsin and Telcons], OA/Box Number 1654, Folder Title/Record ID 9707804, Mandatory Declassification Review 2015-0782-M-2, Declassified documents concerning Russian President Boris Yeltsin."
"60","1997-11-22","Telcon","counted","Face-page/source-note review","Clinton Library MDR","Telephone call with President Boris Yeltsin of Russia, November 22, 1997, White House","6","218-223","354-360","213","true","true","true","true","true","","","1655","9707985","2015-0782-M-2","","","","","","2015-0782-M-2","7388808; 7585721","Needs source-note review","classification marking","Review fields","classification marking","Telephone Conversation with Russian President Yeltsin (jd","November 22, 1997, 9:00 - 9:43 a.m. EST TU^D PLACE: Oval Office","Lyle Harrison, Jeff Rathke, Cindy Lawrence, Ki Fort","Dimitry Zarechnak","","true","Source PDF pages 218-223. Source marker/provenance page 213. Compiler packet pages 354-360; actual conversation pages 354-359; provenance sheet page 360.","OK repository; OK Clinton Presidential Records; OK NSC RMO collection; OK parent NAID 7388808; OK PRS series NAID 7585721; OK MDR case; OK box/folder/document identifier; OK formal source-note draft excludes page maps; OK working provenance separated; OK source page map; OK source packet URL; OK derivative PDF","Verify OCR-derived face-page addenda before final source-note use: classification marking; face-page classification marking","https://therealjameswilson.github.io/Clinton-Russia-High-Level/public/documents/1997-11-22-telcon-49.pdf","https://www.clintonlibrary.gov/sites/default/files/finding_aids_a_z/2026-01/2015-0782-M-2.pdf","Source: William J. Clinton Presidential Library, Clinton Presidential Records, Records of the National Security Council Records Management Office (Clinton Administration), NAID 7388808, Presidential Records Series (PRS) Files, NAID 7585721, NSC Records Management, [Yeltsin and Telcons], OA/Box Number 1655, Folder Title/Record ID 9707985, Mandatory Declassification Review 2015-0782-M-2, Declassified documents concerning Russian President Boris Yeltsin."
"61","1998-02-02","Telcon","counted","Face-page/source-note review","Clinton Library MDR","Telephone call with President Boris Yeltsin of Russia, February 2, 1998, White House","4","236-239","361-365","229","true","true","true","true","true","9800756","2014","","","2015-0782-M-2","","","","","","2015-0782-M-2","7388808; 7585721","Needs source-note review","classification marking","Review fields","classification marking","Telephone Conversation with Russian President Boris Yeltsin","February 2, 1998, 9:31-9:51 a.m. EST The White House","Jim Smith, Pat O'Shaughnessy, Jeff Rathke, Cindy Lawrence, Ki Fort, Bill Courtney","Dimitri Zarechnak","","true","Source PDF pages 236-239. Source marker/provenance page 229. Compiler packet pages 361-365; actual conversation pages 361-364; provenance sheet page 365.","OK repository; OK Clinton Presidential Records; OK NSC RMO collection; OK parent NAID 7388808; OK PRS series NAID 7585721; OK MDR case; OK box/folder/document identifier; OK formal source-note draft excludes page maps; OK working provenance separated; OK source page map; OK source packet URL; OK derivative PDF","Verify OCR-derived face-page addenda before final source-note use: classification marking; face-page classification marking","https://therealjameswilson.github.io/Clinton-Russia-High-Level/public/documents/1998-02-02-telcon-50.pdf","https://www.clintonlibrary.gov/sites/default/files/finding_aids_a_z/2026-01/2015-0782-M-2.pdf","Source: William J. Clinton Presidential Library, Clinton Presidential Records, Records of the National Security Council Records Management Office (Clinton Administration), NAID 7388808, Presidential Records Series (PRS) Files, NAID 7585721, Document ID 9800756, Original OA/ID 2014, Mandatory Declassification Review 2015-0782-M-2, Declassified documents concerning Russian President Boris Yeltsin."
"62","1998-02-23","Telcon","counted","Citation elements present","Clinton Library MDR","Telephone call with President Boris Yeltsin of Russia, February 23, 1998, White House","4","253-256","366-370","247","true","true","true","true","true","","","2018","9801337","2015-0782-M-2","","","","","","2015-0782-M-2","7388808; 7585721","Parsed face-page fields available","","Parsed","","Telephone Conversation with Russian President Boris Yeltsin [J^]","February 23, 1998, 11:01 - 11:17 a.m. EST The White House","Pat O'Shaughnessy, Tom Corwell, Bonnie Click, Jeff Rathke, Jim Smith, Rexon Ryu, Ki Fort","Peter Afansenko","-CONFIDENTIAL '{eNHflBfll; 1337","true","Source PDF pages 253-256. Source marker/provenance page 247. Compiler packet pages 366-370; actual conversation pages 366-369; provenance sheet page 370.","OK repository; OK Clinton Presidential Records; OK NSC RMO collection; OK parent NAID 7388808; OK PRS series NAID 7585721; OK MDR case; OK box/folder/document identifier; OK formal source-note draft excludes page maps; OK working provenance separated; OK source page map; OK source packet URL; OK derivative PDF","Citation elements are present; final FRUS style review still belongs with the compiler.","https://therealjameswilson.github.io/Clinton-Russia-High-Level/public/documents/1998-02-23-telcon-51.pdf","https://www.clintonlibrary.gov/sites/default/files/finding_aids_a_z/2026-01/2015-0782-M-2.pdf","Source: William J. Clinton Presidential Library, Clinton Presidential Records, Records of the National Security Council Records Management Office (Clinton Administration), NAID 7388808, Presidential Records Series (PRS) Files, NAID 7585721, NSC Records Management, [Yeltsin and Telcons], OA/Box Number 2018, Folder Title/Record ID 9801337, Mandatory Declassification Review 2015-0782-M-2, Declassified documents concerning Russian President Boris Yeltsin."
"63","1998-04-06","Telcon","counted","Citation elements present","Clinton Library MDR","Telephone call with President Boris Yeltsin of Russia, April 6, 1998, White House","5","274-278","371-376","260","true","true","true","true","true","","","2027","9802448","2015-0782-M-2","","","","","","2015-0782-M-2","7388808; 7585721","Parsed face-page fields available","","Parsed","","Telephone Conversation with Russian President Yeltsin (","April 6, 1998, 10:01-10:28 EDT Oval Office","Larry Wright, Bob Ford, Anthony Campanella, George Chastain, James Smith","(.Peter Afanasenko","-SECRET^ DECLASSIFIED","true","Source PDF pages 274-278. Source marker/provenance page 260. Compiler packet pages 371-376; actual conversation pages 371-375; provenance sheet page 376.","OK repository; OK Clinton Presidential Records; OK NSC RMO collection; OK parent NAID 7388808; OK PRS series NAID 7585721; OK MDR case; OK box/folder/document identifier; OK formal source-note draft excludes page maps; OK working provenance separated; OK source page map; OK source packet URL; OK derivative PDF","Citation elements are present; final FRUS style review still belongs with the compiler.","https://therealjameswilson.github.io/Clinton-Russia-High-Level/public/documents/1998-04-06-telcon-52.pdf","https://www.clintonlibrary.gov/sites/default/files/finding_aids_a_z/2026-01/2015-0782-M-2.pdf","Source: William J. Clinton Presidential Library, Clinton Presidential Records, Records of the National Security Council Records Management Office (Clinton Administration), NAID 7388808, Presidential Records Series (PRS) Files, NAID 7585721, NSC Records Management, [Yeltsin and Telcons], OA/Box Number 2027, Folder Title/Record ID 9802448, Mandatory Declassification Review 2015-0782-M-2, Declassified documents concerning Russian President Boris Yeltsin."
"64","1998-05-12","Telcon","counted","Face-page/source-note review","Clinton Library MDR","Telephone call with President Boris Yeltsin of Russia, May 12, 1998, White House","5","286-290","377-382","280","true","true","true","true","true","","","2036","9803457","2015-0782-M-2","","","","","","2015-0782-M-2","7388808; 7585721","Needs source-note review","classification marking","Review fields","classification marking","Telephone Conversation with Russian President Boris Yeltsin","May 12, 1998, 11:01 - 11:27 EDT Oval Office","Larry Wright, Tom Crowell, Bonnie Click, James Smith, Sean Rice, Ki Fort, Jon Elkind","Dimitry Zarechnak","","true","Source PDF pages 286-290. Source marker/provenance page 280. Compiler packet pages 377-382; actual conversation pages 377-381; provenance sheet page 382.","OK repository; OK Clinton Presidential Records; OK NSC RMO collection; OK parent NAID 7388808; OK PRS series NAID 7585721; OK MDR case; OK box/folder/document identifier; OK formal source-note draft excludes page maps; OK working provenance separated; OK source page map; OK source packet URL; OK derivative PDF","Verify OCR-derived face-page addenda before final source-note use: classification marking; face-page classification marking","https://therealjameswilson.github.io/Clinton-Russia-High-Level/public/documents/1998-05-12-telcon-53.pdf","https://www.clintonlibrary.gov/sites/default/files/finding_aids_a_z/2026-01/2015-0782-M-2.pdf","Source: William J. Clinton Presidential Library, Clinton Presidential Records, Records of the National Security Council Records Management Office (Clinton Administration), NAID 7388808, Presidential Records Series (PRS) Files, NAID 7585721, OA/Box Number 2036, Folder Title/Record ID 9803457, Mandatory Declassification Review 2015-0782-M-2, Declassified documents concerning Russian President Boris Yeltsin."
"65","1998-05-17","Memcon","counted","Face-page/source-note review","Clinton Library MDR","Meeting with President Boris Yeltsin of Russia, May 17, 1998, Birmingham, England","8","312-319","383-391","311","true","true","true","true","true","9803752","2039","","","2014-0999-M","","","","","","2014-0999-M","7388808; 7585721","Needs source-note review","classification marking","Review fields","classification marking","President Boris Yeltsin of Russia","May 17, 1998 — 11:47 a.m. - 12:33 p.m. Birmingham, England","","","","true","Source PDF pages 312-319. Source marker/provenance page 311. Compiler packet pages 383-391; actual conversation pages 383-390; provenance sheet page 391.","OK repository; OK Clinton Presidential Records; OK NSC RMO collection; OK parent NAID 7388808; OK PRS series NAID 7585721; OK MDR case; OK box/folder/document identifier; OK formal source-note draft excludes page maps; OK working provenance separated; OK source page map; OK source packet URL; OK derivative PDF","Verify OCR-derived face-page addenda before final source-note use: classification marking; face-page classification marking","https://therealjameswilson.github.io/Clinton-Russia-High-Level/public/documents/1998-05-17-memcon-54.pdf","https://www.clintonlibrary.gov/sites/default/files/finding_aids_a_z/2026-01/2015-0782-M-2.pdf","Source: William J. Clinton Presidential Library, Clinton Presidential Records, Records of the National Security Council Records Management Office (Clinton Administration), NAID 7388808, Presidential Records Series (PRS) Files, NAID 7585721, Document ID 9803752, Original OA/ID 2039, Mandatory Declassification Review 2014-0999-M, Declassified documents concerning Russian President Boris Yeltsin."
"66","1998-05-21","Telcon","counted","Face-page/source-note review","Clinton Library MDR","Telephone call with President Boris Yeltsin of Russia, May 21, 1998, White House","3","301-303","392-395","295","true","true","true","true","true","","","2038","9803714","2015-0782-M-2","","","","","","2015-0782-M-2","7388808; 7585721","Needs source-note review","classification marking","Review fields","classification marking","Telephone Conversation with Russian President Boris Yeltsin ^","May 21, 1998, 10:41-1052 a.m. EDT, Oval Office","Larry Wright, Bonnie Click, James Smith, Peter Huggins, Jenny McGee, Pat 0'Shaughnessy, Ki Fort","Peter Afanasenko","","true","Source PDF pages 301-303. Source marker/provenance page 295. Compiler packet pages 392-395; actual conversation pages 392-394; provenance sheet page 395.","OK repository; OK Clinton Presidential Records; OK NSC RMO collection; OK parent NAID 7388808; OK PRS series NAID 7585721; OK MDR case; OK box/folder/document identifier; OK formal source-note draft excludes page maps; OK working provenance separated; OK source page map; OK source packet URL; OK derivative PDF","Verify OCR-derived face-page addenda before final source-note use: classification marking; face-page classification marking","https://therealjameswilson.github.io/Clinton-Russia-High-Level/public/documents/1998-05-21-telcon-55.pdf","https://www.clintonlibrary.gov/sites/default/files/finding_aids_a_z/2026-01/2015-0782-M-2.pdf","Source: William J. Clinton Presidential Library, Clinton Presidential Records, Records of the National Security Council Records Management Office (Clinton Administration), NAID 7388808, Presidential Records Series (PRS) Files, NAID 7585721, NSC Records Management, [Yeltsin and Telcons], OA/Box Number 2038, Folder Title/Record ID 9803714, Mandatory Declassification Review 2015-0782-M-2, Declassified documents concerning Russian President Boris Yeltsin."
"67","1998-05-28","Telcon","counted","Face-page/source-note review","Clinton Library MDR","Telephone call with President Boris Yeltsin of Russia, May 28, 1998, White House","4","329-332","396-400","322","true","true","true","true","true","","","2039","9803875","2015-0782-M-2","","","","","","2015-0782-M-2","7388808; 7585721","Needs source-note review","classification marking","Review fields","classification marking","Telephone Conversation with Russian President Boris Yeltsin","May 28, 1998, 11:53 a.m. - 12:14 p.m. EDT, Oval Office","Cindy Lawrence","Kyrill Borissow","","true","Source PDF pages 329-332. Source marker/provenance page 322. Compiler packet pages 396-400; actual conversation pages 396-399; provenance sheet page 400.","OK repository; OK Clinton Presidential Records; OK NSC RMO collection; OK parent NAID 7388808; OK PRS series NAID 7585721; OK MDR case; OK box/folder/document identifier; OK formal source-note draft excludes page maps; OK working provenance separated; OK source page map; OK source packet URL; OK derivative PDF","Verify OCR-derived face-page addenda before final source-note use: classification marking; face-page classification marking","https://therealjameswilson.github.io/Clinton-Russia-High-Level/public/documents/1998-05-28-telcon-56.pdf","https://www.clintonlibrary.gov/sites/default/files/finding_aids_a_z/2026-01/2015-0782-M-2.pdf","Source: William J. Clinton Presidential Library, Clinton Presidential Records, Records of the National Security Council Records Management Office (Clinton Administration), NAID 7388808, Presidential Records Series (PRS) Files, NAID 7585721, NSC Records Management, [Yeltsin and Telcons], OA/Box Number 2039, Folder Title/Record ID 9803875, Mandatory Declassification Review 2015-0782-M-2, Declassified documents concerning Russian President Boris Yeltsin."
"68","1998-06-15","Telcon","counted","Face-page/source-note review","Clinton Library MDR","Telephone call with President Boris Yeltsin of Russia, June 15, 1998, White House","5","342-346","401-406","336","true","true","true","true","true","","","2045","9804474","2015-0782-M-2","","","","","","2015-0782-M-2","7388808; 7585721","Needs source-note review","classification marking","Review fields","classification marking","Telephone Conversation with Russian President Boris Yeltsin","June 15, 1998, 1:21 p.m, - 1:57 p.m. EDT, Oval Office","Bob Ford, Cindy Lawrence, Andrew Weiss","Kyrill Borissow","","true","Source PDF pages 342-346. Source marker/provenance page 336. Compiler packet pages 401-406; actual conversation pages 401-405; provenance sheet page 406.","OK repository; OK Clinton Presidential Records; OK NSC RMO collection; OK parent NAID 7388808; OK PRS series NAID 7585721; OK MDR case; OK box/folder/document identifier; OK formal source-note draft excludes page maps; OK working provenance separated; OK source page map; OK source packet URL; OK derivative PDF","Verify OCR-derived face-page addenda before final source-note use: classification marking; face-page classification marking","https://therealjameswilson.github.io/Clinton-Russia-High-Level/public/documents/1998-06-15-telcon-57.pdf","https://www.clintonlibrary.gov/sites/default/files/finding_aids_a_z/2026-01/2015-0782-M-2.pdf","Source: William J. Clinton Presidential Library, Clinton Presidential Records, Records of the National Security Council Records Management Office (Clinton Administration), NAID 7388808, Presidential Records Series (PRS) Files, NAID 7585721, NSC Records Management, [Yeltsin and Telcons], OA/Box Number 2045, Folder Title/Record ID 9804474, Mandatory Declassification Review 2015-0782-M-2, Declassified documents concerning Russian President Boris Yeltsin."
"69","1998-06-16","Telcon","counted","Face-page/source-note review","Clinton Library MDR","Telephone call with President Boris Yeltsin of Russia, June 16, 1998, White House","2","359-360","407-409","352","true","true","true","true","true","9804476","2045","","","2015-0782-M-2","","","","","","2015-0782-M-2","7388808; 7585721","Needs source-note review","classification marking","Review fields","classification marking","Telephone Conversation wit^ Russian President Boris Yeltsin","June 16, 1998, 10:50 a.m - 10:58 a.m. EDT, Oval Office","Tom Crowell, Nick Dowling, Bonnie Click, Joel Schrader, James Smith, Andrew Weiss","Dimitry Zarechnak","","true","Source PDF pages 359-360. Source marker/provenance page 352. Compiler packet pages 407-409; actual conversation pages 407-408; provenance sheet page 409.","OK repository; OK Clinton Presidential Records; OK NSC RMO collection; OK parent NAID 7388808; OK PRS series NAID 7585721; OK MDR case; OK box/folder/document identifier; OK formal source-note draft excludes page maps; OK working provenance separated; OK source page map; OK source packet URL; OK derivative PDF","Verify OCR-derived face-page addenda before final source-note use: classification marking; face-page classification marking","https://therealjameswilson.github.io/Clinton-Russia-High-Level/public/documents/1998-06-16-telcon-59.pdf","https://www.clintonlibrary.gov/sites/default/files/finding_aids_a_z/2026-01/2015-0782-M-2.pdf","Source: William J. Clinton Presidential Library, Clinton Presidential Records, Records of the National Security Council Records Management Office (Clinton Administration), NAID 7388808, Presidential Records Series (PRS) Files, NAID 7585721, Document ID 9804476, Original OA/ID 2045, Mandatory Declassification Review 2015-0782-M-2, Declassified documents concerning Russian President Boris Yeltsin."
"70","1998-07-10","Telcon","counted","Face-page/source-note review","Clinton Library MDR","Telephone call with President Boris Yeltsin of Russia, July 10, 1998, White House","4","371-374","410-414","365","true","true","true","true","true","","","2048","9804971","2015-0782-M-2","","","","","","2015-0782-M-2","7388808; 7585721","Needs source-note review","classification marking","Review fields","classification marking","Telephone Conversation with Russian President Boris Yeltsin","July 10, 1998, 1:19 p.m. - 1:38 p.m. EDT, Oval Office","Jim Smith, Jeff Rathke, Lyle Harrison, Doug Baylel, Andrew Weiss","Dimitry Zarechnak","","true","Source PDF pages 371-374. Source marker/provenance page 365. Compiler packet pages 410-414; actual conversation pages 410-413; provenance sheet page 414.","OK repository; OK Clinton Presidential Records; OK NSC RMO collection; OK parent NAID 7388808; OK PRS series NAID 7585721; OK MDR case; OK box/folder/document identifier; OK formal source-note draft excludes page maps; OK working provenance separated; OK source page map; OK source packet URL; OK derivative PDF","Verify OCR-derived face-page addenda before final source-note use: classification marking; face-page classification marking","https://therealjameswilson.github.io/Clinton-Russia-High-Level/public/documents/1998-07-10-telcon-60.pdf","https://www.clintonlibrary.gov/sites/default/files/finding_aids_a_z/2026-01/2015-0782-M-2.pdf","Source: William J. Clinton Presidential Library, Clinton Presidential Records, Records of the National Security Council Records Management Office (Clinton Administration), NAID 7388808, Presidential Records Series (PRS) Files, NAID 7585721, NSC Records Management, [Yeltsin and Telcons], OA/Box Number 2048, Folder Title/Record ID 9804971, Mandatory Declassification Review 2015-0782-M-2, Declassified documents concerning Russian President Boris Yeltsin."
"71","1998-08-14","Telcon","counted","Face-page/source-note review","Clinton Library MDR","Telephone call with President Boris Yeltsin of Russia, August 14, 1998, White House","6","384-389","415-421","378","true","true","true","true","true","","","2055","9805782","2015-0782-M-2","","","","","","2015-0782-M-2","7388808; 7585721","Needs source-note review","classification marking","Review fields","classification marking","Telephone Conversation with Russian President Yeltsin {^)","August 14, 1998, 10:30 a.m.- 11:06 a.m. EDT, Oval Office","Cindy Lawrence, Sean Tarver, Frank Jarosinski, Robert Ford, Daniel Kunin, Andrew Weiss","Kyril Borissow","","true","Source PDF pages 384-389. Source marker/provenance page 378. Compiler packet pages 415-421; actual conversation pages 415-420; provenance sheet page 421.","OK repository; OK Clinton Presidential Records; OK NSC RMO collection; OK parent NAID 7388808; OK PRS series NAID 7585721; OK MDR case; OK box/folder/document identifier; OK formal source-note draft excludes page maps; OK working provenance separated; OK source page map; OK source packet URL; OK derivative PDF","Verify OCR-derived face-page addenda before final source-note use: classification marking; face-page classification marking","https://therealjameswilson.github.io/Clinton-Russia-High-Level/public/documents/1998-08-14-telcon-61.pdf","https://www.clintonlibrary.gov/sites/default/files/finding_aids_a_z/2026-01/2015-0782-M-2.pdf","Source: William J. Clinton Presidential Library, Clinton Presidential Records, Records of the National Security Council Records Management Office (Clinton Administration), NAID 7388808, Presidential Records Series (PRS) Files, NAID 7585721, NSC Records Management, [Yeltsin and Telcons], OA/Box Number 2055, Folder Title/Record ID 9805782, Mandatory Declassification Review 2015-0782-M-2, Declassified documents concerning Russian President Boris Yeltsin."
"72","1998-08-25","Telcon","counted","Face-page/source-note review","Clinton Library MDR","Telephone call with President Boris Yeltsin of Russia, August 25, 1998, Martha's Vineyard, Massachusetts","4","405-408","422-426","399","true","true","true","true","true","","","2056","9805956","2015-0782-M-2","","","","","","2015-0782-M-2","7388808; 7585721","Needs source-note review","classification marking; notetaker","Review fields","classification marking; notetaker","Telephone Conversation with Russian President Yeltsin 0Zl","August 25, 1998, 9:39 a.m. - 10:08 a.m. EDT Martha's Vineyard","","Dmitry Zarechnak Note Takers: Larry Wright, Matt Sibley, Jonathan Elkind, Andrew Weiss","","true","Source PDF pages 405-408. Source marker/provenance page 399. Compiler packet pages 422-426; actual conversation pages 422-425; provenance sheet page 426.","OK repository; OK Clinton Presidential Records; OK NSC RMO collection; OK parent NAID 7388808; OK PRS series NAID 7585721; OK MDR case; OK box/folder/document identifier; OK formal source-note draft excludes page maps; OK working provenance separated; OK source page map; OK source packet URL; OK derivative PDF","Verify OCR-derived face-page addenda before final source-note use: classification marking; notetaker; face-page classification marking; face-page notetaker","https://therealjameswilson.github.io/Clinton-Russia-High-Level/public/documents/1998-08-25-telcon-62.pdf","https://www.clintonlibrary.gov/sites/default/files/finding_aids_a_z/2026-01/2015-0782-M-2.pdf","Source: William J. Clinton Presidential Library, Clinton Presidential Records, Records of the National Security Council Records Management Office (Clinton Administration), NAID 7388808, Presidential Records Series (PRS) Files, NAID 7585721, NSC Records Management, [Yeltsin and Telcons], OA/Box Number 2056, Folder Title/Record ID 9805956, Mandatory Declassification Review 2015-0782-M-2, Declassified documents concerning Russian President Boris Yeltsin."
"73","1998-09-01","Memcon","pending","Pending source text","Pending source text","Meetings with President Boris Yeltsin of Russia, September 1-2, 1998, Moscow, Russia","","No released September 1-2, 1998 Moscow memcon pages located in 2015-0782-M-2","","","true","true","true","true","true","","","","","2015-0782-M-2","","","","","","2015-0782-M-2","7388808; 7585721","Pending source text","","Pending source text","","","","","","","true","","OK repository; OK Clinton Presidential Records; OK NSC RMO collection; OK parent NAID 7388808; OK PRS series NAID 7585721; OK MDR case; CHECK box/folder/document identifier; OK formal source-note draft excludes page maps; OK working provenance separated; OK source page map; OK source packet URL; OK derivative PDF","Do not finalize a source note until released conversation pages are found; preserve current lead and source-page problem.","","https://www.clintonlibrary.gov/sites/default/files/finding_aids_a_z/2026-01/2015-0782-M-2.pdf","Source: William J. Clinton Presidential Library, Clinton Presidential Records, Records of the National Security Council Records Management Office (Clinton Administration), NAID 7388808, Presidential Records Series (PRS) Files, NAID 7585721, Mandatory Declassification Review 2015-0782-M-2, Declassified documents concerning Russian President Boris Yeltsin."
"74","1998-09-12","Telcon","counted","Face-page/source-note review","Clinton Library MDR","Telephone call with President Boris Yeltsin of Russia, September 12, 1998, White House","4","422-425","427-431","415","true","true","true","true","true","","","2058","9806300","2015-0782-M-2","","","","","","2015-0782-M-2","7388808; 7585721","Needs source-note review","classification marking; declassify-on line not parsed","Review fields","classification marking","Telephone Conversation with Russian President Boris Yeltsin on September 12","September 12, 1998, 11:32 - 11:59 a.m. EDT; Oval Office","Bonnie Click, Liz Rogers, Cindy Lawrence, Matt Sibley, Joel Schrader","Dmitry Zarechnak","","true","Source PDF pages 422-425. Source marker/provenance page 415. Compiler packet pages 427-431; actual conversation pages 427-430; provenance sheet page 431.","OK repository; OK Clinton Presidential Records; OK NSC RMO collection; OK parent NAID 7388808; OK PRS series NAID 7585721; OK MDR case; OK box/folder/document identifier; OK formal source-note draft excludes page maps; OK working provenance separated; OK source page map; OK source packet URL; OK derivative PDF","Verify OCR-derived face-page addenda before final source-note use: classification marking; declassify-on line not parsed; face-page classification marking","https://therealjameswilson.github.io/Clinton-Russia-High-Level/public/documents/1998-09-12-telcon-64.pdf","https://www.clintonlibrary.gov/sites/default/files/finding_aids_a_z/2026-01/2015-0782-M-2.pdf","Source: William J. Clinton Presidential Library, Clinton Presidential Records, Records of the National Security Council Records Management Office (Clinton Administration), NAID 7388808, Presidential Records Series (PRS) Files, NAID 7585721, NSC Records Management, [Yeltsin and Telcons], OA/Box Number 2058, Folder Title/Record ID 9806300, Mandatory Declassification Review 2015-0782-M-2, Declassified documents concerning Russian President Boris Yeltsin."
"75","1998-10-05","Telcon","counted","Citation elements present","Clinton Digital Library item","Telephone call with President Boris Yeltsin of Russia, October 5, 1998, White House","3","3-5","432-434","","true","true","false","false","false","","","","","","","100503; 2016-0620-M","","","","2016-0620-M","","Parsed face-page fields available","","Parsed","","Telephone Conversation with Russian President Boris Yeltsin","October 5, 1998, 12:01 - 12:18 p.m. EDT, Oval Office","Tony Campariella, Liz Rogers, Robin Rickard, Joel Schrader, Chris Bell","Peter Afanasenko","CONFIDENTIAL- 6863","true","Source PDF pages 3-5. Compiler packet pages 432-434; actual conversation pages 432-434.","OK repository; OK Clinton Digital Library item; OK release/item identifier; OK collection or records stem; OK formal source-note draft excludes page maps; OK working provenance separated; OK source page map; OK source packet URL; OK derivative PDF","Citation elements are present; final FRUS style review still belongs with the compiler.","https://therealjameswilson.github.io/Clinton-Russia-High-Level/public/documents/1998-10-05-clinton-yeltsin-telcon-actual-pages.pdf","https://clinton.presidentiallibraries.us/files/original/dac856cd6bbd10b93c2eb815862bce44.pdf","Source: William J. Clinton Presidential Library, Clinton Presidential Records: NSC Cable, Email, and Records Management System, Clinton Digital Library item 100503, Clinton Digital Library item 2016-0620-M, Declassified Documents Concerning Russian President Boris Yeltsin."
"76","1998-12-30","Telcon","counted","Citation element verification","Clinton Digital Library item","Telephone call with President Boris Yeltsin of Russia, December 30, 1998, White House","5","1-5","435-439","","true","false","false","false","false","","","","","","","119190; clinton-item-119190","","","","","","Needs source-note review","classification marking; declassify-on line not parsed","Review fields","classification marking","Telephone Conversa~~ with Russian President Yeltsin~J","December 30, 1998, 10:00-10:33 a.m., Oval Of ce","David Higgins, Matt Sibley, Doug Bayley, Jim Smith","Dmitry Zarechnak","","true","Source PDF pages 1-5. Compiler packet pages 435-439; actual conversation pages 435-439.","OK repository; OK Clinton Digital Library item; CHECK release/item identifier; OK collection or records stem; OK formal source-note draft excludes page maps; OK working provenance separated; OK source page map; OK source packet URL; OK derivative PDF","Verify source-family citation elements before final source-note use: release/item identifier.","https://therealjameswilson.github.io/Clinton-Russia-High-Level/public/documents/1998-12-30-clinton-yeltsin-telcon-actual-pages.pdf","https://clinton.presidentiallibraries.us/files/original/1ec29c3214c0ccb6c6ed30fd7e5b06af.pdf","Source: William J. Clinton Presidential Library, Telcons - Memoranda of Telephone Conversation, Clinton Digital Library item 119190, Clinton Digital Library item clinton-item-119190, Memorandum of Telephone Conversation with Russian President Yeltsin."
"77","1999-02-08","Memcon","pending","Pending source text","Pending source text","Meeting with President Boris Yeltsin of Russia, February 8, 1999, Amman, Jordan","","No released February 8, 1999 Amman memcon pages located in 2015-0782-M-2","","","true","true","true","true","true","","","","","2015-0782-M-2","","","","","","2015-0782-M-2","7388808; 7585721","Pending source text","","Pending source text","","","","","","","true","","OK repository; OK Clinton Presidential Records; OK NSC RMO collection; OK parent NAID 7388808; OK PRS series NAID 7585721; OK MDR case; CHECK box/folder/document identifier; OK formal source-note draft excludes page maps; OK working provenance separated; OK source page map; OK source packet URL; OK derivative PDF","Do not finalize a source note until released conversation pages are found; preserve current lead and source-page problem.","","https://www.clintonlibrary.gov/sites/default/files/finding_aids_a_z/2026-01/2015-0782-M-2.pdf","Source: William J. Clinton Presidential Library, Clinton Presidential Records, Records of the National Security Council Records Management Office (Clinton Administration), NAID 7388808, Presidential Records Series (PRS) Files, NAID 7585721, Mandatory Declassification Review 2015-0782-M-2, Declassified documents concerning Russian President Boris Yeltsin."
"78","1999-03-24","Telcon","counted","Face-page/source-note review","Clinton Library MDR","Telephone call with President Boris Yeltsin of Russia, March 24, 1999, White House","5","432-436","440-445","431","true","true","true","true","true","9902107","2719","","","2014-0546-M","","","","","","2014-0546-M","7388808; 7585721","Needs source-note review","classification reason not parsed; declassify-on line not parsed","Parsed","","Telephone Conversation with Russian President Yeltsin","March 24, 1998, 9:20 - 9:56 a.m. Oval Office","Jenny McGee, Miles Murphy, Joel Schrader, James Smith, Andrew Weiss","Yuri Shkeyrov","-SECRET 2107","true","Source PDF pages 432-436. Source marker/provenance page 431. Compiler packet pages 440-445; actual conversation pages 440-444; provenance sheet page 445.","OK repository; OK Clinton Presidential Records; OK NSC RMO collection; OK parent NAID 7388808; OK PRS series NAID 7585721; OK MDR case; OK box/folder/document identifier; OK formal source-note draft excludes page maps; OK working provenance separated; OK source page map; OK source packet URL; OK derivative PDF","Verify OCR-derived face-page addenda before final source-note use: classification reason not parsed; declassify-on line not parsed","https://therealjameswilson.github.io/Clinton-Russia-High-Level/public/documents/1999-03-24-telcon-68.pdf","https://www.clintonlibrary.gov/sites/default/files/finding_aids_a_z/2026-01/2015-0782-M-2.pdf","Source: William J. Clinton Presidential Library, Clinton Presidential Records, Records of the National Security Council Records Management Office (Clinton Administration), NAID 7388808, Presidential Records Series (PRS) Files, NAID 7585721, Document ID 9902107, Original OA/ID 2719, Mandatory Declassification Review 2014-0546-M, Declassified documents concerning Russian President Boris Yeltsin and Kosovo."
"79","1999-04-19","Telcon","counted","Face-page/source-note review","Clinton Library MDR","Telephone call with President Boris Yeltsin of Russia, April 19, 1999, White House","6","438-443","446-452","437","true","true","true","true","true","9902901","2724","","","2015-0782-M-2","","","","","","2015-0782-M-2","7388808; 7585721","Needs source-note review","classification marking","Review fields","classification marking","Telephone Conversation with Russian President Yeltsin tsi","April 19, 1999, 9:30 - 10:13 a.m. EDT, Oval Office","Robert Ford, Michael T. Manning, Roger Merletti, Matt Sibley, Jim Smith, Andrew Weiss","Nikolai Sorokin","","true","Source PDF pages 438-443. Source marker/provenance page 437. Compiler packet pages 446-452; actual conversation pages 446-451; provenance sheet page 452.","OK repository; OK Clinton Presidential Records; OK NSC RMO collection; OK parent NAID 7388808; OK PRS series NAID 7585721; OK MDR case; OK box/folder/document identifier; OK formal source-note draft excludes page maps; OK working provenance separated; OK source page map; OK source packet URL; OK derivative PDF","Verify OCR-derived face-page addenda before final source-note use: classification marking; face-page classification marking","https://therealjameswilson.github.io/Clinton-Russia-High-Level/public/documents/1999-04-19-telcon-69.pdf","https://www.clintonlibrary.gov/sites/default/files/finding_aids_a_z/2026-01/2015-0782-M-2.pdf","Source: William J. Clinton Presidential Library, Clinton Presidential Records, Records of the National Security Council Records Management Office (Clinton Administration), NAID 7388808, Presidential Records Series (PRS) Files, NAID 7585721, Document ID 9902901, Original OA/ID 2724, Mandatory Declassification Review 2015-0782-M-2, Declassified documents concerning Russian President Boris Yeltsin."
"80","1999-04-25","Telcon","counted","Citation elements present","Clinton Library MDR","Telephone call with President Boris Yeltsin of Russia, April 25, 1999, Washington, D.C.","12","445-456","453-465","444","true","true","true","true","true","9903106","2725","","","2014-0546-M","","","","","","2014-0546-M","7388808; 7585721","Parsed face-page fields available","","Parsed","","Telephone Conversation with Russian President Yeltsin ^","April 25, 1999, 10:35 - 11:58 a.m. EDT, NATO Summit Trip Building","George Chastain, Doug Bailey, Frank Jarosinski, Joel Schrader, Andrew Weiss","Yuriy Shkeyrov,","■■SEGR.ETL","true","Source PDF pages 445-456. Source marker/provenance page 444. Compiler packet pages 453-465; actual conversation pages 453-464; provenance sheet page 465.","OK repository; OK Clinton Presidential Records; OK NSC RMO collection; OK parent NAID 7388808; OK PRS series NAID 7585721; OK MDR case; OK box/folder/document identifier; OK formal source-note draft excludes page maps; OK working provenance separated; OK source page map; OK source packet URL; OK derivative PDF","Citation elements are present; final FRUS style review still belongs with the compiler.","https://therealjameswilson.github.io/Clinton-Russia-High-Level/public/documents/1999-04-25-telcon-70.pdf","https://www.clintonlibrary.gov/sites/default/files/finding_aids_a_z/2026-01/2015-0782-M-2.pdf","Source: William J. Clinton Presidential Library, Clinton Presidential Records, Records of the National Security Council Records Management Office (Clinton Administration), NAID 7388808, Presidential Records Series (PRS) Files, NAID 7585721, Document ID 9903106, Original OA/ID 2725, Mandatory Declassification Review 2014-0546-M, Declassified documents concerning Russian President Boris Yeltsin and Kosovo."
"81","1999-05-02","Telcon","counted","Face-page/source-note review","Clinton Library MDR","Telephone call with President Boris Yeltsin of Russia, May 2, 1999, White House","4","470-473","466-470","469","true","true","true","true","true","9903364","2727","","","2014-0546-M","","","","","","2014-0546-M","7388808; 7585721","Needs source-note review","classification marking","Review fields","classification marking","Telephone Conversation with Russian President Yeltsin (X)","May 2, 1999, 10:18 - 10:31 a.m. EDT, Residence","Tony Campanella, Elizabeth Rogers, Michael Manning, Sean Tarver, Andrew Weiss","Peter Afanasenko","","true","Source PDF pages 470-473. Source marker/provenance page 469. Compiler packet pages 466-470; actual conversation pages 466-469; provenance sheet page 470.","OK repository; OK Clinton Presidential Records; OK NSC RMO collection; OK parent NAID 7388808; OK PRS series NAID 7585721; OK MDR case; OK box/folder/document identifier; OK formal source-note draft excludes page maps; OK working provenance separated; OK source page map; OK source packet URL; OK derivative PDF","Verify OCR-derived face-page addenda before final source-note use: classification marking; face-page classification marking","https://therealjameswilson.github.io/Clinton-Russia-High-Level/public/documents/1999-05-02-telcon-71.pdf","https://www.clintonlibrary.gov/sites/default/files/finding_aids_a_z/2026-01/2015-0782-M-2.pdf","Source: William J. Clinton Presidential Library, Clinton Presidential Records, Records of the National Security Council Records Management Office (Clinton Administration), NAID 7388808, Presidential Records Series (PRS) Files, NAID 7585721, Document ID 9903364, Original OA/ID 2727, Mandatory Declassification Review 2014-0546-M, Declassified documents concerning Russian President Boris Yeltsin and Kosovo."
"82","1999-06-07","Telcon","counted","Face-page/source-note review","Clinton Library MDR","Telephone call with President Boris Yeltsin of Russia, June 7, 1999, White House","2","479-480","471-473","478","true","true","true","true","true","9904358","2733","","","2014-0546-M","","","","","","2014-0546-M","7388808; 7585721","Needs source-note review","classification marking","Review fields","classification marking","Telcon with President Yeltsin of Russia (U)","7 June 1999, 11:07 - 11:14 a.m. EST, Oval Office","Robin Rickard, James Smith Michael Manning, Roger Merletti, Stuart Kaufman","Kyrill Borissow","","true","Source PDF pages 479-480. Source marker/provenance page 478. Compiler packet pages 471-473; actual conversation pages 471-472; provenance sheet page 473.","OK repository; OK Clinton Presidential Records; OK NSC RMO collection; OK parent NAID 7388808; OK PRS series NAID 7585721; OK MDR case; OK box/folder/document identifier; OK formal source-note draft excludes page maps; OK working provenance separated; OK source page map; OK source packet URL; OK derivative PDF","Verify OCR-derived face-page addenda before final source-note use: classification marking; face-page classification marking","https://therealjameswilson.github.io/Clinton-Russia-High-Level/public/documents/1999-06-07-telcon-72.pdf","https://www.clintonlibrary.gov/sites/default/files/finding_aids_a_z/2026-01/2015-0782-M-2.pdf","Source: William J. Clinton Presidential Library, Clinton Presidential Records, Records of the National Security Council Records Management Office (Clinton Administration), NAID 7388808, Presidential Records Series (PRS) Files, NAID 7585721, Document ID 9904358, Original OA/ID 2733, Mandatory Declassification Review 2014-0546-M, Declassified documents concerning Russian President Boris Yeltsin and Kosovo."
"83","1999-06-08","Telcon","counted","Citation elements present","Clinton Library MDR","Telephone call with President Boris Yeltsin of Russia, June 8, 1999, White House","3","482-484","474-477","481","true","true","true","true","true","9904397","2733","","","2014-0546-M","","","","","","2014-0546-M","7388808; 7585721","Parsed face-page fields available","","Parsed","","Telephone Conversation with President Yeltsin of Russia","June 8, 1999, 8:58 - 9:13 a.m., EST Oval Office","Bonnie Click, Sean Tarver, Roger Merletti, Don Cheramie","Nikolai Sorokin","SECRET","true","Source PDF pages 482-484. Source marker/provenance page 481. Compiler packet pages 474-477; actual conversation pages 474-476; provenance sheet page 477.","OK repository; OK Clinton Presidential Records; OK NSC RMO collection; OK parent NAID 7388808; OK PRS series NAID 7585721; OK MDR case; OK box/folder/document identifier; OK formal source-note draft excludes page maps; OK working provenance separated; OK source page map; OK source packet URL; OK derivative PDF","Citation elements are present; final FRUS style review still belongs with the compiler.","https://therealjameswilson.github.io/Clinton-Russia-High-Level/public/documents/1999-06-08-telcon-73.pdf","https://www.clintonlibrary.gov/sites/default/files/finding_aids_a_z/2026-01/2015-0782-M-2.pdf","Source: William J. Clinton Presidential Library, Clinton Presidential Records, Records of the National Security Council Records Management Office (Clinton Administration), NAID 7388808, Presidential Records Series (PRS) Files, NAID 7585721, Document ID 9904397, Original OA/ID 2733, Mandatory Declassification Review 2014-0546-M, Declassified documents concerning Russian President Boris Yeltsin and Kosovo."
"84","1999-06-10","Telcon","counted","Citation elements present","Clinton Library MDR","Telephone call with President Boris Yeltsin of Russia, June 10, 1999, White House","2","488-489","478-480","487","true","true","true","true","true","9904501","2734","","","2014-0546-M","","","","","","2014-0546-M","7388808; 7585721","Parsed face-page fields available","","Parsed","","Telcon with President Yeltsin of Russia • (U)","June 10, 1999, 10:40 - 10:50 a.m. EST Oval Office","George Chastain, Matt Sibley, Sean Tarver, Robert Ford, Roger Merletti, James Smith","Peter Afansenko","-CONFIDENTIAL 4501","true","Source PDF pages 488-489. Source marker/provenance page 487. Compiler packet pages 478-480; actual conversation pages 478-479; provenance sheet page 480.","OK repository; OK Clinton Presidential Records; OK NSC RMO collection; OK parent NAID 7388808; OK PRS series NAID 7585721; OK MDR case; OK box/folder/document identifier; OK formal source-note draft excludes page maps; OK working provenance separated; OK source page map; OK source packet URL; OK derivative PDF","Citation elements are present; final FRUS style review still belongs with the compiler.","https://therealjameswilson.github.io/Clinton-Russia-High-Level/public/documents/1999-06-10-telcon-74.pdf","https://www.clintonlibrary.gov/sites/default/files/finding_aids_a_z/2026-01/2015-0782-M-2.pdf","Source: William J. Clinton Presidential Library, Clinton Presidential Records, Records of the National Security Council Records Management Office (Clinton Administration), NAID 7388808, Presidential Records Series (PRS) Files, NAID 7585721, Document ID 9904501, Original OA/ID 2734, Mandatory Declassification Review 2014-0546-M, Declassified documents concerning Russian President Boris Yeltsin and Kosovo."
"85","1999-06-13","Telcon","counted","Face-page/source-note review","Clinton Library FOIA request","Telephone call with President Boris Yeltsin of Russia, June 13, 1999, White House","7","531-537","481-488","530","true","true","true","true","true","","","2739","9905271","","","","","","2006-1185-F","","7388808; 7585721","Needs source-note review","classified-by line not parsed","Parsed","","Telephone Conversation with Russian President Yeltsin","June 13, 1999, 9:07 - 10:05 a.m. Oval Office","Joel Schrader, Jenny McGee, Miles Murphy, and Doug Bayley","Nikolai Sorokin","■SECRET"" 5271","true","Source PDF pages 531-537. Source marker/provenance page 530. Compiler packet pages 481-488; actual conversation pages 481-487; provenance sheet page 488.","OK repository; OK Clinton Presidential Records; OK NSC RMO collection; OK parent NAID 7388808; OK PRS series NAID 7585721; OK FOIA request; OK box/folder identifier; OK formal source-note draft excludes page maps; OK working provenance separated; OK source page map; OK source packet URL; OK derivative PDF","Verify OCR-derived face-page addenda before final source-note use: classified-by line not parsed","https://therealjameswilson.github.io/Clinton-Russia-High-Level/public/documents/1999-06-13-telcon-75.pdf","https://www.clintonlibrary.gov/sites/default/files/finding_aids_a_z/2026-01/2015-0782-M-2.pdf","Source: William J. Clinton Presidential Library, Clinton Presidential Records, Records of the National Security Council Records Management Office (Clinton Administration), NAID 7388808, Presidential Records Series (PRS) Files, NAID 7585721, NSC Records Management, [Yeltsin], OA/Box Number 2739, Folder Title/Record ID 9905271, Freedom of Information Act request 2006-1185-F, Records on Telephone Calls between William J. Clinton and Boris Yeltsin, June 13 and 14, 1999."
"86","1999-06-14","Telcon","counted","Face-page/source-note review","Clinton Library FOIA request","Telephone call with President Boris Yeltsin of Russia, June 14, 1999, White House","4","521-524","489-493","519","true","true","true","true","true","","","2739","9905128","","","","","","2006-1185-F","","7388808; 7585721","Needs source-note review","classification marking; classified-by line not parsed","Review fields","classification marking","Telephone Conversation with Russian President Yeltsin i^)","June 14, 1999, 10:06 - 10:32 a.m. Oval Office","Joel Schrader, Miles Murphy, Matt Sibley, Joel Ehrendreich, Roger Merletti, Doug Bayley, and Andrew Weiss","Nikolai Sorokin","","true","Source PDF pages 521-524. Source marker/provenance page 519. Compiler packet pages 489-493; actual conversation pages 489-492; provenance sheet page 493.","OK repository; OK Clinton Presidential Records; OK NSC RMO collection; OK parent NAID 7388808; OK PRS series NAID 7585721; OK FOIA request; OK box/folder identifier; OK formal source-note draft excludes page maps; OK working provenance separated; OK source page map; OK source packet URL; OK derivative PDF","Verify OCR-derived face-page addenda before final source-note use: classification marking; classified-by line not parsed; face-page classification marking","https://therealjameswilson.github.io/Clinton-Russia-High-Level/public/documents/1999-06-14-telcon-76.pdf","https://www.clintonlibrary.gov/sites/default/files/finding_aids_a_z/2026-01/2015-0782-M-2.pdf","Source: William J. Clinton Presidential Library, Clinton Presidential Records, Records of the National Security Council Records Management Office (Clinton Administration), NAID 7388808, Presidential Records Series (PRS) Files, NAID 7585721, NSC Records Management, [Yeltsin], OA/Box Number 2739, Folder Title/Record ID 9905128, Freedom of Information Act request 2006-1185-F, Records on Telephone Calls between William J. Clinton and Boris Yeltsin, June 13 and 14, 1999."
"87","1999-06-20","Memcon","counted","Face-page/source-note review","Clinton Library MDR","Meeting with President Boris Yeltsin of Russia, June 20, 1999, Cologne, Germany","9","497-505","494-503","491","true","true","true","true","true","","","2736","9904842","2015-0782-M-2","","","","","","2015-0782-M-2","7388808; 7585721","Needs source-note review","classification marking","Review fields","classification marking","MEMORANDUM OF CONVERSATION","June 20, 1999, 1:00 - 2:00 p.m. Renaissance Hotel (Russians Host), Cologne, Germany","Carlos Pascual","Peter Afanasenko","","true","Source PDF pages 497-505. Source marker/provenance page 491. Compiler packet pages 494-503; actual conversation pages 494-502; provenance sheet page 503.","OK repository; OK Clinton Presidential Records; OK NSC RMO collection; OK parent NAID 7388808; OK PRS series NAID 7585721; OK MDR case; OK box/folder/document identifier; OK formal source-note draft excludes page maps; OK working provenance separated; OK source page map; OK source packet URL; OK derivative PDF","Verify OCR-derived face-page addenda before final source-note use: classification marking; face-page classification marking","https://therealjameswilson.github.io/Clinton-Russia-High-Level/public/documents/1999-06-20-memcon-77.pdf","https://www.clintonlibrary.gov/sites/default/files/finding_aids_a_z/2026-01/2015-0782-M-2.pdf","Source: William J. Clinton Presidential Library, Clinton Presidential Records, Records of the National Security Council Records Management Office (Clinton Administration), NAID 7388808, Presidential Records Series (PRS) Files, NAID 7585721, NSC Records Management, [Yeltsin and Telcons], OA/Box Number 2736, Folder Title/Record ID 9904842, Mandatory Declassification Review 2015-0782-M-2, Declassified documents concerning Russian President Boris Yeltsin."
"88","1999-09-08","Telcon","counted","Face-page/source-note review","Clinton Library MDR","Telephone call with President Boris Yeltsin of Russia, September 8, 1999, White House","5","548-552","504-509","541","true","true","true","true","true","","","2748","9906603","2015-0782-M-2","","","","","","2015-0782-M-2","7388808; 7585721","Needs source-note review","participants; notetaker; interpreter","Review fields","participants; notetaker; interpreter","Telephone Conversation with Russian President Yeltsin PARTICIP7\NTS The President President Yeltsin NOTETAKERS: Jenny McGee, Robert Ford, Michael T. Manning, Roger Merletti, Jim Smith, Andrew Weiss INTERPRETER: Kyrill Borissow","September 8, 1999, 11:42 a.m. - 12:21 p.m., OEOB","","","-SEGRE'^","true","Source PDF pages 548-552. Source marker/provenance page 541. Compiler packet pages 504-509; actual conversation pages 504-508; provenance sheet page 509.","OK repository; OK Clinton Presidential Records; OK NSC RMO collection; OK parent NAID 7388808; OK PRS series NAID 7585721; OK MDR case; OK box/folder/document identifier; OK formal source-note draft excludes page maps; OK working provenance separated; OK source page map; OK source packet URL; OK derivative PDF","Verify OCR-derived face-page addenda before final source-note use: participants; notetaker; interpreter; face-page participants; face-page notetaker; face-page interpreter","https://therealjameswilson.github.io/Clinton-Russia-High-Level/public/documents/1999-09-08-telcon-78.pdf","https://www.clintonlibrary.gov/sites/default/files/finding_aids_a_z/2026-01/2015-0782-M-2.pdf","Source: William J. Clinton Presidential Library, Clinton Presidential Records, Records of the National Security Council Records Management Office (Clinton Administration), NAID 7388808, Presidential Records Series (PRS) Files, NAID 7585721, NSC Records Management, [Yeltsin and Telcons], OA/Box Number 2748, Folder Title/Record ID 9906603, Mandatory Declassification Review 2015-0782-M-2, Declassified documents concerning Russian President Boris Yeltsin."
"89","1999-11-19","Memcon","counted","Face-page/source-note review","Clinton Library MDR","Meeting with President Boris Yeltsin of Russia, November 19, 1999, Istanbul, Turkey","7","560-566","510-517","559","true","true","true","true","true","9908997","2764","","","2014-0974-M","","","","","","2014-0974-M","7388808; 7585721","Needs source-note review","classification marking","Review fields","classification marking","Meeting with Russian President Yeltsin","DATE,. TIME November 19, 1999, 10:45 a.m.-ll:40 a.m.","Carlos Pascual DATE,. TIME November 19, 1999, 10:45 a.m.-ll:40 a.m.","Peter Afansenko","","true","Source PDF pages 560-566. Source marker/provenance page 559. Compiler packet pages 510-517; actual conversation pages 510-516; provenance sheet page 517.","OK repository; OK Clinton Presidential Records; OK NSC RMO collection; OK parent NAID 7388808; OK PRS series NAID 7585721; OK MDR case; OK box/folder/document identifier; OK formal source-note draft excludes page maps; OK working provenance separated; OK source page map; OK source packet URL; OK derivative PDF","Verify OCR-derived face-page addenda before final source-note use: classification marking; face-page classification marking","https://therealjameswilson.github.io/Clinton-Russia-High-Level/public/documents/1999-11-18-memcon-79.pdf","https://www.clintonlibrary.gov/sites/default/files/finding_aids_a_z/2026-01/2015-0782-M-2.pdf","Source: William J. Clinton Presidential Library, Clinton Presidential Records, Records of the National Security Council Records Management Office (Clinton Administration), NAID 7388808, Presidential Records Series (PRS) Files, NAID 7585721, Document ID 9908997, Original OA/ID 2764, Mandatory Declassification Review 2014-0974-M, Declassified documents concerning Russian President Boris Yeltsin."
"90","1999-12-31","Telcon","counted","Face-page/source-note review","Clinton Library MDR","Telephone call with President Boris Yeltsin of Russia, December 31, 1999, White House","3","582-584","518-521","576","true","true","true","true","true","","","","9909338","2015-0782-M-2","","","","","","2015-0782-M-2","7388808; 7585721","Needs source-note review","classification marking; interpreter","Review fields","classification marking; interpreter","Telcon with Russian President Boris Yelstin","December 31, 1999, 09:02-09:22 p.m. EST Oval Office","Jenny McGee, Robert Ford, Joel Ehrendreich, and Sean Tarver","","","true","Source PDF pages 582-584. Source marker/provenance page 576. Compiler packet pages 518-521; actual conversation pages 518-520; provenance sheet page 521.","OK repository; OK Clinton Presidential Records; OK NSC RMO collection; OK parent NAID 7388808; OK PRS series NAID 7585721; OK MDR case; OK box/folder/document identifier; OK formal source-note draft excludes page maps; OK working provenance separated; OK source page map; OK source packet URL; OK derivative PDF","Verify OCR-derived face-page addenda before final source-note use: classification marking; interpreter; face-page classification marking; face-page interpreter","https://therealjameswilson.github.io/Clinton-Russia-High-Level/public/documents/1999-12-31-telcon-80.pdf","https://www.clintonlibrary.gov/sites/default/files/finding_aids_a_z/2026-01/2015-0782-M-2.pdf","Source: William J. Clinton Presidential Library, Clinton Presidential Records, Records of the National Security Council Records Management Office (Clinton Administration), NAID 7388808, Presidential Records Series (PRS) Files, NAID 7585721, NSC Records Management, [Yeltsin and Telcons], Folder Title/Record ID 9909338, Mandatory Declassification Review 2015-0782-M-2, Declassified documents concerning Russian President Boris Yeltsin."
"91","2000-06-05","Memcon","pending","Pending source text","Pending source text","Meeting with former President Boris Yeltsin of Russia, June 5, 2000, Moscow, Russia","","Leader chronology lead only; no released memcon PDF located","","","true","false","false","false","false","","","","","","","","","","","","","Pending source text","","Pending source text","","","","","","","true","","OK repository; CHECK Clinton Presidential Records; CHECK NSC RMO collection; CHECK parent NAID 7388808; CHECK PRS series NAID 7585721; CHECK MDR case; CHECK box/folder/document identifier; OK formal source-note draft excludes page maps; OK working provenance separated; OK source page map; OK source packet URL; OK derivative PDF","Do not finalize a source note until released conversation pages are found; preserve current lead and source-page problem.","","https://www.clintonlibrary.gov/sites/default/files/documents/clinton-foreign-meetings.pdf","Source: William J. Clinton Presidential Library, Meetings and Telephone Calls with Foreign Leaders, master chronology."
