sequence,date,type,sourceNoteReviewStatus,reviewFlags,title,sourceNoteDraftForReview,workingProvenanceForAudit,baseFrusSourceNote,facePageAddendaForReview,subject,dateTimePlace,participantsBlock,notetaker,interpreter,classificationMarking,classifiedBy,reason,declassifyOn,declassifiedBy,packetPages,actualConversationPacketPages,sourcePdfPages,pdfUrl,sourcePacketUrl
"1","1993-01-23","Telcon","Needs source-note review","classified-by line not parsed; classification reason not parsed","Telephone call with President Boris Yeltsin of Russia, January 23, 1993, White House","Source: William J. Clinton Presidential Library, Clinton Presidential Records, Records of the National Security Council Records Management Office (Clinton Administration), NAID 7388808, Presidential Records Series (PRS) Files, NAID 7585721, Document ID 9300052, Original OA/ID 139, Mandatory Declassification Review 2015-0782-M-1, Declassified documents concerning Russian President Boris Yeltsin. [Classification marking to be verified against the source PDF]. The face page identifies Nicholas Burns, NSC staff as notetaker. The face page identifies Dmitri Zarechnak as interpreter. The face page gives the date/time/place as: January 23, 1993, 10:45 - 11:17am Oval Office.","Source PDF pages 9-11. Source marker/provenance page 1. Compiler packet pages 1-4; actual conversation pages 1-3; provenance sheet page 4.","Source: William J. Clinton Presidential Library, Clinton Presidential Records, Records of the National Security Council Records Management Office (Clinton Administration), NAID 7388808, Presidential Records Series (PRS) Files, NAID 7585721, Document ID 9300052, Original OA/ID 139, Mandatory Declassification Review 2015-0782-M-1, Declassified documents concerning Russian President Boris Yeltsin.","Subject: Telcon with President Boris Yeltsin of Russia on January 23, 1993 (U) | Date/time/place: January 23, 1993, 10:45 - 11:17am Oval Office | Face-page marking: 5ECRB?- PER E.0.13526. | Declassify on: OADR ^015-078a-0 ) | Notetaker: Nicholas Burns, NSC staff | Interpreter: Dmitri Zarechnak | Participants block: The President President Boris Yeltsin Interpreter: Dmitri Zarechnak Notetaker: Nicholas Burns, NSC staff","Telcon with President Boris Yeltsin of Russia on January 23, 1993 (U)","January 23, 1993, 10:45 - 11:17am Oval Office","The President President Boris Yeltsin Interpreter: Dmitri Zarechnak Notetaker: Nicholas Burns, NSC staff","Nicholas Burns, NSC staff","Dmitri Zarechnak","5ECRB?- PER E.0.13526.","","","OADR ^015-078a-0 )","DECLASSIFIED | 5ECRB?- PER E.0.13526. | Declassify on: OADR ^015-078a-0 )","1-4","1-3","9-11","https://therealjameswilson.github.io/Clinton-Russia-High-Level/public/documents/1993-01-23-telcon-01.pdf","https://www.clintonlibrary.gov/sites/default/files/finding_aids_a_z/2026-05/2015-0782-M-1.pdf"
"2","1993-02-10","Telcon","Needs source-note review","classified-by line not parsed; classification reason not parsed; declassify-on line not parsed","Telephone call with President Boris Yeltsin of Russia, February 10, 1993, White House","Source: William J. Clinton Presidential Library, Clinton Presidential Records, Records of the National Security Council Records Management Office (Clinton Administration), NAID 7388808, Presidential Records Series (PRS) Files, NAID 7585721, NSC Records Management, [Yeltsin and Telcons], OA/Box Number 140, Folder Title/Record ID 9300488, Mandatory Declassification Review 2015-0782-M-1, Declassified documents concerning Russian President Boris Yeltsin. [Classification marking to be verified against the source PDF]. The face page identifies Nicholas Burns as notetaker. The face page identifies Dmitri Zarechnak as interpreter. The face page gives the date/time/place as: February 10, 1993, 1:51 - 2:14pm Oval Office.","Source PDF pages 19-21. Source marker/provenance page 14. Compiler packet pages 5-8; actual conversation pages 5-7; provenance sheet page 8.","Source: William J. Clinton Presidential Library, Clinton Presidential Records, Records of the National Security Council Records Management Office (Clinton Administration), NAID 7388808, Presidential Records Series (PRS) Files, NAID 7585721, NSC Records Management, [Yeltsin and Telcons], OA/Box Number 140, Folder Title/Record ID 9300488, Mandatory Declassification Review 2015-0782-M-1, Declassified documents concerning Russian President Boris Yeltsin.","Subject: Telephone Conversation with Russian President Boris Yeltsin (U) | Date/time/place: February 10, 1993, 1:51 - 2:14pm Oval Office | Face-page marking: SECRET -E.0.13S26,Stc. 3.5 | Notetaker: Nicholas Burns | Interpreter: Dmitri Zarechnak | Participants block: The President President Boris Yeltsin Interpreter: Dmitri Zarechnak Notetaker: Nicholas Burns","Telephone Conversation with Russian President Boris Yeltsin (U)","February 10, 1993, 1:51 - 2:14pm Oval Office","The President President Boris Yeltsin Interpreter: Dmitri Zarechnak Notetaker: Nicholas Burns","Nicholas Burns","Dmitri Zarechnak","SECRET -E.0.13S26,Stc. 3.5","","","","DECLASSIFIED | PER E.0.13526 ^. | Declassifv on: OADR _O Wttite-HouEBCiptiaik","5-8","5-7","19-21","https://therealjameswilson.github.io/Clinton-Russia-High-Level/public/documents/1993-02-10-telcon-02.pdf","https://www.clintonlibrary.gov/sites/default/files/finding_aids_a_z/2026-05/2015-0782-M-1.pdf"
"3","1993-04-03","Memcon","Needs source-note review","classification marking; classified-by line not parsed; classification reason not parsed","Working Dinner with President Boris Yeltsin","Source: William J. Clinton Presidential Library, Clinton Presidential Records, Records of the National Security Council Records Management Office (Clinton Administration), NAID 7388808, Presidential Records Series (PRS) Files, NAID 7585721, NSC Records Management, OA/Box Number 145, Folder Title/Record ID 9302226, National Archives Catalog item 2014-0901-M, Memcons between President William Jefferson Clinton and President Boris Yeltsin, NAID 163545404. [Classification marking to be verified against the source PDF]. The face page identifies Director for Russian, Ukrainian and Eurasian Affairs, NSC Staff as notetaker. The face page gives the date/time/place as: April 3, 1993, 6:30 - 8:30pm Vancouver, Canada (Both Presidents opened the dinner by giving prepared toasts).","Source PDF pages 9-17. Source marker/provenance page 2. Compiler packet pages 9-18; actual conversation pages 9-17; provenance sheet page 18.","Source: William J. Clinton Presidential Library, Clinton Presidential Records, Records of the National Security Council Records Management Office (Clinton Administration), NAID 7388808, Presidential Records Series (PRS) Files, NAID 7585721, NSC Records Management, OA/Box Number 145, Folder Title/Record ID 9302226, National Archives Catalog item 2014-0901-M, Memcons between President William Jefferson Clinton and President Boris Yeltsin, NAID 163545404.","Subject: Working Dinner with President Boris Yeltsin (U) | Date/time/place: April 3, 1993, 6:30 - 8:30pm Vancouver, Canada (Both Presidents opened the dinner by giving prepared toasts) | Declassify on: OADR | Notetaker: Director for Russian, Ukrainian and Eurasian Affairs, NSC Staff | Participants block: The President Warren Christopher, Secretary of State Lloyd Bentsen, Secretary of Treasury Mack McLarty, Chief of Staff George Stephanopoulos, Assistant to the President and Director of Communications Anthony Lake, Assistant to the President for National Security Affairs Samuel Berger, Deputy Assistant to the President for National Security Affairs Thomas...","Working Dinner with President Boris Yeltsin (U)","April 3, 1993, 6:30 - 8:30pm Vancouver, Canada (Both Presidents opened the dinner by giving prepared toasts)","The President Warren Christopher, Secretary of State Lloyd Bentsen, Secretary of Treasury Mack McLarty, Chief of Staff George Stephanopoulos, Assistant to the President and Director of Communications Anthony Lake, Assistant to the President for National Security Affairs Samuel Berger, Deputy Assistant to the President for National Security Affairs Thomas Pickering, Ambassador-Designate to Russia Toby T. Gati, Special Assistant to the President for National Security Affairs Nicholas Burns, Director for Russian, Ukrainian and Eurasian Affairs, NSC Staff Rose Gottemoeller, Director for Russian, Ukrainian and Eurasian Affairs, NSC Staff (Notetaker) Boris Yeltsin, President Boris Fedorov, Finance Minister Andrei Kozyrev, Foreign Minister Alexander Shokhin, Deputy Prime Minister Viktor Ilyushin, Chief Assistant to the President Vladimir Lukin, Russian Ambassador to the US Dmitri Ryurikov, Assistant to the President Georgy Mamedov, Deputy Foreign Minister Vyacheslov Kostikov, Press Secretary","Director for Russian, Ukrainian and Eurasian Affairs, NSC Staff","","","","","OADR","DECLASSIFIED | PER E.0.13526 | Declassify on: OADR","9-18","9-17","9-17","https://therealjameswilson.github.io/Clinton-Russia-High-Level/public/documents/1993-04-03-clinton-yeltsin-vancouver-working-dinner.pdf","https://s3.amazonaws.com/NARAprodstorage/lz/presidential-libraries/clinton/wjc-nscrm/7585721/6-YeltsinVancouver.pdf"
"4","1993-04-04","Memcon","Needs source-note review","classification marking; classified-by line not parsed; classification reason not parsed","Meeting with Russian President Boris Yeltsin on Security Issues","Source: William J. Clinton Presidential Library, Clinton Presidential Records, Records of the National Security Council Records Management Office (Clinton Administration), NAID 7388808, Presidential Records Series (PRS) Files, NAID 7585721, NSC Records Management, OA/Box Number 145, Folder Title/Record ID 9302226, National Archives Catalog item 2014-0901-M, Memcons between President William Jefferson Clinton and President Boris Yeltsin, NAID 163545404. [Classification marking to be verified against the source PDF]. The face page identifies Assistant to the President for National Security Affairs Daniel Poneman, Senior Director for Nonproliferation, NSC Staff as notetaker. The face page gives the date/time/place as: April 4, 1993, 10:00 a.m. to 1:00 p.m. Pan Pacific Hotel, Vancouver, Canada.","Source PDF pages 19-30. Source marker/provenance page 2. Compiler packet pages 19-31; actual conversation pages 19-30; provenance sheet page 31.","Source: William J. Clinton Presidential Library, Clinton Presidential Records, Records of the National Security Council Records Management Office (Clinton Administration), NAID 7388808, Presidential Records Series (PRS) Files, NAID 7585721, NSC Records Management, OA/Box Number 145, Folder Title/Record ID 9302226, National Archives Catalog item 2014-0901-M, Memcons between President William Jefferson Clinton and President Boris Yeltsin, NAID 163545404.","Subject: Meeting with Russian President Boris Yeltsin on Security Issues (U) | Date/time/place: April 4, 1993, 10:00 a.m. to 1:00 p.m. Pan Pacific Hotel, Vancouver, Canada | Declassify on: OADR DECLASSIFIED | Notetaker: Assistant to the President for National Security Affairs Daniel Poneman, Senior Director for Nonproliferation, NSC Staff | Participants block: The President Warren Christopher, Secretary of State Lloyd Bentsen, Secretary of the Treasury George Stephanopolous, Assistant to the President and Director of Communications Strobe Talbott, Ambassador-at-Large and Special Advisor to the Secretary of State Anthony Lake, Advisor to the President for National Security Affairs Thomas Pickering, Ambassador-de...","Meeting with Russian President Boris Yeltsin on Security Issues (U)","April 4, 1993, 10:00 a.m. to 1:00 p.m. Pan Pacific Hotel, Vancouver, Canada","The President Warren Christopher, Secretary of State Lloyd Bentsen, Secretary of the Treasury George Stephanopolous, Assistant to the President and Director of Communications Strobe Talbott, Ambassador-at-Large and Special Advisor to the Secretary of State Anthony Lake, Advisor to the President for National Security Affairs Thomas Pickering, Ambassador-designate to Russia Toby T. Gati, Assistant to the President for National Security Affairs Daniel Poneman, Senior Director for Nonproliferation, NSC Staff (Notetaker) Rose Gottemoeller, Director for Russian, Ukrainian and Eurasian Affairs, NSC Staff (Notetaker) Boris Yeltsin, President Boris Fedorov, Finance Minister Andrei Kozyrev, Foreign Minister Alexander Shokhin, Deputy Prime Minister Dmitri Ryurikov, Assistant to the President Georgy Mamedov, Deputy Foreign Minister Viktor Mikhailov, Minister for Atomic Energy Vladimir Lukin, Russian Ambassador to the US Vyacheslov Kostikov, Press Secretary","Assistant to the President for National Security Affairs Daniel Poneman, Senior Director for Nonproliferation, NSC Staff","","","","","OADR DECLASSIFIED","Declassify on: OADR DECLASSIFIED | OC.'uTx PER E.0.13526 ^.","19-31","19-30","19-30","https://therealjameswilson.github.io/Clinton-Russia-High-Level/public/documents/1993-04-04-clinton-yeltsin-vancouver-security-issues.pdf","https://s3.amazonaws.com/NARAprodstorage/lz/presidential-libraries/clinton/wjc-nscrm/7585721/6-YeltsinVancouver.pdf"
"5","1993-04-26","Telcon","Needs source-note review","classification marking; classified-by line not parsed; classification reason not parsed","Telephone call with President Boris Yeltsin of Russia, April 26, 1993, White House","Source: William J. Clinton Presidential Library, Clinton Presidential Records, Records of the National Security Council Records Management Office (Clinton Administration), NAID 7388808, Presidential Records Series (PRS) Files, NAID 7585721, NSC Records Management, [Yeltsin and Telcons], OA/Box Number 147, Folder Title/Record ID 9302835, Mandatory Declassification Review 2015-0782-M-1, Declassified documents concerning Russian President Boris Yeltsin. [Classification marking to be verified against the source PDF]. The face page identifies Beth Banner as notetaker. The face page identifies Peter Afanasenko as interpreter. The face page gives the date/time/place as: April 26, 1993, 1:50 - 1:58pm Residence.","Source PDF pages 51-52. Source marker/provenance page 45. Compiler packet pages 32-34; actual conversation pages 32-33; provenance sheet page 34.","Source: William J. Clinton Presidential Library, Clinton Presidential Records, Records of the National Security Council Records Management Office (Clinton Administration), NAID 7388808, Presidential Records Series (PRS) Files, NAID 7585721, NSC Records Management, [Yeltsin and Telcons], OA/Box Number 147, Folder Title/Record ID 9302835, Mandatory Declassification Review 2015-0782-M-1, Declassified documents concerning Russian President Boris Yeltsin.","Subject: Telcon with President Yeltsin of Russia | Date/time/place: April 26, 1993, 1:50 - 1:58pm Residence | Declassify on: OADR PER -E.0.13526^.. | Notetaker: Beth Banner | Interpreter: Peter Afanasenko | Participants block: The President President Boris Yeltsin Interpreter: Peter Afanasenko Notetaker: Beth Banner","Telcon with President Yeltsin of Russia","April 26, 1993, 1:50 - 1:58pm Residence","The President President Boris Yeltsin Interpreter: Peter Afanasenko Notetaker: Beth Banner","Beth Banner","Peter Afanasenko","","","","OADR PER -E.0.13526^..","DECLASSIFIED | Declassify on: OADR PER -E.0.13526^..","32-34","32-33","51-52","https://therealjameswilson.github.io/Clinton-Russia-High-Level/public/documents/1993-04-26-telcon-05.pdf","https://www.clintonlibrary.gov/sites/default/files/finding_aids_a_z/2026-05/2015-0782-M-1.pdf"
"6","1993-05-02","Telcon","Needs source-note review","classification marking; classified-by line not parsed; classification reason not parsed","Telephone call with President Boris Yeltsin of Russia, May 2, 1993, White House","Source: William J. Clinton Presidential Library, Clinton Presidential Records, Records of the National Security Council Records Management Office (Clinton Administration), NAID 7388808, Presidential Records Series (PRS) Files, NAID 7585721, NSC Records Management, [Yeltsin and Telcons], OA/Box Number 148, Folder Title/Record ID 9303034, Mandatory Declassification Review 2015-0782-M-1, Declassified documents concerning Russian President Boris Yeltsin. [Classification marking to be verified against the source PDF]. The face page identifies Nicholas Burns as notetaker. The face page identifies Dmitri Zarechnak as interpreter. The face page gives the date/time/place as: May 2, 1993, 8:45 - 8:51am The Residence.","Source PDF pages 60-61. Source marker/provenance page 55. Compiler packet pages 35-37; actual conversation pages 35-36; provenance sheet page 37.","Source: William J. Clinton Presidential Library, Clinton Presidential Records, Records of the National Security Council Records Management Office (Clinton Administration), NAID 7388808, Presidential Records Series (PRS) Files, NAID 7585721, NSC Records Management, [Yeltsin and Telcons], OA/Box Number 148, Folder Title/Record ID 9303034, Mandatory Declassification Review 2015-0782-M-1, Declassified documents concerning Russian President Boris Yeltsin.","Subject: Telcon with President Boris Yeltsin of Russia (U) | Date/time/place: May 2, 1993, 8:45 - 8:51am The Residence | Declassify on: OADR PER E.0.13526, | Notetaker: Nicholas Burns | Interpreter: Dmitri Zarechnak | Participants block: The President President Boris Yeltsin of Russia Interpreter: Dmitri Zarechnak Notetaker: Nicholas Burns","Telcon with President Boris Yeltsin of Russia (U)","May 2, 1993, 8:45 - 8:51am The Residence","The President President Boris Yeltsin of Russia Interpreter: Dmitri Zarechnak Notetaker: Nicholas Burns","Nicholas Burns","Dmitri Zarechnak","","","","OADR PER E.0.13526,","GECRBT- DECLASSIFIED | Declassify on: OADR PER E.0.13526,","35-37","35-36","60-61","https://therealjameswilson.github.io/Clinton-Russia-High-Level/public/documents/1993-05-02-telcon-06.pdf","https://www.clintonlibrary.gov/sites/default/files/finding_aids_a_z/2026-05/2015-0782-M-1.pdf"
"7","1993-05-10","Telcon","Needs source-note review","classified-by line not parsed; classification reason not parsed","Telephone call with President Boris Yeltsin of Russia, May 10, 1993, White House","Source: William J. Clinton Presidential Library, Clinton Presidential Records, Records of the National Security Council Records Management Office (Clinton Administration), NAID 7388808, Presidential Records Series (PRS) Files, NAID 7585721, NSC Records Management, [Yeltsin and Telcons], OA/Box Number 148, Folder Title/Record ID 9303261, Mandatory Declassification Review 2015-0782-M-1, Declassified documents concerning Russian President Boris Yeltsin. Secret. The face page identifies Christine Potts as notetaker. The face page identifies Dmitriy Zarechnak as interpreter. The face page gives the date/time/place as: May 10, 1993, 8:12 - 8:19am The Oval Office President Clinton: Hello, Boris. Good morning. (U).","Source PDF pages 68-69. Source marker/provenance page 63. Compiler packet pages 38-40; actual conversation pages 38-39; provenance sheet page 40.","Source: William J. Clinton Presidential Library, Clinton Presidential Records, Records of the National Security Council Records Management Office (Clinton Administration), NAID 7388808, Presidential Records Series (PRS) Files, NAID 7585721, NSC Records Management, [Yeltsin and Telcons], OA/Box Number 148, Folder Title/Record ID 9303261, Mandatory Declassification Review 2015-0782-M-1, Declassified documents concerning Russian President Boris Yeltsin.","Subject: Telcon With President Boris Yeltsin of Russia (U) | Date/time/place: May 10, 1993, 8:12 - 8:19am The Oval Office President Clinton: Hello, Boris. Good morning. (U) | Face-page marking: .SECRET | Declassify on: OADR | Notetaker: Christine Potts | Interpreter: Dmitriy Zarechnak | Participants block: The President President Boris Yeltsin of Russia Interpreter: Dmitriy Zarechnak Notetaker: Christine Potts","Telcon With President Boris Yeltsin of Russia (U)","May 10, 1993, 8:12 - 8:19am The Oval Office President Clinton: Hello, Boris. Good morning. (U)","The President President Boris Yeltsin of Russia Interpreter: Dmitriy Zarechnak Notetaker: Christine Potts","Christine Potts","Dmitriy Zarechnak",".SECRET","","","OADR","DECLASSIFIED | PER E.0.13526, | Declassify on: OADR","38-40","38-39","68-69","https://therealjameswilson.github.io/Clinton-Russia-High-Level/public/documents/1993-05-10-telcon-07.pdf","https://www.clintonlibrary.gov/sites/default/files/finding_aids_a_z/2026-05/2015-0782-M-1.pdf"
"8","1993-06-28","Telcon","Needs source-note review","classification marking; classified-by line not parsed; classification reason not parsed","Telephone call with President Boris Yeltsin of Russia, June 28, 1993, White House","Source: William J. Clinton Presidential Library, Clinton Presidential Records, Records of the National Security Council Records Management Office (Clinton Administration), NAID 7388808, Presidential Records Series (PRS) Files, NAID 7585721, NSC Records Management, [Yeltsin and Telcons], OA/Box Number 152, Folder Title/Record ID 9304871, Mandatory Declassification Review 2015-0782-M-1, Declassified documents concerning Russian President Boris Yeltsin. [Classification marking to be verified against the source PDF]. The face page identifies Beth Banner as notetaker. The face page identifies Demitry Zarechnak as interpreter. The face page gives the date/time/place as: 28 June 1993, 1:05 - 1:33pm Oval Office President Clinton: Hello. (U).","Source PDF pages 76-79. Source marker/provenance page 71. Compiler packet pages 41-45; actual conversation pages 41-44; provenance sheet page 45.","Source: William J. Clinton Presidential Library, Clinton Presidential Records, Records of the National Security Council Records Management Office (Clinton Administration), NAID 7388808, Presidential Records Series (PRS) Files, NAID 7585721, NSC Records Management, [Yeltsin and Telcons], OA/Box Number 152, Folder Title/Record ID 9304871, Mandatory Declassification Review 2015-0782-M-1, Declassified documents concerning Russian President Boris Yeltsin.","Subject: Telcon with President Boris Yeltsin of the Russian Federation (U) | Date/time/place: 28 June 1993, 1:05 - 1:33pm Oval Office President Clinton: Hello. (U) | Declassify on: OADR | Notetaker: Beth Banner | Interpreter: Demitry Zarechnak | Participants block: The President President Boris Yeltsin Interpreter: Demitry Zarechnak Notetaker: Beth Banner","Telcon with President Boris Yeltsin of the Russian Federation (U)","28 June 1993, 1:05 - 1:33pm Oval Office President Clinton: Hello. (U)","The President President Boris Yeltsin Interpreter: Demitry Zarechnak Notetaker: Beth Banner","Beth Banner","Demitry Zarechnak","","","","OADR","DECLASSMED | PER E.0.13526. | Declassify on: OADR","41-45","41-44","76-79","https://therealjameswilson.github.io/Clinton-Russia-High-Level/public/documents/1993-06-28-telcon-08.pdf","https://www.clintonlibrary.gov/sites/default/files/finding_aids_a_z/2026-05/2015-0782-M-1.pdf"
"9","1993-07-10","Memcon","Needs source-note review","classified-by line not parsed; classification reason not parsed","Meeting with President Boris Yeltsin of Russia, July 10, 1993, Tokyo, Japan","Source: William J. Clinton Presidential Library, Clinton Presidential Records, Records of the National Security Council Records Management Office (Clinton Administration), NAID 7388808, Presidential Records Series (PRS) Files, NAID 7585721, Document ID 9305178, Original OA/ID 153, Mandatory Declassification Review 2014-0996-M, Declassified documents concerning Russian President Boris Yeltsin. [Classification marking to be verified against the source PDF]. The face page identifies Acting Senior Director for Russia, Ukraine and Eurasia Affairs, NSC staff as notetaker. The face page gives the date/time/place as: July 10, 1993, 7:45 - 9:15am Ambassador's Residence, Tokyo.","Source PDF pages 81-89. Source marker/provenance page 80. Compiler packet pages 46-55; actual conversation pages 46-54; provenance sheet page 55.","Source: William J. Clinton Presidential Library, Clinton Presidential Records, Records of the National Security Council Records Management Office (Clinton Administration), NAID 7388808, Presidential Records Series (PRS) Files, NAID 7585721, Document ID 9305178, Original OA/ID 153, Mandatory Declassification Review 2014-0996-M, Declassified documents concerning Russian President Boris Yeltsin.","Subject: Memcon with President Boris Yeltsin of Russia (U) | Date/time/place: July 10, 1993, 7:45 - 9:15am Ambassador's Residence, Tokyo | Face-page marking: SECRET- CLINTON LIBRARY PHOTOCOPY | Declassify on: OADR | Notetaker: Acting Senior Director for Russia, Ukraine and Eurasia Affairs, NSC staff | Participants block: The President Warren Christopher, Secretary of State Lloyd Bentsen, Secretary of the Treasury Samuel Berger, Deputy Assistant to the President for National Security Affairs Strobe Talbott, Ambassador at Large and Special Adviser to the Secretary on the New Independent States Nicholas Burns, Acting Senior Director for Russia, Ukraine and Eurasia Affairs, N...","Memcon with President Boris Yeltsin of Russia (U)","July 10, 1993, 7:45 - 9:15am Ambassador's Residence, Tokyo","The President Warren Christopher, Secretary of State Lloyd Bentsen, Secretary of the Treasury Samuel Berger, Deputy Assistant to the President for National Security Affairs Strobe Talbott, Ambassador at Large and Special Adviser to the Secretary on the New Independent States Nicholas Burns, Acting Senior Director for Russia, Ukraine and Eurasia Affairs, NSC staff (notetaker) President Boris Yeltsin Andrei Kozyrev, Minister of Foreign Affairs Boris Federov, Minister of Finance Viktor Ilyushin, First Assistant to President Yeltsin Dmitri Ryurikov, Assistant to President Yeltsin Sergey Glaziev, Minister of Foreign Economic Trade (Notetaker)","Acting Senior Director for Russia, Ukraine and Eurasia Affairs, NSC staff","","SECRET- CLINTON LIBRARY PHOTOCOPY","","","OADR","DECLASSIFIED | PER E.0.13526. | Declassify on: OADR","46-55","46-54","81-89","https://therealjameswilson.github.io/Clinton-Russia-High-Level/public/documents/1993-07-10-memcon-09.pdf","https://www.clintonlibrary.gov/sites/default/files/finding_aids_a_z/2026-05/2015-0782-M-1.pdf"
"10","1993-09-07","Telcon","Needs source-note review","classified-by line not parsed; classification reason not parsed; declassify-on line not parsed","Telephone call with President Boris Yeltsin of Russia, September 7, 1993, White House","Source: William J. Clinton Presidential Library, Clinton Presidential Records, Records of the National Security Council Records Management Office (Clinton Administration), NAID 7388808, Presidential Records Series (PRS) Files, NAID 7585721, NSC Records Management, [Yeltsin and Telcons], OA/Box Number 160, Folder Title/Record ID 9306715, Mandatory Declassification Review 2015-0782-M-1, Declassified documents concerning Russian President Boris Yeltsin. [Classification marking to be verified against the source PDF]. The face page identifies Beth Banner as notetaker. The face page identifies Demitry Zarechnak as interpreter. The face page gives the date/time/place as: September 7, 1993, 11:40am - 12:10pm Oval Office.","Source PDF pages 95-98. Source marker/provenance page 91. Compiler packet pages 56-60; actual conversation pages 56-59; provenance sheet page 60.","Source: William J. Clinton Presidential Library, Clinton Presidential Records, Records of the National Security Council Records Management Office (Clinton Administration), NAID 7388808, Presidential Records Series (PRS) Files, NAID 7585721, NSC Records Management, [Yeltsin and Telcons], OA/Box Number 160, Folder Title/Record ID 9306715, Mandatory Declassification Review 2015-0782-M-1, Declassified documents concerning Russian President Boris Yeltsin.","Subject: Telcon with President Boris Yeltsin of the Russian Federation (U) | Date/time/place: September 7, 1993, 11:40am - 12:10pm Oval Office | Face-page marking: -SEGREf^ | Notetaker: Beth Banner | Interpreter: Demitry Zarechnak | Participants block: The President President Yeltsin Interpreter: Demitry Zarechnak Notetaker: Beth Banner","Telcon with President Boris Yeltsin of the Russian Federation (U)","September 7, 1993, 11:40am - 12:10pm Oval Office","The President President Yeltsin Interpreter: Demitry Zarechnak Notetaker: Beth Banner","Beth Banner","Demitry Zarechnak","-SEGREf^","","","","DECLASSIFIED | PER E.0.13526 | Declassify on; OADR","56-60","56-59","95-98","https://therealjameswilson.github.io/Clinton-Russia-High-Level/public/documents/1993-09-07-telcon-10.pdf","https://www.clintonlibrary.gov/sites/default/files/finding_aids_a_z/2026-05/2015-0782-M-1.pdf"
"11","1993-09-21","Telcon","Needs source-note review","classified-by line not parsed; classification reason not parsed","Telephone call with President Boris Yeltsin of Russia, September 21, 1993, White House","Source: William J. Clinton Presidential Library, Clinton Presidential Records, Records of the National Security Council Records Management Office (Clinton Administration), NAID 7388808, Presidential Records Series (PRS) Files, NAID 7585721, NSC Records Management, [Yeltsin and Telcons], OA/Box Number 163, Folder Title/Record ID 9307171, Mandatory Declassification Review 2015-0782-M-1, Declassified documents concerning Russian President Boris Yeltsin. Secret. The face page identifies John Beyrle and Rose Gottemoeller as notetaker. The face page identifies Demitry Zarechnak as interpreter. The face page gives the date/time/place as: September 21, 1993, 3:56 - 4:13pm White House Residence (President's Study).","Source PDF pages 107-109. Source marker/provenance page 100. Compiler packet pages 61-64; actual conversation pages 61-63; provenance sheet page 64.","Source: William J. Clinton Presidential Library, Clinton Presidential Records, Records of the National Security Council Records Management Office (Clinton Administration), NAID 7388808, Presidential Records Series (PRS) Files, NAID 7585721, NSC Records Management, [Yeltsin and Telcons], OA/Box Number 163, Folder Title/Record ID 9307171, Mandatory Declassification Review 2015-0782-M-1, Declassified documents concerning Russian President Boris Yeltsin.","Subject: Telcon with President Boris Yeltsin of Russian Federation (U) | Date/time/place: September 21, 1993, 3:56 - 4:13pm White House Residence (President's Study) | Face-page marking: -SECRET | Declassify on: OADR.QETr“0 r’T’ | Notetaker: John Beyrle and Rose Gottemoeller | Interpreter: Demitry Zarechnak | Participants block: The President President Yeltsin Interpreter: Demitry Zarechnak Notetakers: John Beyrle and Rose Gottemoeller","Telcon with President Boris Yeltsin of Russian Federation (U)","September 21, 1993, 3:56 - 4:13pm White House Residence (President's Study)","The President President Yeltsin Interpreter: Demitry Zarechnak Notetakers: John Beyrle and Rose Gottemoeller","John Beyrle and Rose Gottemoeller","Demitry Zarechnak","-SECRET","","","OADR.QETr“0 r’T’","DECLASSIFIED | PER E.0.13526 | Declassify on: OADR.QETr“0 r’T’","61-64","61-63","107-109","https://therealjameswilson.github.io/Clinton-Russia-High-Level/public/documents/1993-09-21-telcon-11.pdf","https://www.clintonlibrary.gov/sites/default/files/finding_aids_a_z/2026-05/2015-0782-M-1.pdf"
"12","1993-10-05","Telcon","Needs source-note review","classified-by line not parsed; classification reason not parsed","Telephone call with President Boris Yeltsin of Russia, October 5, 1993, Air Force One","Source: William J. Clinton Presidential Library, Clinton Presidential Records, Records of the National Security Council Records Management Office (Clinton Administration), NAID 7388808, Presidential Records Series (PRS) Files, NAID 7585721, NSC Records Management, [Yeltsin and Telcons], OA/Box Number 165, Folder Title/Record ID 9307653, Mandatory Declassification Review 2015-0782-M-1, Declassified documents concerning Russian President Boris Yeltsin. Secret. The face page identifies John Beyrle as notetaker. The face page identifies Dmitriy Zarechnak as interpreter. The face page gives the date/time/place as: October 5, 1993, 1:42 - 2:02pm Air Force One.","Source PDF pages 119-121. Source marker/provenance page 112. Compiler packet pages 65-68; actual conversation pages 65-67; provenance sheet page 68.","Source: William J. Clinton Presidential Library, Clinton Presidential Records, Records of the National Security Council Records Management Office (Clinton Administration), NAID 7388808, Presidential Records Series (PRS) Files, NAID 7585721, NSC Records Management, [Yeltsin and Telcons], OA/Box Number 165, Folder Title/Record ID 9307653, Mandatory Declassification Review 2015-0782-M-1, Declassified documents concerning Russian President Boris Yeltsin.","Subject: Telcon with President Boris Yeltsin of Russian Federation (U) | Date/time/place: October 5, 1993, 1:42 - 2:02pm Air Force One | Face-page marking: SECRET | Declassify on: OADR | Notetaker: John Beyrle | Interpreter: Dmitriy Zarechnak | Participants block: The President President Boris Yeltsin Interpreter: Dmitriy Zarechnak Notetaker: John Beyrle","Telcon with President Boris Yeltsin of Russian Federation (U)","October 5, 1993, 1:42 - 2:02pm Air Force One","The President President Boris Yeltsin Interpreter: Dmitriy Zarechnak Notetaker: John Beyrle","John Beyrle","Dmitriy Zarechnak","SECRET","","","OADR","DECLASSIFIED | PER E.0.13526 | Declassify on: OADR","65-68","65-67","119-121","https://therealjameswilson.github.io/Clinton-Russia-High-Level/public/documents/1993-10-05-telcon-12.pdf","https://www.clintonlibrary.gov/sites/default/files/finding_aids_a_z/2026-05/2015-0782-M-1.pdf"
"13","1993-12-22","Telcon","Needs source-note review","classified-by line not parsed; classification reason not parsed","Telephone call with President Boris Yeltsin of Russia, December 22, 1993, White House","Source: William J. Clinton Presidential Library, Clinton Presidential Records, Records of the National Security Council Records Management Office (Clinton Administration), NAID 7388808, Presidential Records Series (PRS) Files, NAID 7585721, NSC Records Management, [Yeltsin and Telcons], OA/Box Number 178, Folder Title/Record ID 9309998, Mandatory Declassification Review 2015-0782-M-1, Declassified documents concerning Russian President Boris Yeltsin. [Classification marking to be verified against the source PDF]. The face page identifies John Beyrle as notetaker. The face page identifies Dmitriy Zarechnak as interpreter. The face page gives the date/time/place as: December 22, 1993 9:10 - 9:40 am Oval Office.","Source PDF pages 142-145. Source marker/provenance page 136. Compiler packet pages 69-73; actual conversation pages 69-72; provenance sheet page 73.","Source: William J. Clinton Presidential Library, Clinton Presidential Records, Records of the National Security Council Records Management Office (Clinton Administration), NAID 7388808, Presidential Records Series (PRS) Files, NAID 7585721, NSC Records Management, [Yeltsin and Telcons], OA/Box Number 178, Folder Title/Record ID 9309998, Mandatory Declassification Review 2015-0782-M-1, Declassified documents concerning Russian President Boris Yeltsin.","Subject: Telcon with President Boris Yeltsin of the Russian Federation (U) | Date/time/place: December 22, 1993 9:10 - 9:40 am Oval Office | Face-page marking: ^SECRET SECRET 9998 | Declassify on: OADR | Notetaker: John Beyrle | Interpreter: Dmitriy Zarechnak | Participants block: The President President Yeltsin Interpreter: Dmitriy Zarechnak Notetaker: John Beyrle","Telcon with President Boris Yeltsin of the Russian Federation (U)","December 22, 1993 9:10 - 9:40 am Oval Office","The President President Yeltsin Interpreter: Dmitriy Zarechnak Notetaker: John Beyrle","John Beyrle","Dmitriy Zarechnak","^SECRET SECRET 9998","","","OADR","DECLASSIFIED | Declassify on: OADR","69-73","69-72","142-145","https://therealjameswilson.github.io/Clinton-Russia-High-Level/public/documents/1993-12-22-telcon-13.pdf","https://www.clintonlibrary.gov/sites/default/files/finding_aids_a_z/2026-05/2015-0782-M-1.pdf"
"14","1994-01-13","Memcon","Needs source-note review","classified-by line not parsed; classification reason not parsed","One-on-One Meeting with President Boris Yeltsin of Russia","Source: William J. Clinton Presidential Library, Clinton Digital Library item 101363, ""Memorandum of Conversation - President Boris Yeltsin of Russia,"" January 13, 1994, part of 2016-0117-M, Memcons - Memoranda of Conversation. [Classification marking to be verified against the source PDF]. The face page gives the date/time/place as: January 13, 1994, 9:00 - 9:45am The Kremlin.","Source PDF pages 1-6. Compiler packet pages 74-79; actual conversation pages 74-79.","Source: William J. Clinton Presidential Library, Clinton Digital Library item 101363, ""Memorandum of Conversation - President Boris Yeltsin of Russia,"" January 13, 1994, part of 2016-0117-M, Memcons - Memoranda of Conversation.","Subject: One-on-One Meeting with President Boris Yeltsin of Russia (U) | Date/time/place: January 13, 1994, 9:00 - 9:45am The Kremlin | Face-page marking: SECnB¥ ^SEGREF 0513 | Declassify on: OADR | Participants block: The President Dimitry Zarechnak (Interpreter and notetaker) Boris Yeltsin, President of Russian Federation Intrepreter","One-on-One Meeting with President Boris Yeltsin of Russia (U)","January 13, 1994, 9:00 - 9:45am The Kremlin","The President Dimitry Zarechnak (Interpreter and notetaker) Boris Yeltsin, President of Russian Federation Intrepreter","","","SECnB¥ ^SEGREF 0513","","","OADR","DECLASSIFIED | PER E.0.13526. | Declassify on: OADR","74-79","74-79","1-6","https://therealjameswilson.github.io/Clinton-Russia-High-Level/public/documents/clinton-standalone-1994-01-13-memcon-one-on-one.pdf","https://clinton.presidentiallibraries.us/files/original/19662f645b0b622a95717322e238c1ec.pdf"
"15","1994-01-13","Memcon","Needs source-note review","participants; classification marking; classified-by line not parsed; classification reason not parsed; declassify-on line not parsed","President's dinner with President Yeltsin, January 13/14, 1994","Source: William J. Clinton Presidential Library, Clinton Digital Library item 101370, ""Memorandum of Conversation - President Boris Yeltsin of Russia,"" January 13, 1994, part of 2016-0117-M, Memcons - Memoranda of Conversation. Item description: ""This Memcon was received as a NSC Cable."" [Classification marking to be verified against the source PDF]. The face page gives the date/time/place as: January 13/14, 1994, Nova Ogareva, outside Moscow (source item date January 13; cable subject says January 14).","Source PDF pages 1-11. Compiler packet pages 80-90; actual conversation pages 80-90.","Source: William J. Clinton Presidential Library, Clinton Digital Library item 101370, ""Memorandum of Conversation - President Boris Yeltsin of Russia,"" January 13, 1994, part of 2016-0117-M, Memcons - Memoranda of Conversation. Item description: ""This Memcon was received as a NSC Cable.""","Subject: PRESIDENT'S DINNER WITH PRESIDENT YELTSIN JANUARY 14, 1994 1. ' -S-ECReT - ENTIRE TEXT 2. THIS CABLE IS FORWARDED FOR YOUR CLEARANCE. DECLASSIFIED 3. SUMMARY: IN A SERIES OF DISCUSSIONS ABOUT PER E.0.13526 DOMESTIC AND WORLD AFFAIRS ON THE EVENING OF JANUARY I3TH. PRESIDENT YELTSIN AND PRESIDENT CLINTON ■Xo\v> • owT • ro TALKED ABOUT THE TRILATERAL AGREEMENT FOR UKRAINE AND \o/y2.ovs \xe,v4 ITS CHANCES FOR SUCCESS. THEY ALSO DISCUSSED ATTITUDES IN THE COUNTRY AMONG THE RUSSIAN PEOPLE, PRESIDENT YELTSIN'S NEW EFFORTS TO ORGANIZE THE PARLIAMENT, AND RUSSIAN INTEREST IN REDUCING ARMS TRADE WITH IRAN AND OPENING UP THE SANCTIONS REGIME AGAINST IRAQ IN AN EFFORT TO ENSURE IRAQI REPAYMENT OF A PORTION OF ITS DEBT 00 RUSSIA. THERE WAS A DISCUSSION OF MILITARY COOPERATION AS WELL AS BOSNIA. PRESIDENT CLINTON AND PRESIDENT YELTSIN BOTH DISCUSSED THE NATURE OF THE U.S.-RUSSIAN RELATIONSHIP AND THE IMPORTANCE OF THAT RELATIONSHIP TO THE FUTURE OF WORLD STABILITY AND PEACE, PARTICULARLY IN EUROPE AND IN THE CONTEXT OF THE PARTNERSHIP FOR PEACE. PRESIDENT YELTSIN SIGNALED A POSSIBLE CHANGE IN HIS CABINET, DROPPING FORMER PRIME MINISTER GAYDAR TO WORK IN THE LOWER-HOUSE OF THE NEW FEDERAL LEGISLATURE. PRESIDENT CLINTON EXPLAINED THE CONCEPT OF ENSURING A LONG TERM PEACE IN EUROPE THROUGH FRANK CONSULTATION AND STRONG AND CLOSE COOPERATION BETWEEN RUSSIA AND THE UNITED STATES, BUT WITH CARE TAKEN TO ENSURE RESPECT FOR THE INTEREST OF OTHERS. END SUMMARY. 4.THE PRESIDENT MET WITH PRESIDENT YELTSIN AT THE DACHA AT NOVA OGAREVA OUTSIDE OF MOSCOW ON JANUARY I4TH FOR A DINNER IN WHICH A NUMBER OF BUSINESS ISSUES AROSE. THIS MEMCOM RECORDS THE BUSINESS DISCUSSION. THE PRESIDENT WAS ACCOMPANIED BY SECRETARY CHRISTOPHER, SECRETARY BENSON, NATIONAL SECURITY ADVISOR LAKE, AMBASSADOR AT LARGE STROBE TALBOTT AND AMBASSADOR PICKERING. PRESIDENT YELTSIN WAS ACCOMPANIED BY PRIME MINISTER CHRNOMYRDIN, FIRST DEPUTY PRIME MINISTER SOSKOVETS, FOREIGN MINISTER KOZYREV, DEFENSE MINISTER GRACHEV AND BY HIS LEGAL ADVISOR ILLYUSHIN. 5. AFTER OPENING PLEASANTRIES, PRESIDENT CLINTON NOTED THE IMPORTANCE HE ATTACHED TO HAVING HAD A CHANCE TO SEE RUSSIAN PEOPLE ON THE STREETS OF MOSCOW. HE TOLD PRESIDENT YELTSIN THAT HE HAD PASSED ON HIS CONCERNS TO PRESIDENT YELTSIN'S ADVISORS ABOUT THE PEOPLE AND THEIR REACTIONS. 6. PRESIDENT YELTSIN CHANGED THE SUBJECT AND NOTED MRS. YELTSIN HAD CALLED HIS ATTENTION TO A WONDERFUL ARTICLE ""IZVESTIA"" NEWSPAPER HAD RUN ON PRESIDENT CLINTON. THE ARTICLE ALSO COVERED MRS. CLINTON'S ACTIVITIES. 7. PRESIDENT YELTSIN THEN RETURNED TO THE INITIAL COMMENT ABOUT PEOPLE BEING WORRIED. THEY ARE CRITICAL OF US AND THEY ARE CERTAINLY RIGHT, HE SAID. TO DO BETTER, I HAVE SENT SERGEI ALEXANDROVICH FILATOV, THE KREMLIN CHIEF-OF-STAFF, TO LEARN ABOUT YOUR SYSTEM. WE ARE TRYING TO FIND OUT ABOUT HOW TO BE MORE EFFICIENT AT OUR WORK AND TO SPREAD THE RESPONSIBILITIES TO THOSE WHO CAN CARRY THEM OUT. THE COLLABORATION BETWEEN OUR COLLKAGUES IN THE CABINET IS STRONG AND WE HAVE A STRONG CABINET. | Date/time/place: January 13/14, 1994, Nova Ogareva, outside Moscow (source item date January 13; cable subject says January 14)","PRESIDENT'S DINNER WITH PRESIDENT YELTSIN JANUARY 14, 1994 1. ' -S-ECReT - ENTIRE TEXT 2. THIS CABLE IS FORWARDED FOR YOUR CLEARANCE. DECLASSIFIED 3. SUMMARY: IN A SERIES OF DISCUSSIONS ABOUT PER E.0.13526 DOMESTIC AND WORLD AFFAIRS ON THE EVENING OF JANUARY I3TH. PRESIDENT YELTSIN AND PRESIDENT CLINTON ■Xo\v> • owT • ro TALKED ABOUT THE TRILATERAL AGREEMENT FOR UKRAINE AND \o/y2.ovs \xe,v4 ITS CHANCES FOR SUCCESS. THEY ALSO DISCUSSED ATTITUDES IN THE COUNTRY AMONG THE RUSSIAN PEOPLE, PRESIDENT YELTSIN'S NEW EFFORTS TO ORGANIZE THE PARLIAMENT, AND RUSSIAN INTEREST IN REDUCING ARMS TRADE WITH IRAN AND OPENING UP THE SANCTIONS REGIME AGAINST IRAQ IN AN EFFORT TO ENSURE IRAQI REPAYMENT OF A PORTION OF ITS DEBT 00 RUSSIA. THERE WAS A DISCUSSION OF MILITARY COOPERATION AS WELL AS BOSNIA. PRESIDENT CLINTON AND PRESIDENT YELTSIN BOTH DISCUSSED THE NATURE OF THE U.S.-RUSSIAN RELATIONSHIP AND THE IMPORTANCE OF THAT RELATIONSHIP TO THE FUTURE OF WORLD STABILITY AND PEACE, PARTICULARLY IN EUROPE AND IN THE CONTEXT OF THE PARTNERSHIP FOR PEACE. PRESIDENT YELTSIN SIGNALED A POSSIBLE CHANGE IN HIS CABINET, DROPPING FORMER PRIME MINISTER GAYDAR TO WORK IN THE LOWER-HOUSE OF THE NEW FEDERAL LEGISLATURE. PRESIDENT CLINTON EXPLAINED THE CONCEPT OF ENSURING A LONG TERM PEACE IN EUROPE THROUGH FRANK CONSULTATION AND STRONG AND CLOSE COOPERATION BETWEEN RUSSIA AND THE UNITED STATES, BUT WITH CARE TAKEN TO ENSURE RESPECT FOR THE INTEREST OF OTHERS. END SUMMARY. 4.THE PRESIDENT MET WITH PRESIDENT YELTSIN AT THE DACHA AT NOVA OGAREVA OUTSIDE OF MOSCOW ON JANUARY I4TH FOR A DINNER IN WHICH A NUMBER OF BUSINESS ISSUES AROSE. THIS MEMCOM RECORDS THE BUSINESS DISCUSSION. THE PRESIDENT WAS ACCOMPANIED BY SECRETARY CHRISTOPHER, SECRETARY BENSON, NATIONAL SECURITY ADVISOR LAKE, AMBASSADOR AT LARGE STROBE TALBOTT AND AMBASSADOR PICKERING. PRESIDENT YELTSIN WAS ACCOMPANIED BY PRIME MINISTER CHRNOMYRDIN, FIRST DEPUTY PRIME MINISTER SOSKOVETS, FOREIGN MINISTER KOZYREV, DEFENSE MINISTER GRACHEV AND BY HIS LEGAL ADVISOR ILLYUSHIN. 5. AFTER OPENING PLEASANTRIES, PRESIDENT CLINTON NOTED THE IMPORTANCE HE ATTACHED TO HAVING HAD A CHANCE TO SEE RUSSIAN PEOPLE ON THE STREETS OF MOSCOW. HE TOLD PRESIDENT YELTSIN THAT HE HAD PASSED ON HIS CONCERNS TO PRESIDENT YELTSIN'S ADVISORS ABOUT THE PEOPLE AND THEIR REACTIONS. 6. PRESIDENT YELTSIN CHANGED THE SUBJECT AND NOTED MRS. YELTSIN HAD CALLED HIS ATTENTION TO A WONDERFUL ARTICLE ""IZVESTIA"" NEWSPAPER HAD RUN ON PRESIDENT CLINTON. THE ARTICLE ALSO COVERED MRS. CLINTON'S ACTIVITIES. 7. PRESIDENT YELTSIN THEN RETURNED TO THE INITIAL COMMENT ABOUT PEOPLE BEING WORRIED. THEY ARE CRITICAL OF US AND THEY ARE CERTAINLY RIGHT, HE SAID. TO DO BETTER, I HAVE SENT SERGEI ALEXANDROVICH FILATOV, THE KREMLIN CHIEF-OF-STAFF, TO LEARN ABOUT YOUR SYSTEM. WE ARE TRYING TO FIND OUT ABOUT HOW TO BE MORE EFFICIENT AT OUR WORK AND TO SPREAD THE RESPONSIBILITIES TO THOSE WHO CAN CARRY THEM OUT. THE COLLABORATION BETWEEN OUR COLLKAGUES IN THE CABINET IS STRONG AND WE HAVE A STRONG CABINET.","January 13/14, 1994, Nova Ogareva, outside Moscow (source item date January 13; cable subject says January 14)","","","","","","","","2. THIS CABLE IS FORWARDED FOR YOUR CLEARANCE. DECLASSIFIED | 3. SUMMARY: IN A SERIES OF DISCUSSIONS ABOUT PER E.0.13526","80-90","80-90","1-11","https://therealjameswilson.github.io/Clinton-Russia-High-Level/public/documents/clinton-standalone-1994-01-13-yeltsin-dinner-cable.pdf","https://clinton.presidentiallibraries.us/files/original/c016beef71be071cd9c96fcf0972fd57.pdf"
"16","1994-01-14","Memcon","Needs source-note review","classified-by line not parsed; classification reason not parsed; declassify-on line not parsed","Trilateral Meeting with President Boris Yeltsin of Russia on Security Issues","Source: Department of State, FOIA Virtual Reading Room, Strobe Talbott FOIA release, case F-2017-13804, document C06694499. [Classification marking to be verified against the source PDF]. The face page identifies Director for Russia, Ukraine and Eurasia Affairs, NSC Staff as notetaker. The face page gives the date/time/place as: January 14, 1994, 8:35 - 8:55 a.m. ' St. Catherine's Hall, The Kremlin DECLASSIFICATION AUTHORITY: Geoffrey W. Chapman, Senior Reviewer, A/GIS/IPS 3/25/2019 llarlaccifv nn- nAnp nrwrinrm-rl iu UNCLASSIFIED U.S. Department of State Case No. F-2017-13804 Doc No. C06694499 Date: 03/29/2019.","Source PDF pages State FOIA document C06694499, conversation pages 1-3. Compiler packet pages 91-93; actual conversation pages 91-93.","Source: Department of State, FOIA Virtual Reading Room, Strobe Talbott FOIA release, case F-2017-13804, document C06694499.","Subject: Trilateral Meeting President Boris Yeltsin of Russia on Security Issues (U) | Date/time/place: January 14, 1994, 8:35 - 8:55 a.m. ' St. Catherine's Hall, The Kremlin DECLASSIFICATION AUTHORITY: Geoffrey W. Chapman, Senior Reviewer, A/GIS/IPS 3/25/2019 llarlaccifv nn- nAnp nrwrinrm-rl iu UNCLASSIFIED U.S. Department of State Case No. F-2017-13804 Doc No. C06694499 Date: 03/29/2019 | Face-page marking: UNCLASSIFIED U.S. Department of State Case No. F-2017-13804 Doc No. C06694499 Date: 03/29/2019 | Notetaker: Director for Russia, Ukraine and Eurasia Affairs, NSC Staff | Participants block: The President Warren Chrstopher, Secretary of State Thomas Pickering, U.S. Ambassador to Russia William Miller, U.S. Ambassador to Ukraine Anthony Lake, Assistant to the President for National Security Affairs Strobe Talbott, Deputy Secretary of State (Designate) Frank Wisner, Under Secretary of Defense for Policy LTG Michael Ryan, Assistant to the Chairm...","Trilateral Meeting President Boris Yeltsin of Russia on Security Issues (U)","January 14, 1994, 8:35 - 8:55 a.m. ' St. Catherine's Hall, The Kremlin DECLASSIFICATION AUTHORITY: Geoffrey W. Chapman, Senior Reviewer, A/GIS/IPS 3/25/2019 llarlaccifv nn- nAnp nrwrinrm-rl iu UNCLASSIFIED U.S. Department of State Case No. F-2017-13804 Doc No. C06694499 Date: 03/29/2019","The President Warren Chrstopher, Secretary of State Thomas Pickering, U.S. Ambassador to Russia William Miller, U.S. Ambassador to Ukraine Anthony Lake, Assistant to the President for National Security Affairs Strobe Talbott, Deputy Secretary of State (Designate) Frank Wisner, Under Secretary of Defense for Policy LTG Michael Ryan, Assistant to the Chairman, Joint Chiefs of Staff Rose Gottemoeller, Director for Russia, Ukraine and Eurasia Affairs, NSC Staff (Notetaker) Dmitry Zarechnak, Interpreter Russia Boris Yeltsin, President of the Russian Federation Viktor Chernomyrdin, Prime Minister Andrei Kozyrev, Foreign Minister Yuri Baturin, Secretary of National Security Georgiy Mamedov, Deputy Foreign Minister General Pavel Grachev, Defense Minister Dmitriy Ryurikov, President's National Security Advisor Ukraine Leonid Kravchuk, President of Ukraine Yukhym Zwigilskiy, Acting Prime Minister Anatoliy ZIenko, Foreign Minister' General Vitaliy Radetsky, Defense Minister Anton Buteyko, President's National Security Advisor Yevhen Marchuk, Security Minister Valeriy Shmarov, Deputy Prime Minister","Director for Russia, Ukraine and Eurasia Affairs, NSC Staff","","UNCLASSIFIED U.S. Department of State Case No. F-2017-13804 Doc No. C06694499 Date: 03/29/2019","","","","DECLASSIFIED] | DECLASSIFICATION AUTHORITY: Geoffrey W. Chapman, Senior Reviewer,","91-93","91-93","State FOIA document C06694499, conversation pages 1-3","https://therealjameswilson.github.io/Clinton-Russia-High-Level/public/documents/1994-01-14-memcon-trilateral-yeltsin-kravchuk.pdf","https://drive.google.com/file/d/1mA2m1fonXTwvzmbdVLzjWV7iGpBWAC1r/view"
"17","1994-01-14","Memcon","Needs source-note review","classified-by line not parsed; classification reason not parsed; declassify-on line not parsed","Second Expanded Bilateral Session with President Boris Yeltsin of Russia","Source: Department of State, FOIA Virtual Reading Room, Strobe Talbott FOIA release, case F-2017-13804, document C06694502. Confidential. The face page identifies Director for Russia, Ukraine and Eurasia Affairs, NSC Staff as notetaker. The face page gives the date/time/place as: January 14, 1994, 9:35 - 11:15 a.m. St. Catherine's Hall, The Kremlin.","Source PDF pages State FOIA document C06694502, conversation pages 1-8. Compiler packet pages 94-101; actual conversation pages 94-101.","Source: Department of State, FOIA Virtual Reading Room, Strobe Talbott FOIA release, case F-2017-13804, document C06694502.","Subject: Second.ExpandeB Bilatexal Session with President Boris Yeltsin of Russia (U) | Date/time/place: January 14, 1994, 9:35 - 11:15 a.m. St. Catherine's Hall, The Kremlin | Face-page marking: CONFIDENTIAL | Notetaker: Director for Russia, Ukraine and Eurasia Affairs, NSC Staff | Participants block: The President Warren Christopher, Secretary of State Thomas Pickering, U.S. Ambassador to Russia Mack McLarty, Chief of Staff David Gergen, Counselor to the President Anthony Lake, Assistant to the President for National Security Affairs Leon Fuerth, Assistant to the Vice President for National Security Affairs Strobe Talbott,. Deputy Secretary of State (...","Second.ExpandeB Bilatexal Session with President Boris Yeltsin of Russia (U)","January 14, 1994, 9:35 - 11:15 a.m. St. Catherine's Hall, The Kremlin","The President Warren Christopher, Secretary of State Thomas Pickering, U.S. Ambassador to Russia Mack McLarty, Chief of Staff David Gergen, Counselor to the President Anthony Lake, Assistant to the President for National Security Affairs Leon Fuerth, Assistant to the Vice President for National Security Affairs Strobe Talbott,. Deputy Secretary of State (Designate) Frank Wisner, Under Secretary of Defense for, Policy Dr. Lynn Davis, Under Secretary of State for International Security Affairs LTG Michael Ryan, Assistant to the Chairman, Joint Chiefs of Staff Rose Gottemoeller, Director for Russia, Ukraine and Eurasia Affairs, NSC Staff (Notetaker) Dmitry Zarechnak, Interpreter Boris Yeltsin, President of Russian Federation Andrei Kozyrev, Foreign Minister Vladimir Lukin, Russian Ambassador to the U.S. Yurii Baturin, Secretary of National Security Council Viktor Ilyushin, Advisor-to President Yeltsin General Pavel Grachev, Defense Minister Sergey Filatov, Chief of Presidential Administration Georgiy Mamedov, Deputy Foreign Minister Oleg Lobov, Head of National Security Council Dmitriy Ryurikov, President's National Security Advisor","Director for Russia, Ukraine and Eurasia Affairs, NSC Staff","","CONFIDENTIAL","","","","DECLASSIFIED | DECLASSIFICATION AUTHORITY: Geoffrey W. Chapman, Senior","94-101","94-101","State FOIA document C06694502, conversation pages 1-8","https://therealjameswilson.github.io/Clinton-Russia-High-Level/public/documents/1994-01-14-memcon-second-expanded-bilateral-session.pdf","https://drive.google.com/file/d/1pr42yhINujL_px_Y5aXD_MmChhc5sy9v/view"
"18","1994-01-15","Memcon","Needs source-note review","classification marking; classified-by line not parsed; classification reason not parsed","One-on-One Meeting with President Boris Yeltsin of Russia","Source: William J. Clinton Presidential Library, Clinton Digital Library item 101364, ""Memorandum of Conversation - President Boris Yeltsin of Russia,"" January 15, 1994, part of 2016-0117-M, Memcons - Memoranda of Conversation. [Classification marking to be verified against the source PDF]. The face page gives the date/time/place as: January 15, 1994, 9:00 - 9:20am The Kremlin The President started the conversation by saying that before he came to Moscow, he had worked hard with the G-7 to achieve the three aims which the U.S. and Russia shared: first, to get the next 1.5 billion dollars from the IMF to Russia; second, to get some debt relief (restructuring); third, to get flexibility in the conditions set by the international financial institutions for setting conditions for aid. The G-7 nations agreed to this if the President would push for reforms in Russia, since they believed that President Yeltsin was committed to these reforms. President Clinton said that he had asked for today's meeting with President Yeltsin because President Yeltsin had told him on the previous day that there would be some changes in personnel in his government related to economic positions. For example, Gaidar would lead the party of reformers in the parliament. This was, of course, for President Yeltsin, not President Clinton, to decide, and President Clinton had come to better understand during the days he had just spent in Moscow, talking to the people in the streets and in the TV studio, the political pressures facing President Yeltsin. President Yeltsin only wished that as President Yeltsin worked through these issues in the coming days, he would think about what President Clinton was saying. (^ President Clinton said President Yeltsin's decision could have an impact on all the individuals who were committed to achieving the desired goals for Russia. President Clinton's credibility was connected to President Yeltsin's indication that he would continue the reforms, which were linked to a specific team of people. Perhaps this would change, but the impression was that ~6ECRE¥- Declassify on: OADR ccrocn-.","Source PDF pages 1-2. Compiler packet pages 102-103; actual conversation pages 102-103.","Source: William J. Clinton Presidential Library, Clinton Digital Library item 101364, ""Memorandum of Conversation - President Boris Yeltsin of Russia,"" January 15, 1994, part of 2016-0117-M, Memcons - Memoranda of Conversation.","Subject: One-on-One Meeting with President Boris Yeltsin of Russia (U) | Date/time/place: January 15, 1994, 9:00 - 9:20am The Kremlin The President started the conversation by saying that before he came to Moscow, he had worked hard with the G-7 to achieve the three aims which the U.S. and Russia shared: first, to get the next 1.5 billion dollars from the IMF to Russia; second, to get some debt relief (restructuring); third, to get flexibility in the conditions set by the international financial institutions for setting conditions for aid. The G-7 nations agreed to this if the President would push for reforms in Russia, since they believed that President Yeltsin was committed to these reforms. President Clinton said that he had asked for today's meeting with President Yeltsin because President Yeltsin had told him on the previous day that there would be some changes in personnel in his government related to economic positions. For example, Gaidar would lead the party of reformers in the parliament. This was, of course, for President Yeltsin, not President Clinton, to decide, and President Clinton had come to better understand during the days he had just spent in Moscow, talking to the people in the streets and in the TV studio, the political pressures facing President Yeltsin. President Yeltsin only wished that as President Yeltsin worked through these issues in the coming days, he would think about what President Clinton was saying. (^ President Clinton said President Yeltsin's decision could have an impact on all the individuals who were committed to achieving the desired goals for Russia. President Clinton's credibility was connected to President Yeltsin's indication that he would continue the reforms, which were linked to a specific team of people. Perhaps this would change, but the impression was that ~6ECRE¥- Declassify on: OADR ccrocn- | Declassify on: OADR | Participants block: The President Dimitry Zarechnak (Interpreter and notetaker) Boris Yeltsin, President of Russian Federation Interpreter","One-on-One Meeting with President Boris Yeltsin of Russia (U)","January 15, 1994, 9:00 - 9:20am The Kremlin The President started the conversation by saying that before he came to Moscow, he had worked hard with the G-7 to achieve the three aims which the U.S. and Russia shared: first, to get the next 1.5 billion dollars from the IMF to Russia; second, to get some debt relief (restructuring); third, to get flexibility in the conditions set by the international financial institutions for setting conditions for aid. The G-7 nations agreed to this if the President would push for reforms in Russia, since they believed that President Yeltsin was committed to these reforms. President Clinton said that he had asked for today's meeting with President Yeltsin because President Yeltsin had told him on the previous day that there would be some changes in personnel in his government related to economic positions. For example, Gaidar would lead the party of reformers in the parliament. This was, of course, for President Yeltsin, not President Clinton, to decide, and President Clinton had come to better understand during the days he had just spent in Moscow, talking to the people in the streets and in the TV studio, the political pressures facing President Yeltsin. President Yeltsin only wished that as President Yeltsin worked through these issues in the coming days, he would think about what President Clinton was saying. (^ President Clinton said President Yeltsin's decision could have an impact on all the individuals who were committed to achieving the desired goals for Russia. President Clinton's credibility was connected to President Yeltsin's indication that he would continue the reforms, which were linked to a specific team of people. Perhaps this would change, but the impression was that ~6ECRE¥- Declassify on: OADR ccrocn-","The President Dimitry Zarechnak (Interpreter and notetaker) Boris Yeltsin, President of Russian Federation Interpreter","","","","","","OADR","DECLASSIFIED | PER E.0.13526. | Declassify on: OADR","102-103","102-103","1-2","https://therealjameswilson.github.io/Clinton-Russia-High-Level/public/documents/clinton-standalone-1994-01-15-memcon-one-on-one.pdf","https://clinton.presidentiallibraries.us/files/original/67bc3e4fc7cc0ed1ba4f438e510624d8.pdf"
"19","1994-02-20","Telcon","Needs source-note review","classification marking; classified-by line not parsed; classification reason not parsed","Telephone call with President Boris Yeltsin of Russia, February 20, 1994, White House White House","Source: William J. Clinton Presidential Library, Clinton Presidential Records, Records of the National Security Council Records Management Office (Clinton Administration), NAID 7388808, Presidential Records Series (PRS) Files, NAID 7585721, NSC Records Management, [Yeltsin and Telcons], OA/Box Number 470, Folder Title/Record ID 9401529, Mandatory Declassification Review 2015-0782-M-1, Declassified documents concerning Russian President Boris Yeltsin. [Classification marking to be verified against the source PDF]. The face page identifies Katherine O'Loughlin as notetaker. The face page identifies Galina Tunik-Rosniansky as interpreter. The face page gives the date/time/place as: February 20, 1994; l:27-l:47pm EST The Oval Office.","Source PDF pages 155-157. Source marker/provenance page 148. Compiler packet pages 104-107; actual conversation pages 104-106; provenance sheet page 107.","Source: William J. Clinton Presidential Library, Clinton Presidential Records, Records of the National Security Council Records Management Office (Clinton Administration), NAID 7388808, Presidential Records Series (PRS) Files, NAID 7585721, NSC Records Management, [Yeltsin and Telcons], OA/Box Number 470, Folder Title/Record ID 9401529, Mandatory Declassification Review 2015-0782-M-1, Declassified documents concerning Russian President Boris Yeltsin.","Subject: Telecon with President Boris Yeltsin of Russia | Date/time/place: February 20, 1994; l:27-l:47pm EST The Oval Office | Declassify on: OADR | Notetaker: Katherine O'Loughlin | Interpreter: Galina Tunik-Rosniansky | Participants block: The President President Yeltsin Interpreter: Galina Tunik-Rosniansky Notetaker: Katherine O'Loughlin","Telecon with President Boris Yeltsin of Russia","February 20, 1994; l:27-l:47pm EST The Oval Office","The President President Yeltsin Interpreter: Galina Tunik-Rosniansky Notetaker: Katherine O'Loughlin","Katherine O'Loughlin","Galina Tunik-Rosniansky","","","","OADR","DECLASSIFIED | PER E.0.13526 | Declassify on: OADR","104-107","104-106","155-157","https://therealjameswilson.github.io/Clinton-Russia-High-Level/public/documents/1994-02-20-telcon-16.pdf","https://www.clintonlibrary.gov/sites/default/files/finding_aids_a_z/2026-05/2015-0782-M-1.pdf"
"20","1994-04-10","Telcon","Needs source-note review","classification marking; classified-by line not parsed; classification reason not parsed","Telephone call with President Boris Yeltsin of Russia, April 10, 1994, White House","Source: William J. Clinton Presidential Library, Clinton Presidential Records, Records of the National Security Council Records Management Office (Clinton Administration), NAID 7388808, Presidential Records Series (PRS) Files, NAID 7585721, NSC Records Management, [Yeltsin and Telcons], OA/Box Number 472, Folder Title/Record ID 9402775, Mandatory Declassification Review 2015-0782-M-1, Declassified documents concerning Russian President Boris Yeltsin. [Classification marking to be verified against the source PDF]. The face page identifies Kevin Wooton, William Spencer as notetaker. The face page identifies Dimitri Zarechnak as interpreter. The face page gives the date/time/place as: April 10, 1994; Call began at 2315 EDT, terminated at 2338 EDT. The White House.","Source PDF pages 164-166. Source marker/provenance page 159. Compiler packet pages 108-111; actual conversation pages 108-110; provenance sheet page 111.","Source: William J. Clinton Presidential Library, Clinton Presidential Records, Records of the National Security Council Records Management Office (Clinton Administration), NAID 7388808, Presidential Records Series (PRS) Files, NAID 7585721, NSC Records Management, [Yeltsin and Telcons], OA/Box Number 472, Folder Title/Record ID 9402775, Mandatory Declassification Review 2015-0782-M-1, Declassified documents concerning Russian President Boris Yeltsin.","Subject: Telcon With President Yeltsin of Russia | Date/time/place: April 10, 1994; Call began at 2315 EDT, terminated at 2338 EDT. The White House | Declassify on: OADR | Notetaker: Kevin Wooton, William Spencer | Interpreter: Dimitri Zarechnak | Participants block: The President President Yeltsin Interpreter: Dimitri Zarechnak Notetaker: Kevin Wooton, William Spencer","Telcon With President Yeltsin of Russia","April 10, 1994; Call began at 2315 EDT, terminated at 2338 EDT. The White House","The President President Yeltsin Interpreter: Dimitri Zarechnak Notetaker: Kevin Wooton, William Spencer","Kevin Wooton, William Spencer","Dimitri Zarechnak","","","","OADR","WAS HI NGTON DECLASSIFIED | PER E.0.13526 ^ | Declassify on: OADR","108-111","108-110","164-166","https://therealjameswilson.github.io/Clinton-Russia-High-Level/public/documents/1994-04-10-telcon-17.pdf","https://www.clintonlibrary.gov/sites/default/files/finding_aids_a_z/2026-05/2015-0782-M-1.pdf"
"21","1994-04-20","Telcon","Needs source-note review","classification marking; classified-by line not parsed; classification reason not parsed","Telephone call with President Boris Yeltsin of Russia, April 20, 1994, White House","Source: William J. Clinton Presidential Library, Clinton Presidential Records, Records of the National Security Council Records Management Office (Clinton Administration), NAID 7388808, Presidential Records Series (PRS) Files, NAID 7585721, NSC Records Management, [Yeltsin and Telcons], OA/Box Number 472, Folder Title/Record ID 9403047, Mandatory Declassification Review 2015-0782-M-1, Declassified documents concerning Russian President Boris Yeltsin. [Classification marking to be verified against the source PDF]. The face page identifies Rick Waddell as notetaker. The face page identifies Dimitry Zarechnak as interpreter. The face page gives the date/time/place as: April 20, 1994; 2:25 - 3:05pm Oval Office.","Source PDF pages 181-184. Source marker/provenance page 171. Compiler packet pages 112-116; actual conversation pages 112-115; provenance sheet page 116.","Source: William J. Clinton Presidential Library, Clinton Presidential Records, Records of the National Security Council Records Management Office (Clinton Administration), NAID 7388808, Presidential Records Series (PRS) Files, NAID 7585721, NSC Records Management, [Yeltsin and Telcons], OA/Box Number 472, Folder Title/Record ID 9403047, Mandatory Declassification Review 2015-0782-M-1, Declassified documents concerning Russian President Boris Yeltsin.","Subject: Telcon with President Boris Yeltsin of Russia on April 20, 1994 (U) | Date/time/place: April 20, 1994; 2:25 - 3:05pm Oval Office | Declassify on: OADR | Notetaker: Rick Waddell | Interpreter: Dimitry Zarechnak | Participants block: The President President Boris Yeltsin Interpreter: Dimitry Zarechnak Notetaker: Rick Waddell","Telcon with President Boris Yeltsin of Russia on April 20, 1994 (U)","April 20, 1994; 2:25 - 3:05pm Oval Office","The President President Boris Yeltsin Interpreter: Dimitry Zarechnak Notetaker: Rick Waddell","Rick Waddell","Dimitry Zarechnak","","","","OADR","Declassify on: OADR","112-116","112-115","181-184","https://therealjameswilson.github.io/Clinton-Russia-High-Level/public/documents/1994-04-20-telcon-18.pdf","https://www.clintonlibrary.gov/sites/default/files/finding_aids_a_z/2026-05/2015-0782-M-1.pdf"
"22","1994-06-13","Telcon","Needs source-note review","classified-by line not parsed; classification reason not parsed","Telephone Call with President Boris Yeltsin of Russia, June 13, 1994, White House","Source: William J. Clinton Presidential Library, Clinton Presidential Records, Records of the National Security Council Records Management Office (Clinton Administration), NAID 7388808, Presidential Records Series (PRS) Files, NAID 7585721, Document ID 9404692, Original OA/ID 475, Mandatory Declassification Review 2015-0782-M-1, Declassified documents concerning Russian President Boris Yeltsin. [Classification marking to be verified against the source PDF]. The face page identifies Steven Aoki as notetaker. The face page identifies Dimitry Zarechnak as interpreter. The face page gives the date/time/place as: 11 June 1994, 1:24 (EDT) The White House President Clinton: Hello.","Source PDF pages 191-194. Source marker/provenance page 187. Compiler packet pages 117-121; actual conversation pages 117-120; provenance sheet page 121.","Source: William J. Clinton Presidential Library, Clinton Presidential Records, Records of the National Security Council Records Management Office (Clinton Administration), NAID 7388808, Presidential Records Series (PRS) Files, NAID 7585721, Document ID 9404692, Original OA/ID 475, Mandatory Declassification Review 2015-0782-M-1, Declassified documents concerning Russian President Boris Yeltsin.","Subject: Telcon with Boris Yeltsin of Russia on 13 June 1994 | Date/time/place: 11 June 1994, 1:24 (EDT) The White House President Clinton: Hello | Face-page marking: SECRET 3/iy cioig K6H ^ | Declassify on: OADR PER E.0.13526 | Notetaker: Steven Aoki | Interpreter: Dimitry Zarechnak | Participants block: The President President Yeltsin Interpreter: Dimitry Zarechnak Notetaker: Steven Aoki","Telcon with Boris Yeltsin of Russia on 13 June 1994","11 June 1994, 1:24 (EDT) The White House President Clinton: Hello","The President President Yeltsin Interpreter: Dimitry Zarechnak Notetaker: Steven Aoki","Steven Aoki","Dimitry Zarechnak","SECRET 3/iy cioig K6H ^","","","OADR PER E.0.13526","Declassify on: OADR PER E.0.13526","117-121","117-120","191-194","https://therealjameswilson.github.io/Clinton-Russia-High-Level/public/documents/1994-06-13-telcon-20.pdf","https://www.clintonlibrary.gov/sites/default/files/finding_aids_a_z/2026-05/2015-0782-M-1.pdf"
"23","1994-07-05","Telcon","Needs source-note review","classified-by line not parsed; classification reason not parsed","Telephone call with President Boris Yeltsin of Russia, July 5, 1994, White House","Source: William J. Clinton Presidential Library, Clinton Presidential Records, Records of the National Security Council Records Management Office (Clinton Administration), NAID 7388808, Presidential Records Series (PRS) Files, NAID 7585721, NSC Records Management, [Yeltsin and Telcons], OA/Box Number 477, Folder Title/Record ID 9405387, Mandatory Declassification Review 2015-0782-M-1, Declassified documents concerning Russian President Boris Yeltsin. [Classification marking to be verified against the source PDF]. The face page identifies John Beyrle as notetaker. The face page identifies Kyrill Borissov as interpreter. The face page gives the date/time/place as: 5 July 1994, 9:31-9:49 (EDT) Oval Office.","Source PDF pages 202-204. Source marker/provenance page 196. Compiler packet pages 122-125; actual conversation pages 122-124; provenance sheet page 125.","Source: William J. Clinton Presidential Library, Clinton Presidential Records, Records of the National Security Council Records Management Office (Clinton Administration), NAID 7388808, Presidential Records Series (PRS) Files, NAID 7585721, NSC Records Management, [Yeltsin and Telcons], OA/Box Number 477, Folder Title/Record ID 9405387, Mandatory Declassification Review 2015-0782-M-1, Declassified documents concerning Russian President Boris Yeltsin.","Subject: Telcon with Boris Yeltsin of Russia on 5 July 1994 | Date/time/place: 5 July 1994, 9:31-9:49 (EDT) Oval Office | Face-page marking: -SECRET 5387 | Declassify on: OADR DECLASSIFIED | Notetaker: John Beyrle | Interpreter: Kyrill Borissov | Participants block: The President President Yeltsin Interpreter: Kyrill Borissov Notetaker: John Beyrle","Telcon with Boris Yeltsin of Russia on 5 July 1994","5 July 1994, 9:31-9:49 (EDT) Oval Office","The President President Yeltsin Interpreter: Kyrill Borissov Notetaker: John Beyrle","John Beyrle","Kyrill Borissov","-SECRET 5387","","","OADR DECLASSIFIED","Declassify on: OADR DECLASSIFIED | PER E.0.13526.","122-125","122-124","202-204","https://therealjameswilson.github.io/Clinton-Russia-High-Level/public/documents/1994-07-05-telcon-21.pdf","https://www.clintonlibrary.gov/sites/default/files/finding_aids_a_z/2026-05/2015-0782-M-1.pdf"
"24","1994-09-27","Memcon","Needs source-note review","classified-by line not parsed; classification reason not parsed","Clinton-Yeltsin one-on-one memcon, September 27, 1994","Source: William J. Clinton Presidential Library, Clinton Presidential Records, Records of the National Security Council Records Management Office (Clinton Administration), NAID 7388808, Presidential Records Series (PRS) Files, NAID 7585721, NSC Records Management, [Yeltsin and Telcons], OA/Box Number 481, Folder Title/Record ID 9408090, Mandatory Declassification Review 2015-0782-M-1, Declassified documents concerning Russian President Boris Yeltsin. [Classification marking to be verified against the source PDF]. The face page identifies The President President Boris Yeltsin Anthony Lake, Assistant to the President for National Security as notetaker. The face page gives the date/time/place as: September 27, 1994: 11:00 a.m.-1:00 p.m.; Oval Office and Patio.","Source PDF pages 213-219. Source marker/provenance page 209. Compiler packet pages 126-133; actual conversation pages 126-132; provenance sheet page 133.","Source: William J. Clinton Presidential Library, Clinton Presidential Records, Records of the National Security Council Records Management Office (Clinton Administration), NAID 7388808, Presidential Records Series (PRS) Files, NAID 7585721, NSC Records Management, [Yeltsin and Telcons], OA/Box Number 481, Folder Title/Record ID 9408090, Mandatory Declassification Review 2015-0782-M-1, Declassified documents concerning Russian President Boris Yeltsin.","Subject: Meeting with President Boris Yeltsin | Date/time/place: September 27, 1994: 11:00 a.m.-1:00 p.m.; Oval Office and Patio | Face-page marking: -SECRET^- PER E.0.13526, | Declassify on: OADR t^-i | Notetaker: The President President Boris Yeltsin Anthony Lake, Assistant to the President for National Security | Participants block: The President President Boris Yeltsin Anthony Lake, Assistant to the President for National Security (Notetaker) Victor Ilyushin, First Assistant to President Yeltsin (Notetaker)","Meeting with President Boris Yeltsin","September 27, 1994: 11:00 a.m.-1:00 p.m.; Oval Office and Patio","The President President Boris Yeltsin Anthony Lake, Assistant to the President for National Security (Notetaker) Victor Ilyushin, First Assistant to President Yeltsin (Notetaker)","The President President Boris Yeltsin Anthony Lake, Assistant to the President for National Security","","-SECRET^- PER E.0.13526,","","","OADR t^-i","DECLASSIFIED | -SECRET^- PER E.0.13526, | Declassify on: OADR t^-i","126-133","126-132","213-219","https://therealjameswilson.github.io/Clinton-Russia-High-Level/public/documents/1994-09-27-clinton-yeltsin-white-house-one-on-one.pdf","https://www.clintonlibrary.gov/sites/default/files/finding_aids_a_z/2026-05/2015-0782-M-1.pdf"
"25","1994-09-27","Memcon","Needs source-note review","classified-by line not parsed; classification reason not parsed","Meeting with President Boris Yeltsin of Russia, September 27, 1994, White House","Source: William J. Clinton Presidential Library, Clinton Presidential Records, Records of the National Security Council Records Management Office (Clinton Administration), NAID 7388808, Presidential Records Series (PRS) Files, NAID 7585721, NSC Records Management, [Yeltsin and Telcons], OA/Box Number 482, Folder Title/Record ID 9408513, Mandatory Declassification Review 2015-0782-M-1, Declassified documents concerning Russian President Boris Yeltsin. [Classification marking to be verified against the source PDF]. The face page gives the date/time/place as: September 27, 1994; 4:35-5:35pm Cabinet Room DECLASSIFIED PER E.0.13526 •CONFIDENTIAL- Declassify on: OADR 3/iyi.ol8 K6H.","Source PDF pages 251-260. Source marker/provenance page 245. Compiler packet pages 134-144; actual conversation pages 134-143; provenance sheet page 144.","Source: William J. Clinton Presidential Library, Clinton Presidential Records, Records of the National Security Council Records Management Office (Clinton Administration), NAID 7388808, Presidential Records Series (PRS) Files, NAID 7585721, NSC Records Management, [Yeltsin and Telcons], OA/Box Number 482, Folder Title/Record ID 9408513, Mandatory Declassification Review 2015-0782-M-1, Declassified documents concerning Russian President Boris Yeltsin.","Subject: Expanded Session on Security Issues with President Yeltsin of the Russian Federation | Date/time/place: September 27, 1994; 4:35-5:35pm Cabinet Room DECLASSIFIED PER E.0.13526 •CONFIDENTIAL- Declassify on: OADR 3/iyi.ol8 K6H | Face-page marking: •CONFIDENTIAL- | Declassify on: OADR 3/iyi.ol8 K6H | Participants block: The President The Vice President Warren Christopher, The Secretary of State William Perry, The Secretary of Defense Anthony Lake, Assistant to the President for National Security Affairs Leon Fuerth, Assistant to the Vice President for National Security Affairs Lynn Davis, Undersecretary for International Security Affairs Thomas Pickering, U.S. Ambassador...","Expanded Session on Security Issues with President Yeltsin of the Russian Federation","September 27, 1994; 4:35-5:35pm Cabinet Room DECLASSIFIED PER E.0.13526 •CONFIDENTIAL- Declassify on: OADR 3/iyi.ol8 K6H","The President The Vice President Warren Christopher, The Secretary of State William Perry, The Secretary of Defense Anthony Lake, Assistant to the President for National Security Affairs Leon Fuerth, Assistant to the Vice President for National Security Affairs Lynn Davis, Undersecretary for International Security Affairs Thomas Pickering, U.S. Ambassador to the Russian Federation Nicholas Burns, Special Assistant to the President and Senior Director for Russian, Ukrainian and Eurasian Affairs, NSC Rose Gottemoeller, Director for Russian, Ukrainian and Eurasian Affairs, NSC Notetaker Peter Afanasenko, Interpreter Boris Yeltsin, President of the Russian Federation Oleg Soskovets, Deputy Prime Minister Andrey Kozyrev, Minister of Foreign Affairs Pavel Grachev, Minister of Defense Oleg Davydov, Minister of Foreign Economics Trade Georgiy Mamedov, Deputy Minister of Foreign Affairs Viktor Iliyushin, First Assistant to the President Yuliy Vorontsov, Russian Ambassador to the U.S. Interpreter","","","•CONFIDENTIAL-","","","OADR 3/iyi.ol8 K6H","DECLASSIFIED | PER E.0.13526 | Declassify on: OADR 3/iyi.ol8 K6H","134-144","134-143","251-260","https://therealjameswilson.github.io/Clinton-Russia-High-Level/public/documents/1994-09-27-clinton-yeltsin-expanded-security-session.pdf","https://www.clintonlibrary.gov/sites/default/files/finding_aids_a_z/2026-05/2015-0782-M-1.pdf"
"26","1994-09-28","Memcon","Needs source-note review","participants; classification marking; classified-by line not parsed; classification reason not parsed; declassify-on line not parsed","Second Clinton/Yeltsin One-on-One","Source: William J. Clinton Presidential Library, Clinton Digital Library item 101758, ""Declassified documents concerning telcon between the President and Boris Yeltsin on September 28, 1994,"" identifier 2018-1215-M; creators National Security Council, NSC European Affairs Office, and Alexander Vershbow; part of National Archives Catalog Description, NAID 7585499; Clinton Presidential Records: White House Staff and Office Files; Declassified Documents collection. [Classification marking to be verified against the source PDF]. The face page gives the date/time/place as: September 28, 1994, 1:00-2:30 p.m..","Source PDF pages 3-7,9. Compiler packet pages 145-150; actual conversation pages 145-150.","Source: William J. Clinton Presidential Library, Clinton Digital Library item 101758, ""Declassified documents concerning telcon between the President and Boris Yeltsin on September 28, 1994,"" identifier 2018-1215-M; creators National Security Council, NSC European Affairs Office, and Alexander Vershbow; part of National Archives Catalog Description, NAID 7585499; Clinton Presidential Records: White House Staff and Office Files; Declassified Documents collection.","Subject: Second Clinton/Yeltsin One-on-One | Date/time/place: September 28, 1994, 1:00-2:30 p.m.","Second Clinton/Yeltsin One-on-One","September 28, 1994, 1:00-2:30 p.m.","","","","","","","","DECLASSIFIED","145-150","145-150","3-7,9","https://therealjameswilson.github.io/Clinton-Russia-High-Level/public/documents/clinton-standalone-1994-09-28-second-one-on-one.pdf","https://clinton.presidentiallibraries.us/files/original/2509827ca57f98e07eec584b3d69250f.pdf"
"27","1994-10-05","Telcon","Needs source-note review","classification marking; classified-by line not parsed; classification reason not parsed","Telephone call with President Boris Yeltsin, October 5, 1994, White House","Source: William J. Clinton Presidential Library, Clinton Presidential Records, Records of the National Security Council Records Management Office (Clinton Administration), NAID 7388808, Presidential Records Series (PRS) Files, NAID 7585721, NSC Records Management, [Yeltsin and Telcons], Folder Title/Record ID 9408162, Mandatory Declassification Review 2015-0782-M-1, Declassified documents concerning Russian President Boris Yeltsin. [Classification marking to be verified against the source PDF]. The face page identifies Jessica Stern as notetaker. The face page identifies Dimitry Zarechnak as interpreter. The face page gives the date/time/place as: October 5, 1993, 10:30-11:00am, Oval Office.","Source PDF pages 227-230. Source marker/provenance page 221. Compiler packet pages 151-155; actual conversation pages 151-154; provenance sheet page 155.","Source: William J. Clinton Presidential Library, Clinton Presidential Records, Records of the National Security Council Records Management Office (Clinton Administration), NAID 7388808, Presidential Records Series (PRS) Files, NAID 7585721, NSC Records Management, [Yeltsin and Telcons], Folder Title/Record ID 9408162, Mandatory Declassification Review 2015-0782-M-1, Declassified documents concerning Russian President Boris Yeltsin.","Subject: Telephone Conversation with Russian President Yeltsin (U) | Date/time/place: October 5, 1993, 10:30-11:00am, Oval Office | Declassify on: OADR 3/iy 1013 l'<8Vl | Notetaker: Jessica Stern | Interpreter: Dimitry Zarechnak | Participants block: The President President Boris Yeltsin Interpreter: Dimitry Zarechnak Notetaker: Jessica Stern","Telephone Conversation with Russian President Yeltsin (U)","October 5, 1993, 10:30-11:00am, Oval Office","The President President Boris Yeltsin Interpreter: Dimitry Zarechnak Notetaker: Jessica Stern","Jessica Stern","Dimitry Zarechnak","","","","OADR 3/iy 1013 l'<8Vl","DECLASSIFIED | PER E.0.13526 ^ | Declassify on: OADR 3/iy 1013 l'<8Vl","151-155","151-154","227-230","https://therealjameswilson.github.io/Clinton-Russia-High-Level/public/documents/1994-10-05-telcon-24.pdf","https://www.clintonlibrary.gov/sites/default/files/finding_aids_a_z/2026-05/2015-0782-M-1.pdf"
"28","1994-10-10","Telcon","Needs source-note review","classification marking; classified-by line not parsed; classification reason not parsed","Telephone call with President Boris Yeltsin of Russia, October 10, 1994, White House","Source: William J. Clinton Presidential Library, Clinton Presidential Records, Records of the National Security Council Records Management Office (Clinton Administration), NAID 7388808, Presidential Records Series (PRS) Files, NAID 7585721, OA/Box Number 481, Folder Title/Record ID 9408229, Mandatory Declassification Review 2015-0782-M-1, Declassified documents concerning Russian President Boris Yeltsin. [Classification marking to be verified against the source PDF]. The face page identifies Jessica Stern as notetaker. The face page identifies Dimitry Zarechnak as interpreter. The face page gives the date/time/place as: October 10, 1993, 12:15 - 12:40pm Oval Office.","Source PDF pages 238-241. Source marker/provenance page 233. Compiler packet pages 156-160; actual conversation pages 156-159; provenance sheet page 160.","Source: William J. Clinton Presidential Library, Clinton Presidential Records, Records of the National Security Council Records Management Office (Clinton Administration), NAID 7388808, Presidential Records Series (PRS) Files, NAID 7585721, OA/Box Number 481, Folder Title/Record ID 9408229, Mandatory Declassification Review 2015-0782-M-1, Declassified documents concerning Russian President Boris Yeltsin.","Subject: Telcon with President Boris Yeltsin of Russian Federation (U) | Date/time/place: October 10, 1993, 12:15 - 12:40pm Oval Office | Declassify on: OADR PER E.0.13526 ^ | Notetaker: Jessica Stern | Interpreter: Dimitry Zarechnak | Participants block: The President President Yeltsin Interpreter: Dimitry Zarechnak Notetaker: Jessica Stern","Telcon with President Boris Yeltsin of Russian Federation (U)","October 10, 1993, 12:15 - 12:40pm Oval Office","The President President Yeltsin Interpreter: Dimitry Zarechnak Notetaker: Jessica Stern","Jessica Stern","Dimitry Zarechnak","","","","OADR PER E.0.13526 ^","SEC-RET- DECLASSIFIED | Declassify on: OADR PER E.0.13526 ^","156-160","156-159","238-241","https://therealjameswilson.github.io/Clinton-Russia-High-Level/public/documents/1994-10-10-clinton-yeltsin-iraq-telcon.pdf","https://www.clintonlibrary.gov/sites/default/files/finding_aids_a_z/2026-05/2015-0782-M-1.pdf"
"29","1995-02-13","Telcon","Needs source-note review","participants; notetaker; interpreter; classified-by line not parsed; classification reason not parsed","Telephone call with President Boris Yeltsin of Russia, February 13, 1995, White House","Source: William J. Clinton Presidential Library, Clinton Presidential Records, Records of the National Security Council Records Management Office (Clinton Administration), NAID 7388808, Presidential Records Series (PRS) Files, NAID 7585721, NSC Records Management, [Yeltsin and Telcons], OA/Box Number 564, Folder Title/Record ID 9500995, Mandatory Declassification Review 2015-0782-M-1, Declassified documents concerning Russian President Boris Yeltsin. [Classification marking to be verified against the source PDF]. The face page gives the date/time/place as: February 13, 1995, 1:03-1:25 p.m. Oval Office.","Source PDF pages 268-271. Source marker/provenance page 263. Compiler packet pages 161-165; actual conversation pages 161-164; provenance sheet page 165.","Source: William J. Clinton Presidential Library, Clinton Presidential Records, Records of the National Security Council Records Management Office (Clinton Administration), NAID 7388808, Presidential Records Series (PRS) Files, NAID 7585721, NSC Records Management, [Yeltsin and Telcons], OA/Box Number 564, Folder Title/Record ID 9500995, Mandatory Declassification Review 2015-0782-M-1, Declassified documents concerning Russian President Boris Yeltsin.","Subject: Telephone Conversation with Russian President Yeltsin: Chechnya, START II PTU^TICIPTUITS The President President Boris Yeltsin DECLASSIFIED PER E.0.13526 Interpreter: Dimitry Zarechnak Notetaker: Steve Pifer 3/iyioi8 KBH | Date/time/place: February 13, 1995, 1:03-1:25 p.m. Oval Office | Face-page marking: SECRET ^ 0995 | Declassify on: OADR","Telephone Conversation with Russian President Yeltsin: Chechnya, START II PTU^TICIPTUITS The President President Boris Yeltsin DECLASSIFIED PER E.0.13526 Interpreter: Dimitry Zarechnak Notetaker: Steve Pifer 3/iyioi8 KBH","February 13, 1995, 1:03-1:25 p.m. Oval Office","","","","SECRET ^ 0995","","","OADR","President Boris Yeltsin DECLASSIFIED | PER E.0.13526 | Declassify on: OADR","161-165","161-164","268-271","https://therealjameswilson.github.io/Clinton-Russia-High-Level/public/documents/1995-02-13-telcon-26.pdf","https://www.clintonlibrary.gov/sites/default/files/finding_aids_a_z/2026-05/2015-0782-M-1.pdf"
"30","1995-04-27","Telcon","Needs source-note review","classified-by line not parsed; classification reason not parsed","Telephone call with President Boris Yeltsin of Russia, April 27, 1995, White House","Source: William J. Clinton Presidential Library, Clinton Presidential Records, Records of the National Security Council Records Management Office (Clinton Administration), NAID 7388808, Presidential Records Series (PRS) Files, NAID 7585721, NSC Records Management, [Yeltsin and Telcons], Folder Title/Record ID 9503572, Mandatory Declassification Review 2015-0782-M-1, Declassified documents concerning Russian President Boris Yeltsin. [Classification marking to be verified against the source PDF]. The face page identifies John Beyrle, Kenneth Baldwin, Karen Dragone as notetaker. The face page identifies Peter Afanasenko as interpreter. The face page gives the date/time/place as: 27 April 1995, 9:31 - 10:04am Oval Office.","Source PDF pages 280-283. Source marker/provenance page 275. Compiler packet pages 166-170; actual conversation pages 166-169; provenance sheet page 170.","Source: William J. Clinton Presidential Library, Clinton Presidential Records, Records of the National Security Council Records Management Office (Clinton Administration), NAID 7388808, Presidential Records Series (PRS) Files, NAID 7585721, NSC Records Management, [Yeltsin and Telcons], Folder Title/Record ID 9503572, Mandatory Declassification Review 2015-0782-M-1, Declassified documents concerning Russian President Boris Yeltsin.","Subject: Presidential Telephone Call | Date/time/place: 27 April 1995, 9:31 - 10:04am Oval Office | Face-page marking: COMF1 DEI^fflAL 3572 | Declassify on: OADR PER E.0.13526 ^ | Notetaker: John Beyrle, Kenneth Baldwin, Karen Dragone | Interpreter: Peter Afanasenko | Participants block: The President President Yeltsin Interpreter: Peter Afanasenko Notetakers: John Beyrle, Kenneth Baldwin, Karen Dragone","Presidential Telephone Call","27 April 1995, 9:31 - 10:04am Oval Office","The President President Yeltsin Interpreter: Peter Afanasenko Notetakers: John Beyrle, Kenneth Baldwin, Karen Dragone","John Beyrle, Kenneth Baldwin, Karen Dragone","Peter Afanasenko","COMF1 DEI^fflAL 3572","","","OADR PER E.0.13526 ^","-GONFIDENTIAL- DECLASSIFIED | Declassify on: OADR PER E.0.13526 ^","166-170","166-169","280-283","https://therealjameswilson.github.io/Clinton-Russia-High-Level/public/documents/1995-04-27-telcon-27.pdf","https://www.clintonlibrary.gov/sites/default/files/finding_aids_a_z/2026-05/2015-0782-M-1.pdf"
"31","1995-05-10","Memcon","Needs source-note review","participants; classification marking; classified-by line not parsed; classification reason not parsed; declassify-on line not parsed","Meeting with President Boris Yeltsin of Russia, May 10, 1995, The Kremlin, Moscow, Russia","Source: William J. Clinton Presidential Library, Clinton Presidential Records, Records of the National Security Council Records Management Office (Clinton Administration), NAID 7388808, Presidential Records Series (PRS) Files, NAID 7585721, Document ID 9503774, Original OA/ID 582, Mandatory Declassification Review 2014-0904-M-Release-A, Declassified documents concerning Russia. [Classification marking to be verified against the source PDF]. The face page gives the date/time/place as: 10:10 a.m. - 1:19 p.m..","Source PDF pages 285-300. Source marker/provenance page 284. Compiler packet pages 171-187; actual conversation pages 171-186; provenance sheet page 187.","Source: William J. Clinton Presidential Library, Clinton Presidential Records, Records of the National Security Council Records Management Office (Clinton Administration), NAID 7388808, Presidential Records Series (PRS) Files, NAID 7585721, Document ID 9503774, Original OA/ID 582, Mandatory Declassification Review 2014-0904-M-Release-A, Declassified documents concerning Russia.","Subject: One-On-One Meeting | Date/time/place: 10:10 a.m. - 1:19 p.m.","One-On-One Meeting","10:10 a.m. - 1:19 p.m.","","","","","","","","","171-187","171-186","285-300","https://therealjameswilson.github.io/Clinton-Russia-High-Level/public/documents/1995-05-10-memcon-28.pdf","https://www.clintonlibrary.gov/sites/default/files/finding_aids_a_z/2026-05/2015-0782-M-1.pdf"
"32","1995-06-17","Memcon","Needs source-note review","participants; classified-by line not parsed; classification reason not parsed; declassify-on line not parsed","Meeting with President Boris Yeltsin of Russia, June 17, 1995, Halifax, Nova Scotia, Canada","Source: Department of State, FOIA Virtual Reading Room, Strobe Talbott FOIA release, case F-2017-13804, document C06835181. [Classification marking to be verified against the source PDF]. The face page gives the date/time/place as: June 17, 1995, Halifax, Nova Scotia, Canada.","Source PDF pages Strobe FOIA document C06835181, conversation pages 1-8. Compiler packet pages 188-195; actual conversation pages 188-195.","Source: Department of State, FOIA Virtual Reading Room, Strobe Talbott FOIA release, case F-2017-13804, document C06835181.","Subject: Cl'inton-Yeltsin Meeting | Date/time/place: June 17, 1995, Halifax, Nova Scotia, Canada | Face-page marking: UNCLASSIFIED U.S. Department of State Case No. F-2017-13804 Doc No. C06835181 Date: 12/28/2020","Cl'inton-Yeltsin Meeting","June 17, 1995, Halifax, Nova Scotia, Canada","","","","UNCLASSIFIED U.S. Department of State Case No. F-2017-13804 Doc No. C06835181 Date: 12/28/2020","","","","","188-195","188-195","Strobe FOIA document C06835181, conversation pages 1-8","https://therealjameswilson.github.io/Clinton-Russia-High-Level/public/documents/1995-06-17-memcon-29.pdf","https://therealjameswilson.github.io/strobe-talbott-foia/manifest.html"
"33","1995-07-28","Telcon","Needs source-note review","classification marking; classified-by line not parsed; classification reason not parsed","Telephone call with President Boris Yeltsin of Russia, July 28, 1995, White House","Source: William J. Clinton Presidential Library, Clinton Presidential Records, Records of the National Security Council Records Management Office (Clinton Administration), NAID 7388808, Presidential Records Series (PRS) Files, NAID 7585721, NSC Records Management, [Yeltsin and Telcons], OA/Box Number 597, Folder Title/Record ID 9505860, Mandatory Declassification Review 2015-0782-M-1, Declassified documents concerning Russian President Boris Yeltsin. [Classification marking to be verified against the source PDF]. The face page identifies Steve Pifer, Katherine O'Loughlin, Kenneth Baldwin and Mary Canty as notetaker. The face page identifies Peter Afanasenko as interpreter. The face page gives the date/time/place as: July 28, 1995, 10:35-11:19 a.m. EDT Oval Office.","Source PDF pages 309-313. Source marker/provenance page 302. Compiler packet pages 196-201; actual conversation pages 196-200; provenance sheet page 201.","Source: William J. Clinton Presidential Library, Clinton Presidential Records, Records of the National Security Council Records Management Office (Clinton Administration), NAID 7388808, Presidential Records Series (PRS) Files, NAID 7585721, NSC Records Management, [Yeltsin and Telcons], OA/Box Number 597, Folder Title/Record ID 9505860, Mandatory Declassification Review 2015-0782-M-1, Declassified documents concerning Russian President Boris Yeltsin.","Subject: President's Discussion with Yeltsin on Bosnia, Chechnya | Date/time/place: July 28, 1995, 10:35-11:19 a.m. EDT Oval Office | Declassify on: OADR | Notetaker: Steve Pifer, Katherine O'Loughlin, Kenneth Baldwin and Mary Canty | Interpreter: Peter Afanasenko | Participants block: The President President Boris Yeltsin of Russia Interpreter: Peter Afanasenko Notetakers: Steve Pifer, Katherine O'Loughlin, Kenneth Baldwin and Mary Canty","President's Discussion with Yeltsin on Bosnia, Chechnya","July 28, 1995, 10:35-11:19 a.m. EDT Oval Office","The President President Boris Yeltsin of Russia Interpreter: Peter Afanasenko Notetakers: Steve Pifer, Katherine O'Loughlin, Kenneth Baldwin and Mary Canty","Steve Pifer, Katherine O'Loughlin, Kenneth Baldwin and Mary Canty","Peter Afanasenko","","","","OADR","PER E.0.13526 | Declassify on: OADR","196-201","196-200","309-313","https://therealjameswilson.github.io/Clinton-Russia-High-Level/public/documents/1995-07-28-telcon-30.pdf","https://www.clintonlibrary.gov/sites/default/files/finding_aids_a_z/2026-05/2015-0782-M-1.pdf"
"34","1995-09-27","Telcon","Needs source-note review","classification marking; classified-by line not parsed; classification reason not parsed","Telephone call with President Boris Yeltsin of Russia, September 27, 1995, White House","Source: William J. Clinton Presidential Library, Clinton Presidential Records, Records of the National Security Council Records Management Office (Clinton Administration), NAID 7388808, Presidential Records Series (PRS) Files, NAID 7585721, NSC Records Management, [Yeltsin and Telcons], OA/Box Number 606, Folder Title/Record ID 9507137, Mandatory Declassification Review 2015-0782-M-1, Declassified documents concerning Russian President Boris Yeltsin. [Classification marking to be verified against the source PDF]. The face page identifies Steve Pifer, Paul Weber, Deuce Martinez, Katherine O'Loughlin, Trey Whitworth as notetaker. The face page identifies Peter Afanasenko as interpreter. The face page gives the date/time/place as: September 27, 1995, 10:35-11:53 a.m. EDT Oval Office.","Source PDF pages 324-326. Source marker/provenance page 318. Compiler packet pages 202-205; actual conversation pages 202-204; provenance sheet page 205.","Source: William J. Clinton Presidential Library, Clinton Presidential Records, Records of the National Security Council Records Management Office (Clinton Administration), NAID 7388808, Presidential Records Series (PRS) Files, NAID 7585721, NSC Records Management, [Yeltsin and Telcons], OA/Box Number 606, Folder Title/Record ID 9507137, Mandatory Declassification Review 2015-0782-M-1, Declassified documents concerning Russian President Boris Yeltsin.","Subject: President's Discussion with Yeltsin on Bosnia, CEE, Hyde Park and a Vice Presidential Meeting with Chernomyrdin | Date/time/place: September 27, 1995, 10:35-11:53 a.m. EDT Oval Office | Declassify on: OADR PER E.0.13526 | Notetaker: Steve Pifer, Paul Weber, Deuce Martinez, Katherine O'Loughlin, Trey Whitworth | Interpreter: Peter Afanasenko | Participants block: The President President Yeltsin of Russia (in Sochi) Interpreter: Peter Afanasenko Notetakers: Steve Pifer, Paul Weber, Deuce Martinez, Katherine O'Loughlin, Trey Whitworth","President's Discussion with Yeltsin on Bosnia, CEE, Hyde Park and a Vice Presidential Meeting with Chernomyrdin","September 27, 1995, 10:35-11:53 a.m. EDT Oval Office","The President President Yeltsin of Russia (in Sochi) Interpreter: Peter Afanasenko Notetakers: Steve Pifer, Paul Weber, Deuce Martinez, Katherine O'Loughlin, Trey Whitworth","Steve Pifer, Paul Weber, Deuce Martinez, Katherine O'Loughlin, Trey Whitworth","Peter Afanasenko","","","","OADR PER E.0.13526","-CONy-TDENTIAL DECLASSIFIED | Declassify on: OADR PER E.0.13526","202-205","202-204","324-326","https://therealjameswilson.github.io/Clinton-Russia-High-Level/public/documents/1995-09-27-telcon-31.pdf","https://www.clintonlibrary.gov/sites/default/files/finding_aids_a_z/2026-05/2015-0782-M-1.pdf"
"35","1995-10-23","Memcon","Needs source-note review","participants; classification marking; classified-by line not parsed; classification reason not parsed; declassify-on line not parsed","Clinton-Yeltsin One-on-One","Source: William J. Clinton Presidential Library, Clinton Presidential Records, Records of the National Security Council Records Management Office (Clinton Administration), NAID 7388808, Presidential Records Series (PRS) Files, NAID 7585721, NSC Records Management, [Yeltsin], OA/Box Number 43319, Folder Title/Record ID 9507853, National Archives Catalog item 2014-0948-M, Memcon between President William Jefferson Clinton and President Boris Yeltsin, NAID 163545436. [Classification marking to be verified against the source PDF]. The face page gives the date/time/place as: 11:30 a.m.-1:35 p.m..","Source PDF pages 5-16. Source marker/provenance page 2. Compiler packet pages 206-218; actual conversation pages 206-217; provenance sheet page 218.","Source: William J. Clinton Presidential Library, Clinton Presidential Records, Records of the National Security Council Records Management Office (Clinton Administration), NAID 7388808, Presidential Records Series (PRS) Files, NAID 7585721, NSC Records Management, [Yeltsin], OA/Box Number 43319, Folder Title/Record ID 9507853, National Archives Catalog item 2014-0948-M, Memcon between President William Jefferson Clinton and President Boris Yeltsin, NAID 163545436.","Subject: Clinton-Yeltsin One-on-One | Date/time/place: 11:30 a.m.-1:35 p.m.","Clinton-Yeltsin One-on-One","11:30 a.m.-1:35 p.m.","","","","","","","","DECLASSIFIED | PER E.0.13526 ^","206-218","206-217","5-16","https://therealjameswilson.github.io/Clinton-Russia-High-Level/public/documents/1995-10-23-clinton-yeltsin-hyde-park-one-on-one.pdf","https://s3.amazonaws.com/NARAprodstorage/lz/presidential-libraries/clinton/wjc-nscrm/7585721/7-YeltsinHydePark.pdf"
"36","1995-10-23","Memcon","Needs source-note review","classification marking","Lunch with Boris Yeltsin, President of Russian Federation","Source: William J. Clinton Presidential Library, Clinton Presidential Records, Records of the National Security Council Records Management Office (Clinton Administration), NAID 7388808, Presidential Records Series (PRS) Files, NAID 7585721, NSC Records Management, [Yeltsin], OA/Box Number 611, Folder Title/Record ID 9507991, National Archives Catalog item 2014-0948-M, Memcon between President William Jefferson Clinton and President Boris Yeltsin, NAID 163545436. [Classification marking to be verified against the source PDF]. The face page gives the date/time/place as: October 23, 1995; 1:30 p.m.-2:40 p.m. Dining Room, Hyde Park Library, Hyde Park, New York.","Source PDF pages 31-35. Source marker/provenance page 19. Compiler packet pages 219-224; actual conversation pages 219-223; provenance sheet page 224.","Source: William J. Clinton Presidential Library, Clinton Presidential Records, Records of the National Security Council Records Management Office (Clinton Administration), NAID 7388808, Presidential Records Series (PRS) Files, NAID 7585721, NSC Records Management, [Yeltsin], OA/Box Number 611, Folder Title/Record ID 9507991, National Archives Catalog item 2014-0948-M, Memcon between President William Jefferson Clinton and President Boris Yeltsin, NAID 163545436.","Subject: Lunch with Boris Yeltsin, President of Russian Federation | Date/time/place: October 23, 1995; 1:30 p.m.-2:40 p.m. Dining Room, Hyde Park Library, Hyde Park, New York | Classified by: Andrew D. Sens | Reason: 1.5 (d) | Declassify on: 10/31/05 PER E.0.13526 | Participants block: U.S. President Clinton Secretary Christopher, Secretary of State Anthony Lake, Assistant to the President for National Security Affairs Strobe Talbott, Deputy Secretary of State Timbassador Thomas Pickering, U.S. Ambassador to Russia Ash Carter, Assistant Secretary of Defense for International Security Policy General Christman Coit Blacker, Special Assist...","Lunch with Boris Yeltsin, President of Russian Federation","October 23, 1995; 1:30 p.m.-2:40 p.m. Dining Room, Hyde Park Library, Hyde Park, New York","U.S. President Clinton Secretary Christopher, Secretary of State Anthony Lake, Assistant to the President for National Security Affairs Strobe Talbott, Deputy Secretary of State Timbassador Thomas Pickering, U.S. Ambassador to Russia Ash Carter, Assistant Secretary of Defense for International Security Policy General Christman Coit Blacker, Special Assistant to the President and Senior Director for Russia, Ukraine and Eurasia Affairs, NSC staff (note-taker) Russia President Yeltsin Foreign Minister Kozyrev Yeltsin Principal Assistant Ilyushin Yeltsin Foreign Policy Assistant Ryurikov Ambassador Vorontsov Deputy Foreign Minister Mamedov Yeltsin Military/Science Advisor Kuzyk Protocol Chief Shevchenko","","","","Andrew D. Sens","1.5 (d)","10/31/05 PER E.0.13526","DECLASSIFtEB | Declassify On: 10/31/05 PER E.0.13526","219-224","219-223","31-35","https://therealjameswilson.github.io/Clinton-Russia-High-Level/public/documents/1995-10-23-clinton-yeltsin-hyde-park-lunch.pdf","https://s3.amazonaws.com/NARAprodstorage/lz/presidential-libraries/clinton/wjc-nscrm/7585721/7-YeltsinHydePark.pdf"
"37","1996-01-26","Telcon","Needs source-note review","classification marking","Telephone call with President Boris Yeltsin of Russia, January 26, 1996, White House","Source: William J. Clinton Presidential Library, Clinton Presidential Records, Records of the National Security Council Records Management Office (Clinton Administration), NAID 7388808, Presidential Records Series (PRS) Files, NAID 7585721, NSC Records Management, [Yeltsin and Telcons], OA/Box Number 1082, Folder Title/Record ID 9600480, Mandatory Declassification Review 2015-0782-M-1, Declassified documents concerning Russian President Boris Yeltsin. [Classification marking to be verified against the source PDF]. The face page identifies Katherine O'Loughlin, Kevin Wooton, Deuce Martinez, Steve Pifer as notetaker. The face page identifies Peter Afanasenko as interpreter. The face page gives the date/time/place as: January 26, 1996, 10:46-11:27 a.m. EDT Oval Office.","Source PDF pages 342-346. Source marker/provenance page 336. Compiler packet pages 225-230; actual conversation pages 225-229; provenance sheet page 230.","Source: William J. Clinton Presidential Library, Clinton Presidential Records, Records of the National Security Council Records Management Office (Clinton Administration), NAID 7388808, Presidential Records Series (PRS) Files, NAID 7585721, NSC Records Management, [Yeltsin and Telcons], OA/Box Number 1082, Folder Title/Record ID 9600480, Mandatory Declassification Review 2015-0782-M-1, Declassified documents concerning Russian President Boris Yeltsin.","Subject: President's Discussion with Yeltsin on Reform, Chechnya, START II and NATO (jZ*) | Date/time/place: January 26, 1996, 10:46-11:27 a.m. EDT Oval Office | Classified by: Andrew Sens | Reason: 1.5 (d) | Declassify on: X6 | Notetaker: Katherine O'Loughlin, Kevin Wooton, Deuce Martinez, Steve Pifer | Interpreter: Peter Afanasenko | Participants block: The President President Yeltsin of Russia Interpreter: Peter Afanasenko Notetakers: Katherine O'Loughlin, Kevin Wooton, Deuce Martinez, Steve Pifer","President's Discussion with Yeltsin on Reform, Chechnya, START II and NATO (jZ*)","January 26, 1996, 10:46-11:27 a.m. EDT Oval Office","The President President Yeltsin of Russia Interpreter: Peter Afanasenko Notetakers: Katherine O'Loughlin, Kevin Wooton, Deuce Martinez, Steve Pifer","Katherine O'Loughlin, Kevin Wooton, Deuce Martinez, Steve Pifer","Peter Afanasenko","","Andrew Sens","1.5 (d)","X6","DECLASSIFIED | PER E.0.13526 | Declassify On: X6","225-230","225-229","342-346","https://therealjameswilson.github.io/Clinton-Russia-High-Level/public/documents/1996-01-26-telcon-33.pdf","https://www.clintonlibrary.gov/sites/default/files/finding_aids_a_z/2026-05/2015-0782-M-1.pdf"
"38","1996-02-21","Telcon","Needs source-note review","classified-by line not parsed","Telephone call with President Boris Yeltsin of Russia, February 21, 1996, White House","Source: William J. Clinton Presidential Library, Clinton Presidential Records, Records of the National Security Council Records Management Office (Clinton Administration), NAID 7388808, Presidential Records Series (PRS) Files, NAID 7585721, Document ID 9601097, Original OA/ID 1086, Mandatory Declassification Review 2015-0782-M-1, Declassified documents concerning Russian President Boris Yeltsin. [Classification marking to be verified against the source PDF]. The face page identifies Ted Sevigny, Mary Canty, Elaine Florio, Steve Pifer as notetaker. The face page identifies Peter Afanasenko as interpreter. The face page gives the date/time/place as: February 21, 1996, 10:38-11:05 a.m. EST Oval Office PRESIDENT CLINTON: Hello? (U) PRESIDENT YELTSIN Hello, Bill. (U) PRESIDENT CLINTON Hello, Boris. Thank you for taking my call. (U).","Source PDF pages 354-357. Source marker/provenance page 348. Compiler packet pages 231-235; actual conversation pages 231-234; provenance sheet page 235.","Source: William J. Clinton Presidential Library, Clinton Presidential Records, Records of the National Security Council Records Management Office (Clinton Administration), NAID 7388808, Presidential Records Series (PRS) Files, NAID 7585721, Document ID 9601097, Original OA/ID 1086, Mandatory Declassification Review 2015-0782-M-1, Declassified documents concerning Russian President Boris Yeltsin.","Subject: The President's Discussion with President Yeltsin on the Russian Election, Bilateral Relations,' START II Ratification and NATO | Date/time/place: February 21, 1996, 10:38-11:05 a.m. EST Oval Office PRESIDENT CLINTON: Hello? (U) PRESIDENT YELTSIN Hello, Bill. (U) PRESIDENT CLINTON Hello, Boris. Thank you for taking my call. (U) | Face-page marking: -CONFIDENTIAL £M[NTIflL 1097 | Reason: 1.5 (d) | Declassify on: X6 | Notetaker: Ted Sevigny, Mary Canty, Elaine Florio, Steve Pifer | Interpreter: Peter Afanasenko | Participants block: The President President Yeltsin of Russia Interpreter: Peter Afanasenko Notetakers: Ted Sevigny, Mary Canty, Elaine Florio, Steve Pifer","The President's Discussion with President Yeltsin on the Russian Election, Bilateral Relations,' START II Ratification and NATO","February 21, 1996, 10:38-11:05 a.m. EST Oval Office PRESIDENT CLINTON: Hello? (U) PRESIDENT YELTSIN Hello, Bill. (U) PRESIDENT CLINTON Hello, Boris. Thank you for taking my call. (U)","The President President Yeltsin of Russia Interpreter: Peter Afanasenko Notetakers: Ted Sevigny, Mary Canty, Elaine Florio, Steve Pifer","Ted Sevigny, Mary Canty, Elaine Florio, Steve Pifer","Peter Afanasenko","-CONFIDENTIAL £M[NTIflL 1097","","1.5 (d)","X6","DECLASSIFIED | Declassify On: X6","231-235","231-234","354-357","https://therealjameswilson.github.io/Clinton-Russia-High-Level/public/documents/1996-02-21-telcon-34.pdf","https://www.clintonlibrary.gov/sites/default/files/finding_aids_a_z/2026-05/2015-0782-M-1.pdf"
"39","1996-03-13","Memcon","Needs source-note review","declassify-on line not parsed","Meeting with President Boris Yeltsin of Russia, March 13, 1996, Sharm El-Sheikh, Egypt","Source: William J. Clinton Presidential Library, Clinton Presidential Records: NSC Cable, Email, and Records Management System, Clinton Digital Library item 118876, Clinton Digital Library item 2016-0118-M, Meetings between President Clinton and Russian President Boris Yeltsin. [Classification marking to be verified against the source PDF]. The face page gives the date/time/place as: March 13, 1996, Sharm El-Sheikh, Egypt.","Source PDF pages Google Drive file 1kqpS-sURsWvTfRqKhA-09YXKX5fVVh7c, pages 2-5. Source marker/provenance page 1. Compiler packet pages 236-240; actual conversation pages 236-239; provenance sheet page 240.","Source: William J. Clinton Presidential Library, Clinton Presidential Records: NSC Cable, Email, and Records Management System, Clinton Digital Library item 118876, Clinton Digital Library item 2016-0118-M, Meetings between President Clinton and Russian President Boris Yeltsin.","Subject: (C) CLINTON-YELTSIN MEMCON 3/13/96 1. CONFIDENTIAL CLASSIFIED BY: JOHN HERBSTR ACTING, S/NIS, DEPARTMENT OF STATE REASON: 1.5 (B) AND (D) TEXT OF MEMCON FROM CLINTON-YELTSIN 3/13/96 MEETING FOLLOWS FOR YOUR INFORMATION BEGIN TEXT MEMORANDUM OF CONVERSATION SUBJECT: MEETING WITH PRESIDENT BORIS YELTSIN OF Russia trr | Date/time/place: March 13, 1996, Sharm El-Sheikh, Egypt | Face-page marking: CONFIDENTIAL CLASSIFIED BY: JOHN HERBSTR ACTING, | Classified by: JOHN HERBSTR ACTING, | Reason: 1.5 (B) AND (D) | Participants block: UNITED STATES: THE PRESIDENT SECRETARY CHRISTOPHER, SECRETARY OF STATE JOHN DEUTCH, DIRECTOR OF CENTRAL INTELLIGENCE ANTHONY LAKE, ASSISTANT TO THE PRESIDENT FOR NATIONAL SECURITY AFFAIRS RADM JOHN LEUCKE, DIRECTOR, STRATEGIC PLANS AND POLICY, USCENTCOM CLINTON LIBRARY PHOTOCOPY","(C) CLINTON-YELTSIN MEMCON 3/13/96 1. CONFIDENTIAL CLASSIFIED BY: JOHN HERBSTR ACTING, S/NIS, DEPARTMENT OF STATE REASON: 1.5 (B) AND (D) TEXT OF MEMCON FROM CLINTON-YELTSIN 3/13/96 MEETING FOLLOWS FOR YOUR INFORMATION BEGIN TEXT MEMORANDUM OF CONVERSATION SUBJECT: MEETING WITH PRESIDENT BORIS YELTSIN OF Russia trr","March 13, 1996, Sharm El-Sheikh, Egypt","UNITED STATES: THE PRESIDENT SECRETARY CHRISTOPHER, SECRETARY OF STATE JOHN DEUTCH, DIRECTOR OF CENTRAL INTELLIGENCE ANTHONY LAKE, ASSISTANT TO THE PRESIDENT FOR NATIONAL SECURITY AFFAIRS RADM JOHN LEUCKE, DIRECTOR, STRATEGIC PLANS AND POLICY, USCENTCOM CLINTON LIBRARY PHOTOCOPY","","","CONFIDENTIAL CLASSIFIED BY: JOHN HERBSTR ACTING,","JOHN HERBSTR ACTING,","1.5 (B) AND (D)","","declassified","236-240","236-239","Google Drive file 1kqpS-sURsWvTfRqKhA-09YXKX5fVVh7c, pages 2-5","https://therealjameswilson.github.io/Clinton-Russia-High-Level/public/documents/1996-03-13-clinton-yeltsin-sharm-el-sheikh-memcon-cable.pdf","https://drive.google.com/file/d/1kqpS-sURsWvTfRqKhA-09YXKX5fVVh7c/view"
"40","1996-04-09","Telcon","Needs source-note review","classified-by line not parsed","Telephone call with President Boris Yeltsin of Russia, April 9, 1996, White House","Source: William J. Clinton Presidential Library, Clinton Presidential Records, Records of the National Security Council Records Management Office (Clinton Administration), NAID 7388808, Presidential Records Series (PRS) Files, NAID 7585721, NSC Records Management, [Yeltsin and Telcons], OA/Box Number 1093, Folder Title/Record ID 9602172, Mandatory Declassification Review 2015-0782-M-1, Declassified documents concerning Russian President Boris Yeltsin. [Classification marking to be verified against the source PDF]. The face page identifies Deuce Martinez, Daniel Flessas, Karen Dragone, James Goldgeier, Carlos Pascual, Steve Pifer as notetaker. The face page identifies Peter Afanasenko as interpreter. The face page gives the date/time/place as: April 9, 1996, 8:05-8:45 a.m. EDT Oval Office PRESIDENT CLINTON: Hello, Boris? (U).","Source PDF pages 369-373. Source marker/provenance page 362. Compiler packet pages 241-246; actual conversation pages 241-245; provenance sheet page 246.","Source: William J. Clinton Presidential Library, Clinton Presidential Records, Records of the National Security Council Records Management Office (Clinton Administration), NAID 7388808, Presidential Records Series (PRS) Files, NAID 7585721, NSC Records Management, [Yeltsin and Telcons], OA/Box Number 1093, Folder Title/Record ID 9602172, Mandatory Declassification Review 2015-0782-M-1, Declassified documents concerning Russian President Boris Yeltsin.","Subject: President's Discussion with Yeltsin on Chornobyl, CTBT, ABM/TMD, CEE, G-7 vs G-8 | Date/time/place: April 9, 1996, 8:05-8:45 a.m. EDT Oval Office PRESIDENT CLINTON: Hello, Boris? (U) | Face-page marking: -SECRET PER E.0.13526 | Reason: 1.5 (d) XOi5-o78i-1 | Declassify on: X6 | Notetaker: Deuce Martinez, Daniel Flessas, Karen Dragone, James Goldgeier, Carlos Pascual, Steve Pifer | Interpreter: Peter Afanasenko | Participants block: The President President Yeltsin of Russia Interpreter: Peter Afanasenko Notetakers: Deuce Martinez, Daniel Flessas, Karen Dragone, James Goldgeier, Carlos Pascual, Steve Pifer","President's Discussion with Yeltsin on Chornobyl, CTBT, ABM/TMD, CEE, G-7 vs G-8","April 9, 1996, 8:05-8:45 a.m. EDT Oval Office PRESIDENT CLINTON: Hello, Boris? (U)","The President President Yeltsin of Russia Interpreter: Peter Afanasenko Notetakers: Deuce Martinez, Daniel Flessas, Karen Dragone, James Goldgeier, Carlos Pascual, Steve Pifer","Deuce Martinez, Daniel Flessas, Karen Dragone, James Goldgeier, Carlos Pascual, Steve Pifer","Peter Afanasenko","-SECRET PER E.0.13526","","1.5 (d) XOi5-o78i-1","X6","DECLASSIFIED | -SECRET PER E.0.13526 | Declassify On: X6","241-246","241-245","369-373","https://therealjameswilson.github.io/Clinton-Russia-High-Level/public/documents/1996-04-09-telcon-36.pdf","https://www.clintonlibrary.gov/sites/default/files/finding_aids_a_z/2026-05/2015-0782-M-1.pdf"
"41","1996-04-21","Memcon","Needs source-note review","participants; classification marking; classified-by line not parsed; classification reason not parsed; declassify-on line not parsed","POTUS-Yeltsin One-on-One","Source: William J. Clinton Presidential Library, Clinton Presidential Records, Records of the National Security Council Records Management Office (Clinton Administration), NAID 7388808, Presidential Records Series (PRS) Files, NAID 7585721, NSC Records Management, [Yeltsin and Telcons], OA/Box Number 43319, Folder Title/Record ID 9602708, Mandatory Declassification Review 2015-0782-M-1, Declassified documents concerning Russian President Boris Yeltsin. [Classification marking to be verified against the source PDF]. The face page gives the date/time/place as: April 21, 1996, 10:00-11:45 a.m., Moscow, Russia.","Source PDF pages 381-393. Source marker/provenance page 377. Compiler packet pages 247-260; actual conversation pages 247-259; provenance sheet page 260.","Source: William J. Clinton Presidential Library, Clinton Presidential Records, Records of the National Security Council Records Management Office (Clinton Administration), NAID 7388808, Presidential Records Series (PRS) Files, NAID 7585721, NSC Records Management, [Yeltsin and Telcons], OA/Box Number 43319, Folder Title/Record ID 9602708, Mandatory Declassification Review 2015-0782-M-1, Declassified documents concerning Russian President Boris Yeltsin.","Subject: POTUS-Yeltsin One-on-One | Date/time/place: April 21, 1996, 10:00-11:45 a.m., Moscow, Russia","POTUS-Yeltsin One-on-One","April 21, 1996, 10:00-11:45 a.m., Moscow, Russia","","","","","","","","DECLASSIFIED | 10:00-11:45am PER E.0.13526","247-260","247-259","381-393","https://therealjameswilson.github.io/Clinton-Russia-High-Level/public/documents/1996-04-21-memcon-moscow-one-on-one.pdf","https://www.clintonlibrary.gov/sites/default/files/finding_aids_a_z/2026-05/2015-0782-M-1.pdf"
"42","1996-04-21","Memcon","Parsed face-page fields available","","Luncheon Meeting with Russian President Boris Yeltsin","Source: William J. Clinton Presidential Library, Clinton Presidential Records, Records of the National Security Council Records Management Office (Clinton Administration), NAID 7388808, Presidential Records Series (PRS) Files, NAID 7585721, NSC Records Management, [Yeltsin and Telcons], OA/Box Number 1100, Folder Title/Record ID 9602963, Mandatory Declassification Review 2015-0782-M-2, Declassified documents concerning Russian President Boris Yeltsin. [Classification marking to be verified against the source PDF]. The face page identifies Ambassador-at-Large to the New Independent States Ashton Carter, Assistant Secretary of Defense Coit Blacker, NSC as notetaker. The face page gives the date/time/place as: April 21, 1996, 12:50 -- 2:15 p.m. The Kremlin.","Source PDF pages 7-13. Source marker/provenance page 2. Compiler packet pages 261-268; actual conversation pages 261-267; provenance sheet page 268.","Source: William J. Clinton Presidential Library, Clinton Presidential Records, Records of the National Security Council Records Management Office (Clinton Administration), NAID 7388808, Presidential Records Series (PRS) Files, NAID 7585721, NSC Records Management, [Yeltsin and Telcons], OA/Box Number 1100, Folder Title/Record ID 9602963, Mandatory Declassification Review 2015-0782-M-2, Declassified documents concerning Russian President Boris Yeltsin.","Subject: Luncheon Meeting with Russian President Boris Yeltsin (U) | Date/time/place: April 21, 1996, 12:50 -- 2:15 p.m. The Kremlin | Face-page marking: SEGRS¥- 2963 | Classified by: Andrew D. Sens ?mm. 13526 | Reason: 1.5 (d) io\5 - 0781- - X ^ l.o\^ | Declassify on: X6 | Notetaker: Ambassador-at-Large to the New Independent States Ashton Carter, Assistant Secretary of Defense Coit Blacker, NSC | Participants block: U.S. The President Thomas Pickering, U.S. Ambassador to Russia Leon Panetta, Chief of Staff to the President Strobe Talbott, Deputy Secretary of State Samuel Berger, Deputy Assistant to the President for National Security Affairs James Collins, Ambassador-at-Large to the New Independent States Ashton Carter, Assistant Secretary of Defense Coit Blacker, NS...","Luncheon Meeting with Russian President Boris Yeltsin (U)","April 21, 1996, 12:50 -- 2:15 p.m. The Kremlin","U.S. The President Thomas Pickering, U.S. Ambassador to Russia Leon Panetta, Chief of Staff to the President Strobe Talbott, Deputy Secretary of State Samuel Berger, Deputy Assistant to the President for National Security Affairs James Collins, Ambassador-at-Large to the New Independent States Ashton Carter, Assistant Secretary of Defense Coit Blacker, NSC (Notetaker) Russia President Yeltsin I. S. Ivanov, Deputy Foreign Minister Yu. M. Vorontsov, Russian Ambassador to the United States Yu. M. Baturin, President's National Security Assistant D. B. Ryurikov, President's Foreign Policy Assistant A. A. Kokoshin, Deputy Defense Minister G. E. Mamedov, Deputy Foreign Minister N. N. Spasskiy, Head, North 7\merica Department, MFA","Ambassador-at-Large to the New Independent States Ashton Carter, Assistant Secretary of Defense Coit Blacker, NSC","","SEGRS¥- 2963","Andrew D. Sens ?mm. 13526","1.5 (d) io\5 - 0781- - X ^ l.o\^","X6","Declassify On: X6","261-268","261-267","7-13","https://therealjameswilson.github.io/Clinton-Russia-High-Level/public/documents/1996-04-21-memcon-moscow-luncheon.pdf","https://www.clintonlibrary.gov/sites/default/files/finding_aids_a_z/2026-01/2015-0782-M-2.pdf"
"43","1996-05-07","Telcon","Needs source-note review","classification marking; classified-by line not parsed","Telephone call with President Boris Yeltsin of Russia, May 7, 1996, White House","Source: William J. Clinton Presidential Library, Clinton Presidential Records, Records of the National Security Council Records Management Office (Clinton Administration), NAID 7388808, Presidential Records Series (PRS) Files, NAID 7585721, NSC Records Management, [Yeltsin and Telcons], OA/Box Number 1101, Folder Title/Record ID 9603149, Mandatory Declassification Review 2015-0782-M-2, Declassified documents concerning Russian President Boris Yeltsin. [Classification marking to be verified against the source PDF]. The face page identifies James Goldgeier, Carlos Pascual, Steve Pifer as notetaker. The face page identifies Dmitriy Zarechnak as interpreter. The face page gives the date/time/place as: May 7, 1996, 8:34-8:55 a.m. EDT, Oval Office .","Source PDF pages 25-28. Source marker/provenance page 19. Compiler packet pages 269-273; actual conversation pages 269-272; provenance sheet page 273.","Source: William J. Clinton Presidential Library, Clinton Presidential Records, Records of the National Security Council Records Management Office (Clinton Administration), NAID 7388808, Presidential Records Series (PRS) Files, NAID 7585721, NSC Records Management, [Yeltsin and Telcons], OA/Box Number 1101, Folder Title/Record ID 9603149, Mandatory Declassification Review 2015-0782-M-2, Declassified documents concerning Russian President Boris Yeltsin.","Subject: Telephone Conversation with Russian President Yeltsin on CTBT, Chechnya, Economics, CFE and Russian Election | Date/time/place: May 7, 1996, 8:34-8:55 a.m. EDT, Oval Office  | Reason: 1.5(d) | Declassify on: 5/7/06 | Notetaker: James Goldgeier, Carlos Pascual, Steve Pifer | Interpreter: Dmitriy Zarechnak | Participants block: The President President Boris Yeltsin Interpreter: Dmitriy Zarechnak Notetakers: James Goldgeier, Carlos Pascual, Steve Pifer","Telephone Conversation with Russian President Yeltsin on CTBT, Chechnya, Economics, CFE and Russian Election","May 7, 1996, 8:34-8:55 a.m. EDT, Oval Office ","The President President Boris Yeltsin Interpreter: Dmitriy Zarechnak Notetakers: James Goldgeier, Carlos Pascual, Steve Pifer","James Goldgeier, Carlos Pascual, Steve Pifer","Dmitriy Zarechnak","","","1.5(d)","5/7/06","DECLASSIFIED | Declassify On: 5/7/06","269-273","269-272","25-28","https://therealjameswilson.github.io/Clinton-Russia-High-Level/public/documents/1996-05-07-telcon-38.pdf","https://www.clintonlibrary.gov/sites/default/files/finding_aids_a_z/2026-01/2015-0782-M-2.pdf"
"44","1996-06-18","Telcon","Needs source-note review","classification marking; classified-by line not parsed","Telephone call with President Boris Yeltsin of Russia, June 18, 1996, White House","Source: William J. Clinton Presidential Library, Clinton Presidential Records, Records of the National Security Council Records Management Office (Clinton Administration), NAID 7388808, Presidential Records Series (PRS) Files, NAID 7585721, Document ID 9604219, Original OA/ID 1108, Mandatory Declassification Review 2015-0782-M-2, Declassified documents concerning Russian President Boris Yeltsin. [Classification marking to be verified against the source PDF]. The face page identifies James Goldgeier, Carlos Pascual as notetaker. The face page identifies Peter Afanasenko as interpreter. The face page gives the date/time/place as: June 18, 1996, 9:02-9:12 a.m. EDT, Residence .","Source PDF pages 39-40. Source marker/provenance page 33. Compiler packet pages 274-276; actual conversation pages 274-275; provenance sheet page 276.","Source: William J. Clinton Presidential Library, Clinton Presidential Records, Records of the National Security Council Records Management Office (Clinton Administration), NAID 7388808, Presidential Records Series (PRS) Files, NAID 7585721, Document ID 9604219, Original OA/ID 1108, Mandatory Declassification Review 2015-0782-M-2, Declassified documents concerning Russian President Boris Yeltsin.","Subject: Telephone Conversation with Russian President Yeltsin | Date/time/place: June 18, 1996, 9:02-9:12 a.m. EDT, Residence  | Reason: 1.5(d) 3/12/^013 Ken | Declassify on: 1.6, X6 | Notetaker: James Goldgeier, Carlos Pascual | Interpreter: Peter Afanasenko | Participants block: The President President Boris Yeltsin Interpreter: Peter Afanasenko Notetakers: James Goldgeier, Carlos Pascual","Telephone Conversation with Russian President Yeltsin","June 18, 1996, 9:02-9:12 a.m. EDT, Residence ","The President President Boris Yeltsin Interpreter: Peter Afanasenko Notetakers: James Goldgeier, Carlos Pascual","James Goldgeier, Carlos Pascual","Peter Afanasenko","","","1.5(d) 3/12/^013 Ken","1.6, X6","DECLASSIFIED | Declassify On: 1.6, X6","274-276","274-275","39-40","https://therealjameswilson.github.io/Clinton-Russia-High-Level/public/documents/1996-06-18-telcon-39.pdf","https://www.clintonlibrary.gov/sites/default/files/finding_aids_a_z/2026-01/2015-0782-M-2.pdf"
"45","1996-07-05","Telcon","Needs source-note review","classification marking; classified-by line not parsed","Telephone call with President Boris Yeltsin of Russia, July 5, 1996, White House","Source: William J. Clinton Presidential Library, Clinton Presidential Records, Records of the National Security Council Records Management Office (Clinton Administration), NAID 7388808, Presidential Records Series (PRS) Files, NAID 7585721, NSC Records Management, [Yeltsin and Telcons], Folder Title/Record ID 9604660, Mandatory Declassification Review 2015-0782-M-2, Declassified documents concerning Russian President Boris Yeltsin. [Classification marking to be verified against the source PDF]. The face page identifies Carlos Pascual, James Goldgeier, Evan Reade, Peter Huggins, Katherine O'Loughlin, Deuce Martinez as notetaker. The face page identifies Nik Sorokin as interpreter. The face page gives the date/time/place as: July 5, 1996, 9:05-9:27 a.m. EDT, Residence .","Source PDF pages 49-51. Source marker/provenance page 44. Compiler packet pages 277-280; actual conversation pages 277-279; provenance sheet page 280.","Source: William J. Clinton Presidential Library, Clinton Presidential Records, Records of the National Security Council Records Management Office (Clinton Administration), NAID 7388808, Presidential Records Series (PRS) Files, NAID 7585721, NSC Records Management, [Yeltsin and Telcons], Folder Title/Record ID 9604660, Mandatory Declassification Review 2015-0782-M-2, Declassified documents concerning Russian President Boris Yeltsin.","Subject: Telephone Conversation with Russian President Yeltsin | Date/time/place: July 5, 1996, 9:05-9:27 a.m. EDT, Residence  | Reason: 1.5(d) | Declassify on: 7/5/06 PER E.0.13526. | Notetaker: Carlos Pascual, James Goldgeier, Evan Reade, Peter Huggins, Katherine O'Loughlin, Deuce Martinez | Interpreter: Nik Sorokin | Participants block: The President President Boris Yeltsin Interpreter: Nik Sorokin Notetakers: Carlos Pascual, James Goldgeier, Evan Reade, Peter Huggins, Katherine O'Loughlin, Deuce Martinez","Telephone Conversation with Russian President Yeltsin","July 5, 1996, 9:05-9:27 a.m. EDT, Residence ","The President President Boris Yeltsin Interpreter: Nik Sorokin Notetakers: Carlos Pascual, James Goldgeier, Evan Reade, Peter Huggins, Katherine O'Loughlin, Deuce Martinez","Carlos Pascual, James Goldgeier, Evan Reade, Peter Huggins, Katherine O'Loughlin, Deuce Martinez","Nik Sorokin","","","1.5(d)","7/5/06 PER E.0.13526.","Declassify On: 7/5/06 PER E.0.13526.","277-280","277-279","49-51","https://therealjameswilson.github.io/Clinton-Russia-High-Level/public/documents/1996-07-05-telcon-40.pdf","https://www.clintonlibrary.gov/sites/default/files/finding_aids_a_z/2026-01/2015-0782-M-2.pdf"
"46","1996-09-15","Telcon","Needs source-note review","classification marking","Telephone call with President Boris Yeltsin of Russia, September 15, 1996, White House","Source: William J. Clinton Presidential Library, Clinton Presidential Records, Records of the National Security Council Records Management Office (Clinton Administration), NAID 7388808, Presidential Records Series (PRS) Files, NAID 7585721, NSC Records Management, [Yeltsin and Telcons], Folder Title/Record ID 9606243, Mandatory Declassification Review 2015-0782-M-2, Declassified documents concerning Russian President Boris Yeltsin. [Classification marking to be verified against the source PDF]. The face page identifies Cindy Lawrence, Steve Brennan, Peter Huggins, Ki Fort as notetaker. The face page identifies Peter Afanasenko as interpreter. The face page gives the date/time/place as: September 15, 1996, 11:04-11:13 a.m. Residence President Clinton: Hello. Hello Boris. (U).","Source PDF pages 64-65. Source marker/provenance page 58. Compiler packet pages 281-283; actual conversation pages 281-282; provenance sheet page 283.","Source: William J. Clinton Presidential Library, Clinton Presidential Records, Records of the National Security Council Records Management Office (Clinton Administration), NAID 7388808, Presidential Records Series (PRS) Files, NAID 7585721, NSC Records Management, [Yeltsin and Telcons], Folder Title/Record ID 9606243, Mandatory Declassification Review 2015-0782-M-2, Declassified documents concerning Russian President Boris Yeltsin.","Subject: Conversation with President Boris Yeltsin of Russia (U) | Date/time/place: September 15, 1996, 11:04-11:13 a.m. Residence President Clinton: Hello. Hello Boris. (U) | Classified by: Andrew D. Sens PER E.0.13526 ^. | Reason: 1.5 (b) 0.0^5'0780.- | Declassify on: 09/15/06 S/\z/'X.Q\S KtM | Notetaker: Cindy Lawrence, Steve Brennan, Peter Huggins, Ki Fort | Interpreter: Peter Afanasenko | Participants block: The President President Boris Yeltsin Interpreter: Peter Afanasenko Notetakers: Cindy Lawrence, Steve Brennan, Peter Huggins, Ki Fort","Conversation with President Boris Yeltsin of Russia (U)","September 15, 1996, 11:04-11:13 a.m. Residence President Clinton: Hello. Hello Boris. (U)","The President President Boris Yeltsin Interpreter: Peter Afanasenko Notetakers: Cindy Lawrence, Steve Brennan, Peter Huggins, Ki Fort","Cindy Lawrence, Steve Brennan, Peter Huggins, Ki Fort","Peter Afanasenko","","Andrew D. Sens PER E.0.13526 ^.","1.5 (b) 0.0^5'0780.-","09/15/06 S/\z/'X.Q\S KtM","•GQ^fflDENTIj DECLASSIFIED | Classified by: Andrew D. Sens PER E.0.13526 ^. | Declassify On: 09/15/06 S/\z/'X.Q\S KtM","281-283","281-282","64-65","https://therealjameswilson.github.io/Clinton-Russia-High-Level/public/documents/1996-09-15-telcon-41.pdf","https://www.clintonlibrary.gov/sites/default/files/finding_aids_a_z/2026-01/2015-0782-M-2.pdf"
"47","1996-12-05","Telcon","Needs source-note review","classification marking","Telephone call with President Boris Yeltsin of Russia, December 5, 1996, White House","Source: William J. Clinton Presidential Library, Clinton Presidential Records, Records of the National Security Council Records Management Office (Clinton Administration), NAID 7388808, Presidential Records Series (PRS) Files, NAID 7585721, NSC Records Management, [Yeltsin and Telcons], Folder Title/Record ID 9607896, Mandatory Declassification Review 2015-0782-M-2, Declassified documents concerning Russian President Boris Yeltsin. [Classification marking to be verified against the source PDF]. The face page identifies Katherine O'Loughlin, Larry Wright, Trey Whitworth, Ki Fort, Carlos Pascual, Mike Hamel as notetaker. The face page identifies Dimitry Zarechnak as interpreter. The face page gives the date/time/place as: December 5, 1996, 9:35-9:50 a.m. Oval Office President Clinton: Hello? (U).","Source PDF pages 77-79. Source marker/provenance page 70. Compiler packet pages 284-287; actual conversation pages 284-286; provenance sheet page 287.","Source: William J. Clinton Presidential Library, Clinton Presidential Records, Records of the National Security Council Records Management Office (Clinton Administration), NAID 7388808, Presidential Records Series (PRS) Files, NAID 7585721, NSC Records Management, [Yeltsin and Telcons], Folder Title/Record ID 9607896, Mandatory Declassification Review 2015-0782-M-2, Declassified documents concerning Russian President Boris Yeltsin.","Subject: Conversation with President Boris Yeltsin of Russia (U) | Date/time/place: December 5, 1996, 9:35-9:50 a.m. Oval Office President Clinton: Hello? (U) | Classified by: Andrew D. Sens DECLASSIFIED | Reason: 1.5 (b) PER E.0.13526 | Declassify on: 12/4/06 ao\5 - 0-73 | Notetaker: Katherine O'Loughlin, Larry Wright, Trey Whitworth, Ki Fort, Carlos Pascual, Mike Hamel | Interpreter: Dimitry Zarechnak | Participants block: The President President Boris Yeltsin Interpreter: Dimitry Zarechnak Notetakers: Katherine O'Loughlin, Larry Wright, Trey Whitworth, Ki Fort, Carlos Pascual, Mike Hamel","Conversation with President Boris Yeltsin of Russia (U)","December 5, 1996, 9:35-9:50 a.m. Oval Office President Clinton: Hello? (U)","The President President Boris Yeltsin Interpreter: Dimitry Zarechnak Notetakers: Katherine O'Loughlin, Larry Wright, Trey Whitworth, Ki Fort, Carlos Pascual, Mike Hamel","Katherine O'Loughlin, Larry Wright, Trey Whitworth, Ki Fort, Carlos Pascual, Mike Hamel","Dimitry Zarechnak","","Andrew D. Sens DECLASSIFIED","1.5 (b) PER E.0.13526","12/4/06 ao\5 - 0-73","Classified by: Andrew D. Sens DECLASSIFIED | Reason: 1.5 (b) PER E.0.13526 | Declassify On: 12/4/06 ao\5 - 0-73","284-287","284-286","77-79","https://therealjameswilson.github.io/Clinton-Russia-High-Level/public/documents/1996-12-05-telcon-42.pdf","https://www.clintonlibrary.gov/sites/default/files/finding_aids_a_z/2026-01/2015-0782-M-2.pdf"
"48","1997-02-27","Telcon","Needs source-note review","classification marking; classified-by line not parsed","Telephone call with President Boris Yeltsin of Russia, February 27, 1997, White House","Source: William J. Clinton Presidential Library, Clinton Presidential Records, Records of the National Security Council Records Management Office (Clinton Administration), NAID 7388808, Presidential Records Series (PRS) Files, NAID 7585721, NSC Records Management, [Yeltsin and Telcons], OA/Box Number 1604, Folder Title/Record ID 9701361, Mandatory Declassification Review 2015-0782-M-2, Declassified documents concerning Russian President Boris Yeltsin. [Classification marking to be verified against the source PDF]. The face page identifies Elaine Florio, Katherine O'Loughlin, Wylma Robinson, David Higgins, Ki Fort as notetaker. The face page identifies Peter Afanasenko as interpreter. The face page gives the date/time/place as: February 27, 1997, 11:51 a.m.-12:09 p.m. The Oval Office.","Source PDF pages 87-89. Source marker/provenance page 82. Compiler packet pages 288-291; actual conversation pages 288-290; provenance sheet page 291.","Source: William J. Clinton Presidential Library, Clinton Presidential Records, Records of the National Security Council Records Management Office (Clinton Administration), NAID 7388808, Presidential Records Series (PRS) Files, NAID 7585721, NSC Records Management, [Yeltsin and Telcons], OA/Box Number 1604, Folder Title/Record ID 9701361, Mandatory Declassification Review 2015-0782-M-2, Declassified documents concerning Russian President Boris Yeltsin.","Subject: Conversation with Russian President Boris Yeltsin | Date/time/place: February 27, 1997, 11:51 a.m.-12:09 p.m. The Oval Office | Reason: 1.5(d) | Declassify on: 2/28/07 PER E.0.13526 | Notetaker: Elaine Florio, Katherine O'Loughlin, Wylma Robinson, David Higgins, Ki Fort | Interpreter: Peter Afanasenko | Participants block: President Clinton Russian President Boris Yeltsin Interpreter: Peter Afanasenko Notetaker: Elaine Florio, Katherine O'Loughlin, Wylma Robinson, David Higgins, Ki Fort","Conversation with Russian President Boris Yeltsin","February 27, 1997, 11:51 a.m.-12:09 p.m. The Oval Office","President Clinton Russian President Boris Yeltsin Interpreter: Peter Afanasenko Notetaker: Elaine Florio, Katherine O'Loughlin, Wylma Robinson, David Higgins, Ki Fort","Elaine Florio, Katherine O'Loughlin, Wylma Robinson, David Higgins, Ki Fort","Peter Afanasenko","","","1.5(d)","2/28/07 PER E.0.13526","Declassify On: 2/28/07 PER E.0.13526","288-291","288-290","87-89","https://therealjameswilson.github.io/Clinton-Russia-High-Level/public/documents/1997-02-27-telcon-43.pdf","https://www.clintonlibrary.gov/sites/default/files/finding_aids_a_z/2026-01/2015-0782-M-2.pdf"
"49","1997-03-21","Memcon","Needs source-note review","classified-by line not parsed","Helsinki Morning Meeting with President Boris Yeltsin","Source: William J. Clinton Presidential Library, Clinton Presidential Records, Records of the National Security Council Records Management Office (Clinton Administration), NAID 7388808, Presidential Records Series (PRS) Files, NAID 7585721, NSC Records Management, [Yeltsin and Telcons], OA/Box Number 1609, Folder Title/Record ID 9702044, Mandatory Declassification Review 2015-0782-M-2, Declassified documents concerning Russian President Boris Yeltsin. [Classification marking to be verified against the source PDF]. The face page gives the date/time/place as: March 21, 1997, 9:50-11:55 a.m. The Finnish President's Residence, Helsinki.","Source PDF pages 105-115. Source marker/provenance page 97. Compiler packet pages 292-303; actual conversation pages 292-302; provenance sheet page 303.","Source: William J. Clinton Presidential Library, Clinton Presidential Records, Records of the National Security Council Records Management Office (Clinton Administration), NAID 7388808, Presidential Records Series (PRS) Files, NAID 7585721, NSC Records Management, [Yeltsin and Telcons], OA/Box Number 1609, Folder Title/Record ID 9702044, Mandatory Declassification Review 2015-0782-M-2, Declassified documents concerning Russian President Boris Yeltsin.","Subject: Morning Meeting with Russian President Yeltsin: NATO-Russia, START, ABM/TMD (Jt) | Date/time/place: March 21, 1997, 9:50-11:55 a.m. The Finnish President's Residence, Helsinki | Face-page marking: COMF1 DENT I7YE- 2044 | Reason: 1.5 (d) | Declassify on: X6 3/21/17 | Participants block: U.S. The President Madeleine Albright, Secretary of State Sandy Berger, Assistant to the President for National Security Affairs Strobe Talbott, Deputy Secretary of State Russia President Yeltsin Yevgeniy Primakov, Foreign Minister Dmitriy Ryurikov, Foreign Policy Assistant Yuriy Mamedov, Deputy Foreign Minister","Morning Meeting with Russian President Yeltsin: NATO-Russia, START, ABM/TMD (Jt)","March 21, 1997, 9:50-11:55 a.m. The Finnish President's Residence, Helsinki","U.S. The President Madeleine Albright, Secretary of State Sandy Berger, Assistant to the President for National Security Affairs Strobe Talbott, Deputy Secretary of State Russia President Yeltsin Yevgeniy Primakov, Foreign Minister Dmitriy Ryurikov, Foreign Policy Assistant Yuriy Mamedov, Deputy Foreign Minister","","","COMF1 DENT I7YE- 2044","","1.5 (d)","X6 3/21/17","COtJ-F-l'DENTIALr DECLASSIFIED | Declassify On: X6 3/21/17 | PER E.0.13526","292-303","292-302","105-115","https://therealjameswilson.github.io/Clinton-Russia-High-Level/public/documents/1997-03-21-memcon-helsinki-morning.pdf","https://www.clintonlibrary.gov/sites/default/files/finding_aids_a_z/2026-01/2015-0782-M-2.pdf"
"50","1997-03-21","Memcon","Needs source-note review","classification marking; classified-by line not parsed","Helsinki Working Lunch with President Boris Yeltsin","Source: William J. Clinton Presidential Library, Clinton Presidential Records, Records of the National Security Council Records Management Office (Clinton Administration), NAID 7388808, Presidential Records Series (PRS) Files, NAID 7585721, NSC Records Management, [Yeltsin and Telcons], OA/Box Number 1609, Folder Title/Record ID 9702044, Mandatory Declassification Review 2015-0782-M-2, Declassified documents concerning Russian President Boris Yeltsin. [Classification marking to be verified against the source PDF]. The face page gives the date/time/place as: March 21, 1997, 1:00-2:00 p.m. The Finnish President's Residence, Helsinki ■CONFIDENTIAh Reason: 1.5 (d) DECLASSIFIED Declassify On: X6 3/21/17 n: PER E.0.13526, lP- u>-3C-/CiC>S - KOE.","Source PDF pages 116-123. Source marker/provenance page 97. Compiler packet pages 304-312; actual conversation pages 304-311; provenance sheet page 312.","Source: William J. Clinton Presidential Library, Clinton Presidential Records, Records of the National Security Council Records Management Office (Clinton Administration), NAID 7388808, Presidential Records Series (PRS) Files, NAID 7585721, NSC Records Management, [Yeltsin and Telcons], OA/Box Number 1609, Folder Title/Record ID 9702044, Mandatory Declassification Review 2015-0782-M-2, Declassified documents concerning Russian President Boris Yeltsin.","Subject: Working Lunch with Russian President Yeltsin: Economic Issues, Jackson-Vanik, Denver Summit, Space Station, Nagorno-Karabakh | Date/time/place: March 21, 1997, 1:00-2:00 p.m. The Finnish President's Residence, Helsinki ■CONFIDENTIAh Reason: 1.5 (d) DECLASSIFIED Declassify On: X6 3/21/17 n: PER E.0.13526, lP- u>-3C-/CiC>S - KOE | Reason: 1.5 (d) DECLASSIFIED | Declassify on: X6 3/21/17 n: PER E.0.13526, | Participants block: U.S. The President Madeleine Albright, Secretary of State Sandy Berger, Assistant to the President for National Security Affairs John Shalikashvili, Chairman, JCS John Podesta, Deputy Chief of Staff Strobe Talbott, Deputy Secretary of State Larry Summers, Deputy Secretary of the Treasury Jim Steinberg, Deputy Assistant to the President for National Securi...","Working Lunch with Russian President Yeltsin: Economic Issues, Jackson-Vanik, Denver Summit, Space Station, Nagorno-Karabakh","March 21, 1997, 1:00-2:00 p.m. The Finnish President's Residence, Helsinki ■CONFIDENTIAh Reason: 1.5 (d) DECLASSIFIED Declassify On: X6 3/21/17 n: PER E.0.13526, lP- u>-3C-/CiC>S - KOE","U.S. The President Madeleine Albright, Secretary of State Sandy Berger, Assistant to the President for National Security Affairs John Shalikashvili, Chairman, JCS John Podesta, Deputy Chief of Staff Strobe Talbott, Deputy Secretary of State Larry Summers, Deputy Secretary of the Treasury Jim Steinberg, Deputy Assistant to the President for National Security Affairs Jim Collins, Ambassador-at-Large for the NIS Jan Lodal, Principal Deputy for the Under Secretary of Defense for Policy Steve Pifer, Senior Director for Russian, Ukrainian and Eurasian Affairs (NSC) Russia President Yeltsin Yevgeniy Primakov, Foreign Minister Oleg Davydov, Deputy Prime Minister Yuriy Yarov, Deputy Head of Presidential Administration Dmitriy Ryurikov, Foreign Policy Assistant Yuliy Vorontsov, Ambassador to the United States Vladimir Lukin, Member, Russian State Duma Viktor Samsonov, Chief of the General Staff Nikolay Afanasyevskiy, Deputy Foreign Minister Yuriy Mamedov, Deputy Foreign Minister Nikolay Spasskiy, Head, MFA USA Department","","","","","1.5 (d) DECLASSIFIED","X6 3/21/17 n: PER E.0.13526,","Reason: 1.5 (d) DECLASSIFIED | Declassify On: X6 3/21/17 n: PER E.0.13526,","304-312","304-311","116-123","https://therealjameswilson.github.io/Clinton-Russia-High-Level/public/documents/1997-03-21-memcon-helsinki-working-lunch.pdf","https://www.clintonlibrary.gov/sites/default/files/finding_aids_a_z/2026-01/2015-0782-M-2.pdf"
"51","1997-03-21","Memcon","Needs source-note review","classified-by line not parsed","Helsinki Afternoon Meeting with President Boris Yeltsin","Source: William J. Clinton Presidential Library, Clinton Presidential Records, Records of the National Security Council Records Management Office (Clinton Administration), NAID 7388808, Presidential Records Series (PRS) Files, NAID 7585721, NSC Records Management, [Yeltsin and Telcons], OA/Box Number 1609, Folder Title/Record ID 9702044, Mandatory Declassification Review 2015-0782-M-2, Declassified documents concerning Russian President Boris Yeltsin. [Classification marking to be verified against the source PDF]. The face page gives the date/time/place as: March 21, 1997, 4:00-4:50 p.m. The Finnish President's Residence, Helsinki.","Source PDF pages 124-127. Source marker/provenance page 97. Compiler packet pages 313-317; actual conversation pages 313-316; provenance sheet page 317.","Source: William J. Clinton Presidential Library, Clinton Presidential Records, Records of the National Security Council Records Management Office (Clinton Administration), NAID 7388808, Presidential Records Series (PRS) Files, NAID 7585721, NSC Records Management, [Yeltsin and Telcons], OA/Box Number 1609, Folder Title/Record ID 9702044, Mandatory Declassification Review 2015-0782-M-2, Declassified documents concerning Russian President Boris Yeltsin.","Subject: Afternoon Meeting with Russian President Yeltsin: Joint Statements, Public Line on NATO-Russia (jjf | Date/time/place: March 21, 1997, 4:00-4:50 p.m. The Finnish President's Residence, Helsinki | Face-page marking: CONFIDENTIAL 2044 | Reason: 1.5 (d) PER E.0.13526.. | Declassify on: X6 3/21/17 | Participants block: U.S. The President Madeleine Albright, Secretary of State Sandy Berger, Assistant to the President for National Security Affairs Strobe Talbott, Deputy Secretary of State Russia President Yeltsin Yevgeniy Primakov, Foreign Minister Dmitriy Ryurikov, Foreign Policy Assistant Yuriy Mamedov, Deputy Foreign Minister","Afternoon Meeting with Russian President Yeltsin: Joint Statements, Public Line on NATO-Russia (jjf","March 21, 1997, 4:00-4:50 p.m. The Finnish President's Residence, Helsinki","U.S. The President Madeleine Albright, Secretary of State Sandy Berger, Assistant to the President for National Security Affairs Strobe Talbott, Deputy Secretary of State Russia President Yeltsin Yevgeniy Primakov, Foreign Minister Dmitriy Ryurikov, Foreign Policy Assistant Yuriy Mamedov, Deputy Foreign Minister","","","CONFIDENTIAL 2044","","1.5 (d) PER E.0.13526..","X6 3/21/17","CONFIUEMTIAL DECLASSIFIED | Reason: 1.5 (d) PER E.0.13526.. | Declassify on: X6 3/21/17","313-317","313-316","124-127","https://therealjameswilson.github.io/Clinton-Russia-High-Level/public/documents/1997-03-21-memcon-helsinki-afternoon.pdf","https://www.clintonlibrary.gov/sites/default/files/finding_aids_a_z/2026-01/2015-0782-M-2.pdf"
"52","1997-03-21","Memcon","Needs source-note review","classified-by line not parsed","Helsinki Private Dinner with President Boris Yeltsin","Source: William J. Clinton Presidential Library, Clinton Presidential Records, Records of the National Security Council Records Management Office (Clinton Administration), NAID 7388808, Presidential Records Series (PRS) Files, NAID 7585721, NSC Records Management, [Yeltsin and Telcons], OA/Box Number 1609, Folder Title/Record ID 9702044, Mandatory Declassification Review 2015-0782-M-2, Declassified documents concerning Russian President Boris Yeltsin. [Classification marking to be verified against the source PDF]. The face page gives the date/time/place as: March 21, 1997, 8:15-9:30 p.m. Finnish Official Guest Residence, Helsinki.","Source PDF pages 128-133. Source marker/provenance page 97. Compiler packet pages 318-324; actual conversation pages 318-323; provenance sheet page 324.","Source: William J. Clinton Presidential Library, Clinton Presidential Records, Records of the National Security Council Records Management Office (Clinton Administration), NAID 7388808, Presidential Records Series (PRS) Files, NAID 7585721, NSC Records Management, [Yeltsin and Telcons], OA/Box Number 1609, Folder Title/Record ID 9702044, Mandatory Declassification Review 2015-0782-M-2, Declassified documents concerning Russian President Boris Yeltsin.","Subject: Private Dinner with Russian President Yeltsin: Middle East, China, Iran, Nuclear Control (;2T | Date/time/place: March 21, 1997, 8:15-9:30 p.m. Finnish Official Guest Residence, Helsinki | Face-page marking: CONFIDENTIAL' | Reason: 1.5 (d) | Declassify on: X6 3/21/17 | Participants block: U.S. The President Strobe Talbott, Deputy Secretary of State Russia President Yeltsin Dmitriy Ryurikov, Foreign Policy Assistant","Private Dinner with Russian President Yeltsin: Middle East, China, Iran, Nuclear Control (;2T","March 21, 1997, 8:15-9:30 p.m. Finnish Official Guest Residence, Helsinki","U.S. The President Strobe Talbott, Deputy Secretary of State Russia President Yeltsin Dmitriy Ryurikov, Foreign Policy Assistant","","","CONFIDENTIAL'","","1.5 (d)","X6 3/21/17","DECLASSIFIED | PER E.0.13526. | Declassify on: X6 3/21/17","318-324","318-323","128-133","https://therealjameswilson.github.io/Clinton-Russia-High-Level/public/documents/1997-03-21-memcon-helsinki-private-dinner.pdf","https://www.clintonlibrary.gov/sites/default/files/finding_aids_a_z/2026-01/2015-0782-M-2.pdf"
"53","1997-05-27","Memcon","Needs source-note review","classified-by line not parsed","Meeting with President Boris Yeltsin of Russia, May 27, 1997, Paris, France","Source: William J. Clinton Presidential Library, Clinton Presidential Records, Records of the National Security Council Records Management Office (Clinton Administration), NAID 7388808, Presidential Records Series (PRS) Files, NAID 7585721, NSC Records Management, [Yeltsin and Telcons], OA/Box Number 1623, Folder Title/Record ID 9703720, Mandatory Declassification Review 2015-0782-M-2, Declassified documents concerning Russian President Boris Yeltsin. [Classification marking to be verified against the source PDF]. The face page identifies Assistant to the President for National Security Affairs Strobe Talbott, Deputy Secretary of State Steve Pifer, NSC staff as notetaker. The face page gives the date/time/place as: May 27, 1997, 5:00-5:55 p.m. The American Ambassador's Residence, Paris.","Source PDF pages 143-150. Source marker/provenance page 137. Compiler packet pages 325-333; actual conversation pages 325-332; provenance sheet page 333.","Source: William J. Clinton Presidential Library, Clinton Presidential Records, Records of the National Security Council Records Management Office (Clinton Administration), NAID 7388808, Presidential Records Series (PRS) Files, NAID 7585721, NSC Records Management, [Yeltsin and Telcons], OA/Box Number 1623, Folder Title/Record ID 9703720, Mandatory Declassification Review 2015-0782-M-2, Declassified documents concerning Russian President Boris Yeltsin.","Subject: Meeting with Russian President Yeltsin: NATQ-Russi.a, Arms Control, Economics, Denver Summit of the Eight, Afghanistan, Iran | Date/time/place: May 27, 1997, 5:00-5:55 p.m. The American Ambassador's Residence, Paris | Face-page marking: CONFIDENTIAL DECIASSIFIED IN PART | Reason: 1.5 (d) PER E. O. 13526 | Declassify on: X6 5/27/17 | Notetaker: Assistant to the President for National Security Affairs Strobe Talbott, Deputy Secretary of State Steve Pifer, NSC staff | Participants block: U.S. The President Madeleine Albright, Secretary of State Samuel Berger, Assistant to the President for National Security Affairs Strobe Talbott, Deputy Secretary of State Steve Pifer, NSC staff (notetaker) Russia President Yeltsin Yevgeniy Primakov, Foreign Minister Sergey Yastrzhembskiy, Press Spokesman Sergey Prikhodko, Foreign Policy Assistant Nikolay...","Meeting with Russian President Yeltsin: NATQ-Russi.a, Arms Control, Economics, Denver Summit of the Eight, Afghanistan, Iran","May 27, 1997, 5:00-5:55 p.m. The American Ambassador's Residence, Paris","U.S. The President Madeleine Albright, Secretary of State Samuel Berger, Assistant to the President for National Security Affairs Strobe Talbott, Deputy Secretary of State Steve Pifer, NSC staff (notetaker) Russia President Yeltsin Yevgeniy Primakov, Foreign Minister Sergey Yastrzhembskiy, Press Spokesman Sergey Prikhodko, Foreign Policy Assistant Nikolay Spasskiy, Head, MFA USA and Canada Department (notetaker)","Assistant to the President for National Security Affairs Strobe Talbott, Deputy Secretary of State Steve Pifer, NSC staff","","CONFIDENTIAL DECIASSIFIED IN PART","","1.5 (d) PER E. O. 13526","X6 5/27/17","Declassify On: X6 5/27/17","325-333","325-332","143-150","https://therealjameswilson.github.io/Clinton-Russia-High-Level/public/documents/1997-05-27-memcon-45.pdf","https://www.clintonlibrary.gov/sites/default/files/finding_aids_a_z/2026-01/2015-0782-M-2.pdf"
"54","1997-06-20","Memcon","Needs source-note review","classification marking","Meeting with President Boris Yeltsin of Russia, June 20, 1997, Denver, Colorado","Source: William J. Clinton Presidential Library, Clinton Presidential Records, Records of the National Security Council Records Management Office (Clinton Administration), NAID 7388808, Presidential Records Series (PRS) Files, NAID 7585721, NSC Records Management, [Yeltsin and Telcons], OA/Box Number 1629, Folder Title/Record ID 9704607, Mandatory Declassification Review 2015-0782-M-2, Declassified documents concerning Russian President Boris Yeltsin. [Classification marking to be verified against the source PDF]. The face page identifies Ambassador for the NIS Steve Pifer, Senior Director, NSC as notetaker. The face page gives the date/time/place as: June 20, 1997, 1:05-2:05 p.m. The Gold Room, The Brown Palace, Denver (The meeting opened with ten minutes of press pool sprays.) ■SECR-S-I^ Classified by: Glyn T. Davies DECLASSIFIED Reason: 1.5 (d) PER E.0.13526 lP- cOJty^DoS -IW-I Declassify on: X6 6/20/17 o5f'Xh/'i£>\l».","Source PDF pages 165-172. Source marker/provenance page 158. Compiler packet pages 334-342; actual conversation pages 334-341; provenance sheet page 342.","Source: William J. Clinton Presidential Library, Clinton Presidential Records, Records of the National Security Council Records Management Office (Clinton Administration), NAID 7388808, Presidential Records Series (PRS) Files, NAID 7585721, NSC Records Management, [Yeltsin and Telcons], OA/Box Number 1629, Folder Title/Record ID 9704607, Mandatory Declassification Review 2015-0782-M-2, Declassified documents concerning Russian President Boris Yeltsin.","Subject: Meeting with Russian President Yeltsin: European Security and Madrid, Arms Control, Economics, Iraq, Russian-Iran Missile Cooperation, Japanese-Russian Relations [yf | Date/time/place: June 20, 1997, 1:05-2:05 p.m. The Gold Room, The Brown Palace, Denver (The meeting opened with ten minutes of press pool sprays.) ■SECR-S-I^ Classified by: Glyn T. Davies DECLASSIFIED Reason: 1.5 (d) PER E.0.13526 lP- cOJty^DoS -IW-I Declassify on: X6 6/20/17 o5f'Xh/'i£>\l» | Classified by: Glyn T. Davies DECLASSIFIED | Reason: 1.5 (d) PER E.0.13526 | Declassify on: X6 6/20/17 | Notetaker: Ambassador for the NIS Steve Pifer, Senior Director, NSC | Participants block: U.S. The President Madeleine Albright, Secretary of State Robert Rubin, Secretary of the Treasury Erskine Bowles, Chief of Staff Samuel Berger, Assistant to the President for National Security Affairs Gene Sperling, Assistant to the President for Economic Policy Dan Tarullo, Assistant to the President for International Economic Policy Mike McCurry, White...","Meeting with Russian President Yeltsin: European Security and Madrid, Arms Control, Economics, Iraq, Russian-Iran Missile Cooperation, Japanese-Russian Relations [yf","June 20, 1997, 1:05-2:05 p.m. The Gold Room, The Brown Palace, Denver (The meeting opened with ten minutes of press pool sprays.) ■SECR-S-I^ Classified by: Glyn T. Davies DECLASSIFIED Reason: 1.5 (d) PER E.0.13526 lP- cOJty^DoS -IW-I Declassify on: X6 6/20/17 o5f'Xh/'i£>\l»","U.S. The President Madeleine Albright, Secretary of State Robert Rubin, Secretary of the Treasury Erskine Bowles, Chief of Staff Samuel Berger, Assistant to the President for National Security Affairs Gene Sperling, Assistant to the President for Economic Policy Dan Tarullo, Assistant to the President for International Economic Policy Mike McCurry, White House Press Secretary Strobe Talbott, Deputy Secretary of State Lawrence Summers, Deputy Treasury Secretary Jim Steinberg, Deputy Assistant to the President for National Security Affairs James Collins, Ambassador for the NIS Steve Pifer, Senior Director, NSC (notetaker) Russia President Yeltsin Anatoliy Chubays, Deputy Prime Minister Yevgeniy Primakov, Foreign Minister Sergey Yastrzhembskiy, Yeltsin Press Spokesman Georgiy Mamedov, Deputy Foreign Minister Sergey Prikhodko, Yeltsin Foreign Policy Assistant Ambassador Vorontsov","Ambassador for the NIS Steve Pifer, Senior Director, NSC","","","Glyn T. Davies DECLASSIFIED","1.5 (d) PER E.0.13526","X6 6/20/17","Classified by: Glyn T. Davies DECLASSIFIED | Reason: 1.5 (d) PER E.0.13526 | Declassify on: X6 6/20/17","334-342","334-341","165-172","https://therealjameswilson.github.io/Clinton-Russia-High-Level/public/documents/1997-06-20-memcon-46.pdf","https://www.clintonlibrary.gov/sites/default/files/finding_aids_a_z/2026-01/2015-0782-M-2.pdf"
"55","1997-10-30","Telcon","Needs source-note review","classification marking","Telephone call with President Boris Yeltsin of Russia, October 30, 1997, White House","Source: William J. Clinton Presidential Library, Clinton Presidential Records, Records of the National Security Council Records Management Office (Clinton Administration), NAID 7388808, Presidential Records Series (PRS) Files, NAID 7585721, OA/Box Number 1651, Folder Title/Record ID 9707450, Mandatory Declassification Review 2015-0782-M-2, Declassified documents concerning Russian President Boris Yeltsin. [Classification marking to be verified against the source PDF]. The face page identifies Pete Huggins, Jim Smith, Doug Mueller, Bonnie Click Tony Campanella, Ki Fort as notetaker. The face page identifies Dimitry Zarechnak as interpreter. The face page gives the date/time/place as: October 30, 1997, 12:52 - 1:21 p.m. EST The Oval Office.","Source PDF pages 183-188. Source marker/provenance page 177. Compiler packet pages 343-349; actual conversation pages 343-348; provenance sheet page 349.","Source: William J. Clinton Presidential Library, Clinton Presidential Records, Records of the National Security Council Records Management Office (Clinton Administration), NAID 7388808, Presidential Records Series (PRS) Files, NAID 7585721, OA/Box Number 1651, Folder Title/Record ID 9707450, Mandatory Declassification Review 2015-0782-M-2, Declassified documents concerning Russian President Boris Yeltsin.","Subject: Telephone Conversation with Russian President Yeltsin | Date/time/place: October 30, 1997, 12:52 - 1:21 p.m. EST The Oval Office | Classified by: Glyn T. Davies | Reason: 1.5 (d) | Declassify on: 11/02/07 PER E.0.13526. | Notetaker: Pete Huggins, Jim Smith, Doug Mueller, Bonnie Click Tony Campanella, Ki Fort | Interpreter: Dimitry Zarechnak | Participants block: President Clinton Russian President Boris Yeltsin Interpreter: Dimitry Zarechnak Notetaker: Pete Huggins, Jim Smith, Doug Mueller, Bonnie Click Tony Campanella, Ki Fort","Telephone Conversation with Russian President Yeltsin","October 30, 1997, 12:52 - 1:21 p.m. EST The Oval Office","President Clinton Russian President Boris Yeltsin Interpreter: Dimitry Zarechnak Notetaker: Pete Huggins, Jim Smith, Doug Mueller, Bonnie Click Tony Campanella, Ki Fort","Pete Huggins, Jim Smith, Doug Mueller, Bonnie Click Tony Campanella, Ki Fort","Dimitry Zarechnak","","Glyn T. Davies","1.5 (d)","11/02/07 PER E.0.13526.","DECLASSIFIED | Declassify on: 11/02/07 PER E.0.13526.","343-349","343-348","183-188","https://therealjameswilson.github.io/Clinton-Russia-High-Level/public/documents/1997-10-30-telcon-47.pdf","https://www.clintonlibrary.gov/sites/default/files/finding_aids_a_z/2026-01/2015-0782-M-2.pdf"
"56","1997-11-16","Telcon","Needs source-note review","classification marking","Telephone call with President Boris Yeltsin of Russia, November 16, 1997, Malibu, California","Source: William J. Clinton Presidential Library, Clinton Presidential Records, Records of the National Security Council Records Management Office (Clinton Administration), NAID 7388808, Presidential Records Series (PRS) Files, NAID 7585721, NSC Records Management, [Yeltsin and Telcons], OA/Box Number 1654, Folder Title/Record ID 9707804, Mandatory Declassification Review 2015-0782-M-2, Declassified documents concerning Russian President Boris Yeltsin. [Classification marking to be verified against the source PDF]. The face page identifies David Higgins, Mariann Papadimitriou, Larry Wright, James Smith, Pat O'Shaughnessy, Ki Fort as notetaker. The face page identifies Dimitry Zarechnak as interpreter. The face page gives the date/time/place as: November 16, 1997, 2:04 - 2:15 a.m. EST Malibu, California.","Source PDF pages 206-208. Source marker/provenance page 200. Compiler packet pages 350-353; actual conversation pages 350-352; provenance sheet page 353.","Source: William J. Clinton Presidential Library, Clinton Presidential Records, Records of the National Security Council Records Management Office (Clinton Administration), NAID 7388808, Presidential Records Series (PRS) Files, NAID 7585721, NSC Records Management, [Yeltsin and Telcons], OA/Box Number 1654, Folder Title/Record ID 9707804, Mandatory Declassification Review 2015-0782-M-2, Declassified documents concerning Russian President Boris Yeltsin.","Subject: Telephone Conversation Com with Russian President Yeltsin (/) | Date/time/place: November 16, 1997, 2:04 - 2:15 a.m. EST Malibu, California | Classified by: Glyn T. Davies DECLASSIFIED | Reason: 1.5 PER E.0.13526 | Declassify on: 11/16/07 'Xo\'^ - OISX- Oq. X /1.n ) | Notetaker: David Higgins, Mariann Papadimitriou, Larry Wright, James Smith, Pat O'Shaughnessy, Ki Fort | Interpreter: Dimitry Zarechnak | Participants block: President Clinton Russian President Boris Yeltsin Interpreter: Dimitry Zarechnak Notetakers: David Higgins, Mariann Papadimitriou, Larry Wright, James Smith, Pat O'Shaughnessy, Ki Fort","Telephone Conversation Com with Russian President Yeltsin (/)","November 16, 1997, 2:04 - 2:15 a.m. EST Malibu, California","President Clinton Russian President Boris Yeltsin Interpreter: Dimitry Zarechnak Notetakers: David Higgins, Mariann Papadimitriou, Larry Wright, James Smith, Pat O'Shaughnessy, Ki Fort","David Higgins, Mariann Papadimitriou, Larry Wright, James Smith, Pat O'Shaughnessy, Ki Fort","Dimitry Zarechnak","","Glyn T. Davies DECLASSIFIED","1.5 PER E.0.13526","11/16/07 'Xo\'^ - OISX- Oq. X /1.n )","Classified by: Glyn T. Davies DECLASSIFIED | Reason: 1.5 PER E.0.13526 | Declassify on: 11/16/07 'Xo\'^ - OISX- Oq. X /1.n )","350-353","350-352","206-208","https://therealjameswilson.github.io/Clinton-Russia-High-Level/public/documents/1997-11-16-telcon-48.pdf","https://www.clintonlibrary.gov/sites/default/files/finding_aids_a_z/2026-01/2015-0782-M-2.pdf"
"57","1997-11-22","Telcon","Needs source-note review","classification marking","Telephone call with President Boris Yeltsin of Russia, November 22, 1997, White House","Source: William J. Clinton Presidential Library, Clinton Presidential Records, Records of the National Security Council Records Management Office (Clinton Administration), NAID 7388808, Presidential Records Series (PRS) Files, NAID 7585721, NSC Records Management, [Yeltsin and Telcons], OA/Box Number 1655, Folder Title/Record ID 9707985, Mandatory Declassification Review 2015-0782-M-2, Declassified documents concerning Russian President Boris Yeltsin. [Classification marking to be verified against the source PDF]. The face page identifies Lyle Harrison, Jeff Rathke, Cindy Lawrence, Ki Fort as notetaker. The face page identifies Dimitry Zarechnak as interpreter. The face page gives the date/time/place as: November 22, 1997, 9:00 - 9:43 a.m. EST TU^D PLACE: Oval Office.","Source PDF pages 218-223. Source marker/provenance page 213. Compiler packet pages 354-360; actual conversation pages 354-359; provenance sheet page 360.","Source: William J. Clinton Presidential Library, Clinton Presidential Records, Records of the National Security Council Records Management Office (Clinton Administration), NAID 7388808, Presidential Records Series (PRS) Files, NAID 7585721, NSC Records Management, [Yeltsin and Telcons], OA/Box Number 1655, Folder Title/Record ID 9707985, Mandatory Declassification Review 2015-0782-M-2, Declassified documents concerning Russian President Boris Yeltsin.","Subject: Telephone Conversation with Russian President Yeltsin (jd | Date/time/place: November 22, 1997, 9:00 - 9:43 a.m. EST TU^D PLACE: Oval Office | Classified by: Glyn T. Davies DECLASSIFIED | Reason: 1.5' (d) PER E.0.13526,. | Declassify on: 11/24/07 | Notetaker: Lyle Harrison, Jeff Rathke, Cindy Lawrence, Ki Fort | Interpreter: Dimitry Zarechnak | Participants block: President Clinton Russian President Boris Yeltsin Interpreter: Dimitry Zarechnak Notetakers: Lyle Harrison, Jeff Rathke, Cindy Lawrence, Ki Fort","Telephone Conversation with Russian President Yeltsin (jd","November 22, 1997, 9:00 - 9:43 a.m. EST TU^D PLACE: Oval Office","President Clinton Russian President Boris Yeltsin Interpreter: Dimitry Zarechnak Notetakers: Lyle Harrison, Jeff Rathke, Cindy Lawrence, Ki Fort","Lyle Harrison, Jeff Rathke, Cindy Lawrence, Ki Fort","Dimitry Zarechnak","","Glyn T. Davies DECLASSIFIED","1.5' (d) PER E.0.13526,.","11/24/07","Classified by: Glyn T. Davies DECLASSIFIED | Reason: 1.5' (d) PER E.0.13526,. | Declassify on: 11/24/07","354-360","354-359","218-223","https://therealjameswilson.github.io/Clinton-Russia-High-Level/public/documents/1997-11-22-telcon-49.pdf","https://www.clintonlibrary.gov/sites/default/files/finding_aids_a_z/2026-01/2015-0782-M-2.pdf"
"58","1998-02-02","Telcon","Needs source-note review","classification marking","Telephone call with President Boris Yeltsin of Russia, February 2, 1998, White House","Source: William J. Clinton Presidential Library, Clinton Presidential Records, Records of the National Security Council Records Management Office (Clinton Administration), NAID 7388808, Presidential Records Series (PRS) Files, NAID 7585721, Document ID 9800756, Original OA/ID 2014, Mandatory Declassification Review 2015-0782-M-2, Declassified documents concerning Russian President Boris Yeltsin. [Classification marking to be verified against the source PDF]. The face page identifies Jim Smith, Pat O'Shaughnessy, Jeff Rathke, Cindy Lawrence, Ki Fort, Bill Courtney as notetaker. The face page identifies Dimitri Zarechnak as interpreter. The face page gives the date/time/place as: February 2, 1998, 9:31-9:51 a.m. EST The White House.","Source PDF pages 236-239. Source marker/provenance page 229. Compiler packet pages 361-365; actual conversation pages 361-364; provenance sheet page 365.","Source: William J. Clinton Presidential Library, Clinton Presidential Records, Records of the National Security Council Records Management Office (Clinton Administration), NAID 7388808, Presidential Records Series (PRS) Files, NAID 7585721, Document ID 9800756, Original OA/ID 2014, Mandatory Declassification Review 2015-0782-M-2, Declassified documents concerning Russian President Boris Yeltsin.","Subject: Telephone Conversation with Russian President Boris Yeltsin | Date/time/place: February 2, 1998, 9:31-9:51 a.m. EST The White House | Classified by: Glyn T. Davies | Reason: 1.5 (d) | Declassify on: 2/1/08 | Notetaker: Jim Smith, Pat O'Shaughnessy, Jeff Rathke, Cindy Lawrence, Ki Fort, Bill Courtney | Interpreter: Dimitri Zarechnak | Participants block: President Clinton Russian President Boris Yeltsin Interpreter: Dimitri Zarechnak Notetakers: Jim Smith, Pat O'Shaughnessy, Jeff Rathke, Cindy Lawrence, Ki Fort, Bill Courtney","Telephone Conversation with Russian President Boris Yeltsin","February 2, 1998, 9:31-9:51 a.m. EST The White House","President Clinton Russian President Boris Yeltsin Interpreter: Dimitri Zarechnak Notetakers: Jim Smith, Pat O'Shaughnessy, Jeff Rathke, Cindy Lawrence, Ki Fort, Bill Courtney","Jim Smith, Pat O'Shaughnessy, Jeff Rathke, Cindy Lawrence, Ki Fort, Bill Courtney","Dimitri Zarechnak","","Glyn T. Davies","1.5 (d)","2/1/08","DECLASSIFIED | PER E.0.13526 ^ | Declassify On: 2/1/08","361-365","361-364","236-239","https://therealjameswilson.github.io/Clinton-Russia-High-Level/public/documents/1998-02-02-telcon-50.pdf","https://www.clintonlibrary.gov/sites/default/files/finding_aids_a_z/2026-01/2015-0782-M-2.pdf"
"59","1998-02-23","Telcon","Parsed face-page fields available","","Telephone call with President Boris Yeltsin of Russia, February 23, 1998, White House","Source: William J. Clinton Presidential Library, Clinton Presidential Records, Records of the National Security Council Records Management Office (Clinton Administration), NAID 7388808, Presidential Records Series (PRS) Files, NAID 7585721, NSC Records Management, [Yeltsin and Telcons], OA/Box Number 2018, Folder Title/Record ID 9801337, Mandatory Declassification Review 2015-0782-M-2, Declassified documents concerning Russian President Boris Yeltsin. [Classification marking to be verified against the source PDF]. The face page identifies Pat O'Shaughnessy, Tom Corwell, Bonnie Click, Jeff Rathke, Jim Smith, Rexon Ryu, Ki Fort as notetaker. The face page identifies Peter Afansenko as interpreter. The face page gives the date/time/place as: February 23, 1998, 11:01 - 11:17 a.m. EST The White House.","Source PDF pages 253-256. Source marker/provenance page 247. Compiler packet pages 366-370; actual conversation pages 366-369; provenance sheet page 370.","Source: William J. Clinton Presidential Library, Clinton Presidential Records, Records of the National Security Council Records Management Office (Clinton Administration), NAID 7388808, Presidential Records Series (PRS) Files, NAID 7585721, NSC Records Management, [Yeltsin and Telcons], OA/Box Number 2018, Folder Title/Record ID 9801337, Mandatory Declassification Review 2015-0782-M-2, Declassified documents concerning Russian President Boris Yeltsin.","Subject: Telephone Conversation with Russian President Boris Yeltsin [J^] | Date/time/place: February 23, 1998, 11:01 - 11:17 a.m. EST The White House | Face-page marking: -CONFIDENTIAL '{eNHflBfll; 1337 | Classified by: Glyn T. Davies DECLASSIFIED | Reason: 1.5 (d) | Declassify on: 2/22/08 | Notetaker: Pat O'Shaughnessy, Tom Corwell, Bonnie Click, Jeff Rathke, Jim Smith, Rexon Ryu, Ki Fort | Interpreter: Peter Afansenko | Participants block: President Clinton Russian President Boris Yeltsin Interpreter: Peter Afansenko Notetakers: Pat O'Shaughnessy, Tom Corwell, Bonnie Click, Jeff Rathke, Jim Smith, Rexon Ryu, Ki Fort","Telephone Conversation with Russian President Boris Yeltsin [J^]","February 23, 1998, 11:01 - 11:17 a.m. EST The White House","President Clinton Russian President Boris Yeltsin Interpreter: Peter Afansenko Notetakers: Pat O'Shaughnessy, Tom Corwell, Bonnie Click, Jeff Rathke, Jim Smith, Rexon Ryu, Ki Fort","Pat O'Shaughnessy, Tom Corwell, Bonnie Click, Jeff Rathke, Jim Smith, Rexon Ryu, Ki Fort","Peter Afansenko","-CONFIDENTIAL '{eNHflBfll; 1337","Glyn T. Davies DECLASSIFIED","1.5 (d)","2/22/08","Classified by: Glyn T. Davies DECLASSIFIED | Declassify On: 2/22/08 | PER E.0.13526 ^","366-370","366-369","253-256","https://therealjameswilson.github.io/Clinton-Russia-High-Level/public/documents/1998-02-23-telcon-51.pdf","https://www.clintonlibrary.gov/sites/default/files/finding_aids_a_z/2026-01/2015-0782-M-2.pdf"
"60","1998-04-06","Telcon","Parsed face-page fields available","","Telephone call with President Boris Yeltsin of Russia, April 6, 1998, White House","Source: William J. Clinton Presidential Library, Clinton Presidential Records, Records of the National Security Council Records Management Office (Clinton Administration), NAID 7388808, Presidential Records Series (PRS) Files, NAID 7585721, NSC Records Management, [Yeltsin and Telcons], OA/Box Number 2027, Folder Title/Record ID 9802448, Mandatory Declassification Review 2015-0782-M-2, Declassified documents concerning Russian President Boris Yeltsin. [Classification marking to be verified against the source PDF]. The face page identifies Larry Wright, Bob Ford, Anthony Campanella, George Chastain, James Smith as notetaker. The face page identifies (.Peter Afanasenko as interpreter. The face page gives the date/time/place as: April 6, 1998, 10:01-10:28 EDT Oval Office.","Source PDF pages 274-278. Source marker/provenance page 260. Compiler packet pages 371-376; actual conversation pages 371-375; provenance sheet page 376.","Source: William J. Clinton Presidential Library, Clinton Presidential Records, Records of the National Security Council Records Management Office (Clinton Administration), NAID 7388808, Presidential Records Series (PRS) Files, NAID 7585721, NSC Records Management, [Yeltsin and Telcons], OA/Box Number 2027, Folder Title/Record ID 9802448, Mandatory Declassification Review 2015-0782-M-2, Declassified documents concerning Russian President Boris Yeltsin.","Subject: Telephone Conversation with Russian President Yeltsin ( | Date/time/place: April 6, 1998, 10:01-10:28 EDT Oval Office | Face-page marking: -SECRET^ DECLASSIFIED | Classified by: Glyn T. Davies PER E.0.13526 | Reason: 1.5 (b) Xa\S- aTax l^ 'X. p) | Declassify on: 4/5/08 i/\i/XO\3 K8M | Notetaker: Larry Wright, Bob Ford, Anthony Campanella, George Chastain, James Smith | Interpreter: (.Peter Afanasenko | Participants block: President Clinton Russian President Boris Yeltsin M. Interpreter: (.Peter Afanasenko Notetakers: Larry Wright, Bob Ford, Anthony Campanella, George Chastain, James Smith","Telephone Conversation with Russian President Yeltsin (","April 6, 1998, 10:01-10:28 EDT Oval Office","President Clinton Russian President Boris Yeltsin M. Interpreter: (.Peter Afanasenko Notetakers: Larry Wright, Bob Ford, Anthony Campanella, George Chastain, James Smith","Larry Wright, Bob Ford, Anthony Campanella, George Chastain, James Smith","(.Peter Afanasenko","-SECRET^ DECLASSIFIED","Glyn T. Davies PER E.0.13526","1.5 (b) Xa\S- aTax l^ 'X. p)","4/5/08 i/\i/XO\3 K8M","-SECRET^ DECLASSIFIED | Classified by: Glyn T. Davies PER E.0.13526 | Declassify On: 4/5/08 i/\i/XO\3 K8M","371-376","371-375","274-278","https://therealjameswilson.github.io/Clinton-Russia-High-Level/public/documents/1998-04-06-telcon-52.pdf","https://www.clintonlibrary.gov/sites/default/files/finding_aids_a_z/2026-01/2015-0782-M-2.pdf"
"61","1998-05-12","Telcon","Needs source-note review","classification marking","Telephone call with President Boris Yeltsin of Russia, May 12, 1998, White House","Source: William J. Clinton Presidential Library, Clinton Presidential Records, Records of the National Security Council Records Management Office (Clinton Administration), NAID 7388808, Presidential Records Series (PRS) Files, NAID 7585721, OA/Box Number 2036, Folder Title/Record ID 9803457, Mandatory Declassification Review 2015-0782-M-2, Declassified documents concerning Russian President Boris Yeltsin. [Classification marking to be verified against the source PDF]. The face page identifies Larry Wright, Tom Crowell, Bonnie Click, James Smith, Sean Rice, Ki Fort, Jon Elkind as notetaker. The face page identifies Dimitry Zarechnak as interpreter. The face page gives the date/time/place as: May 12, 1998, 11:01 - 11:27 EDT Oval Office.","Source PDF pages 286-290. Source marker/provenance page 280. Compiler packet pages 377-382; actual conversation pages 377-381; provenance sheet page 382.","Source: William J. Clinton Presidential Library, Clinton Presidential Records, Records of the National Security Council Records Management Office (Clinton Administration), NAID 7388808, Presidential Records Series (PRS) Files, NAID 7585721, OA/Box Number 2036, Folder Title/Record ID 9803457, Mandatory Declassification Review 2015-0782-M-2, Declassified documents concerning Russian President Boris Yeltsin.","Subject: Telephone Conversation with Russian President Boris Yeltsin | Date/time/place: May 12, 1998, 11:01 - 11:27 EDT Oval Office | Classified by: Glyn T. Davies DECLASSIFIED | Reason: 1.5 (d) PER E.0.13526 | Declassify on: 5/12/08 2.015' 0-781- n-Ov 13 j | Notetaker: Larry Wright, Tom Crowell, Bonnie Click, James Smith, Sean Rice, Ki Fort, Jon Elkind | Interpreter: Dimitry Zarechnak | Participants block: The President Russian President Boris Yeltsin Interpreter: Dimitry Zarechnak Notetaker: Larry Wright, Tom Crowell, Bonnie Click, James Smith, Sean Rice, Ki Fort, Jon Elkind","Telephone Conversation with Russian President Boris Yeltsin","May 12, 1998, 11:01 - 11:27 EDT Oval Office","The President Russian President Boris Yeltsin Interpreter: Dimitry Zarechnak Notetaker: Larry Wright, Tom Crowell, Bonnie Click, James Smith, Sean Rice, Ki Fort, Jon Elkind","Larry Wright, Tom Crowell, Bonnie Click, James Smith, Sean Rice, Ki Fort, Jon Elkind","Dimitry Zarechnak","","Glyn T. Davies DECLASSIFIED","1.5 (d) PER E.0.13526","5/12/08 2.015' 0-781- n-Ov 13 j","Classified by: Glyn T. Davies DECLASSIFIED | Reason: 1.5 (d) PER E.0.13526 | Declassify On: 5/12/08 2.015' 0-781- n-Ov 13 j","377-382","377-381","286-290","https://therealjameswilson.github.io/Clinton-Russia-High-Level/public/documents/1998-05-12-telcon-53.pdf","https://www.clintonlibrary.gov/sites/default/files/finding_aids_a_z/2026-01/2015-0782-M-2.pdf"
"62","1998-05-17","Memcon","Needs source-note review","classification marking","Meeting with President Boris Yeltsin of Russia, May 17, 1998, Birmingham, England","Source: William J. Clinton Presidential Library, Clinton Presidential Records, Records of the National Security Council Records Management Office (Clinton Administration), NAID 7388808, Presidential Records Series (PRS) Files, NAID 7585721, Document ID 9803752, Original OA/ID 2039, Mandatory Declassification Review 2014-0999-M, Declassified documents concerning Russian President Boris Yeltsin. [Classification marking to be verified against the source PDF]. The face page gives the date/time/place as: May 17, 1998 — 11:47 a.m. - 12:33 p.m. Birmingham, England.","Source PDF pages 312-319. Source marker/provenance page 311. Compiler packet pages 383-391; actual conversation pages 383-390; provenance sheet page 391.","Source: William J. Clinton Presidential Library, Clinton Presidential Records, Records of the National Security Council Records Management Office (Clinton Administration), NAID 7388808, Presidential Records Series (PRS) Files, NAID 7585721, Document ID 9803752, Original OA/ID 2039, Mandatory Declassification Review 2014-0999-M, Declassified documents concerning Russian President Boris Yeltsin.","Subject: President Boris Yeltsin of Russia | Date/time/place: May 17, 1998 — 11:47 a.m. - 12:33 p.m. Birmingham, England | Classified by: Glyn T. Davies | Reason: 1.5(d) | Declassify on: 5/22/08 CLINTON LIBRARY PHOTOCOPY | Participants block: The President Samuel Berger, Assistant to the President for National Security Affairs Strobe Talbott, Deputy Secretary of State Peter Afanasenko, Interpreter President Boris Yeltsin Sergei Yastrzhembsky, Deputy Chief of Presidential Administration Georgy Mamedov, Deputy Foreign Minister Interpreter","President Boris Yeltsin of Russia","May 17, 1998 — 11:47 a.m. - 12:33 p.m. Birmingham, England","The President Samuel Berger, Assistant to the President for National Security Affairs Strobe Talbott, Deputy Secretary of State Peter Afanasenko, Interpreter President Boris Yeltsin Sergei Yastrzhembsky, Deputy Chief of Presidential Administration Georgy Mamedov, Deputy Foreign Minister Interpreter","","","","Glyn T. Davies","1.5(d)","5/22/08 CLINTON LIBRARY PHOTOCOPY","THE WHITE HOUSE declassified | WASH I NGTON per E.0.13526, | Declassify On: 5/22/08 CLINTON LIBRARY PHOTOCOPY","383-391","383-390","312-319","https://therealjameswilson.github.io/Clinton-Russia-High-Level/public/documents/1998-05-17-memcon-54.pdf","https://www.clintonlibrary.gov/sites/default/files/finding_aids_a_z/2026-01/2015-0782-M-2.pdf"
"63","1998-05-21","Telcon","Needs source-note review","classification marking","Telephone call with President Boris Yeltsin of Russia, May 21, 1998, White House","Source: William J. Clinton Presidential Library, Clinton Presidential Records, Records of the National Security Council Records Management Office (Clinton Administration), NAID 7388808, Presidential Records Series (PRS) Files, NAID 7585721, NSC Records Management, [Yeltsin and Telcons], OA/Box Number 2038, Folder Title/Record ID 9803714, Mandatory Declassification Review 2015-0782-M-2, Declassified documents concerning Russian President Boris Yeltsin. [Classification marking to be verified against the source PDF]. The face page identifies Larry Wright, Bonnie Click, James Smith, Peter Huggins, Jenny McGee, Pat 0'Shaughnessy, Ki Fort as notetaker. The face page identifies Peter Afanasenko as interpreter. The face page gives the date/time/place as: May 21, 1998, 10:41-1052 a.m. EDT, Oval Office.","Source PDF pages 301-303. Source marker/provenance page 295. Compiler packet pages 392-395; actual conversation pages 392-394; provenance sheet page 395.","Source: William J. Clinton Presidential Library, Clinton Presidential Records, Records of the National Security Council Records Management Office (Clinton Administration), NAID 7388808, Presidential Records Series (PRS) Files, NAID 7585721, NSC Records Management, [Yeltsin and Telcons], OA/Box Number 2038, Folder Title/Record ID 9803714, Mandatory Declassification Review 2015-0782-M-2, Declassified documents concerning Russian President Boris Yeltsin.","Subject: Telephone Conversation with Russian President Boris Yeltsin ^ | Date/time/place: May 21, 1998, 10:41-1052 a.m. EDT, Oval Office | Classified by: Glyn T. Davies PER E.0.13526 | Reason: 1.5 (b) | Declassify on: 5/20/08 3/\yax>i« K8h | Notetaker: Larry Wright, Bonnie Click, James Smith, Peter Huggins, Jenny McGee, Pat 0'Shaughnessy, Ki Fort | Interpreter: Peter Afanasenko | Participants block: The President President Boris Yeltsin Interpreter: Peter Afanasenko Notetakers: Larry Wright, Bonnie Click, James Smith, Peter Huggins, Jenny McGee, Pat 0'Shaughnessy, Ki Fort","Telephone Conversation with Russian President Boris Yeltsin ^","May 21, 1998, 10:41-1052 a.m. EDT, Oval Office","The President President Boris Yeltsin Interpreter: Peter Afanasenko Notetakers: Larry Wright, Bonnie Click, James Smith, Peter Huggins, Jenny McGee, Pat 0'Shaughnessy, Ki Fort","Larry Wright, Bonnie Click, James Smith, Peter Huggins, Jenny McGee, Pat 0'Shaughnessy, Ki Fort","Peter Afanasenko","","Glyn T. Davies PER E.0.13526","1.5 (b)","5/20/08 3/\yax>i« K8h","Classified by: Glyn T. Davies PER E.0.13526 | Declassify On: 5/20/08 3/\yax>i« K8h","392-395","392-394","301-303","https://therealjameswilson.github.io/Clinton-Russia-High-Level/public/documents/1998-05-21-telcon-55.pdf","https://www.clintonlibrary.gov/sites/default/files/finding_aids_a_z/2026-01/2015-0782-M-2.pdf"
"64","1998-05-28","Telcon","Needs source-note review","classification marking","Telephone call with President Boris Yeltsin of Russia, May 28, 1998, White House","Source: William J. Clinton Presidential Library, Clinton Presidential Records, Records of the National Security Council Records Management Office (Clinton Administration), NAID 7388808, Presidential Records Series (PRS) Files, NAID 7585721, NSC Records Management, [Yeltsin and Telcons], OA/Box Number 2039, Folder Title/Record ID 9803875, Mandatory Declassification Review 2015-0782-M-2, Declassified documents concerning Russian President Boris Yeltsin. [Classification marking to be verified against the source PDF]. The face page identifies Cindy Lawrence as notetaker. The face page identifies Kyrill Borissow as interpreter. The face page gives the date/time/place as: May 28, 1998, 11:53 a.m. - 12:14 p.m. EDT, Oval Office.","Source PDF pages 329-332. Source marker/provenance page 322. Compiler packet pages 396-400; actual conversation pages 396-399; provenance sheet page 400.","Source: William J. Clinton Presidential Library, Clinton Presidential Records, Records of the National Security Council Records Management Office (Clinton Administration), NAID 7388808, Presidential Records Series (PRS) Files, NAID 7585721, NSC Records Management, [Yeltsin and Telcons], OA/Box Number 2039, Folder Title/Record ID 9803875, Mandatory Declassification Review 2015-0782-M-2, Declassified documents concerning Russian President Boris Yeltsin.","Subject: Telephone Conversation with Russian President Boris Yeltsin | Date/time/place: May 28, 1998, 11:53 a.m. - 12:14 p.m. EDT, Oval Office | Classified by: Glyn T. Davies DECLASSIFIED | Reason: 1.5(b) PER E.0,13526 ^ | Declassify on: 5/28/08 | Notetaker: Cindy Lawrence | Interpreter: Kyrill Borissow | Participants block: The President President Boris Yeltsin Interpreter: Kyrill Borissow Notetaker: Cindy Lawrence","Telephone Conversation with Russian President Boris Yeltsin","May 28, 1998, 11:53 a.m. - 12:14 p.m. EDT, Oval Office","The President President Boris Yeltsin Interpreter: Kyrill Borissow Notetaker: Cindy Lawrence","Cindy Lawrence","Kyrill Borissow","","Glyn T. Davies DECLASSIFIED","1.5(b) PER E.0,13526 ^","5/28/08","Classified by: Glyn T. Davies DECLASSIFIED | Declassify on: 5/28/08","396-400","396-399","329-332","https://therealjameswilson.github.io/Clinton-Russia-High-Level/public/documents/1998-05-28-telcon-56.pdf","https://www.clintonlibrary.gov/sites/default/files/finding_aids_a_z/2026-01/2015-0782-M-2.pdf"
"65","1998-06-15","Telcon","Needs source-note review","classification marking","Telephone call with President Boris Yeltsin of Russia, June 15, 1998, White House","Source: William J. Clinton Presidential Library, Clinton Presidential Records, Records of the National Security Council Records Management Office (Clinton Administration), NAID 7388808, Presidential Records Series (PRS) Files, NAID 7585721, NSC Records Management, [Yeltsin and Telcons], OA/Box Number 2045, Folder Title/Record ID 9804474, Mandatory Declassification Review 2015-0782-M-2, Declassified documents concerning Russian President Boris Yeltsin. [Classification marking to be verified against the source PDF]. The face page identifies Bob Ford, Cindy Lawrence, Andrew Weiss as notetaker. The face page identifies Kyrill Borissow as interpreter. The face page gives the date/time/place as: June 15, 1998, 1:21 p.m, - 1:57 p.m. EDT, Oval Office.","Source PDF pages 342-346. Source marker/provenance page 336. Compiler packet pages 401-406; actual conversation pages 401-405; provenance sheet page 406.","Source: William J. Clinton Presidential Library, Clinton Presidential Records, Records of the National Security Council Records Management Office (Clinton Administration), NAID 7388808, Presidential Records Series (PRS) Files, NAID 7585721, NSC Records Management, [Yeltsin and Telcons], OA/Box Number 2045, Folder Title/Record ID 9804474, Mandatory Declassification Review 2015-0782-M-2, Declassified documents concerning Russian President Boris Yeltsin.","Subject: Telephone Conversation with Russian President Boris Yeltsin | Date/time/place: June 15, 1998, 1:21 p.m, - 1:57 p.m. EDT, Oval Office | Classified by: Glyn T. Davies DECLASSIFIED | Reason: 1.5(b) PER E.0.13526 | Declassify on: 6/19/08 2Lo\5-o732.- X | Notetaker: Bob Ford, Cindy Lawrence, Andrew Weiss | Interpreter: Kyrill Borissow | Participants block: The President President Boris Yeltsin Interpreter: Kyrill Borissow Notetakers: Bob Ford, Cindy Lawrence, Andrew Weiss","Telephone Conversation with Russian President Boris Yeltsin","June 15, 1998, 1:21 p.m, - 1:57 p.m. EDT, Oval Office","The President President Boris Yeltsin Interpreter: Kyrill Borissow Notetakers: Bob Ford, Cindy Lawrence, Andrew Weiss","Bob Ford, Cindy Lawrence, Andrew Weiss","Kyrill Borissow","","Glyn T. Davies DECLASSIFIED","1.5(b) PER E.0.13526","6/19/08 2Lo\5-o732.- X","Classified by: Glyn T. Davies DECLASSIFIED | Reason: 1.5(b) PER E.0.13526 | Declassify on: 6/19/08 2Lo\5-o732.- X","401-406","401-405","342-346","https://therealjameswilson.github.io/Clinton-Russia-High-Level/public/documents/1998-06-15-telcon-57.pdf","https://www.clintonlibrary.gov/sites/default/files/finding_aids_a_z/2026-01/2015-0782-M-2.pdf"
"66","1998-06-16","Telcon","Needs source-note review","classification marking","Telephone call with President Boris Yeltsin of Russia, June 16, 1998, White House","Source: William J. Clinton Presidential Library, Clinton Presidential Records, Records of the National Security Council Records Management Office (Clinton Administration), NAID 7388808, Presidential Records Series (PRS) Files, NAID 7585721, Document ID 9804476, Original OA/ID 2045, Mandatory Declassification Review 2015-0782-M-2, Declassified documents concerning Russian President Boris Yeltsin. [Classification marking to be verified against the source PDF]. The face page identifies Tom Crowell, Nick Dowling, Bonnie Click, Joel Schrader, James Smith, Andrew Weiss as notetaker. The face page identifies Dimitry Zarechnak as interpreter. The face page gives the date/time/place as: June 16, 1998, 10:50 a.m - 10:58 a.m. EDT, Oval Office.","Source PDF pages 359-360. Source marker/provenance page 352. Compiler packet pages 407-409; actual conversation pages 407-408; provenance sheet page 409.","Source: William J. Clinton Presidential Library, Clinton Presidential Records, Records of the National Security Council Records Management Office (Clinton Administration), NAID 7388808, Presidential Records Series (PRS) Files, NAID 7585721, Document ID 9804476, Original OA/ID 2045, Mandatory Declassification Review 2015-0782-M-2, Declassified documents concerning Russian President Boris Yeltsin.","Subject: Telephone Conversation wit^ Russian President Boris Yeltsin | Date/time/place: June 16, 1998, 10:50 a.m - 10:58 a.m. EDT, Oval Office | Classified by: Glyn T. Davies DECLASSIFIED | Reason: 1.5(b) PER E.0.13526 ^ ^ | Declassify on: 6/19/08 | Notetaker: Tom Crowell, Nick Dowling, Bonnie Click, Joel Schrader, James Smith, Andrew Weiss | Interpreter: Dimitry Zarechnak | Participants block: The President President Boris Yeltsin Interpreter: Dimitry Zarechnak Notetakers: Tom Crowell, Nick Dowling, Bonnie Click, Joel Schrader, James Smith, Andrew Weiss","Telephone Conversation wit^ Russian President Boris Yeltsin","June 16, 1998, 10:50 a.m - 10:58 a.m. EDT, Oval Office","The President President Boris Yeltsin Interpreter: Dimitry Zarechnak Notetakers: Tom Crowell, Nick Dowling, Bonnie Click, Joel Schrader, James Smith, Andrew Weiss","Tom Crowell, Nick Dowling, Bonnie Click, Joel Schrader, James Smith, Andrew Weiss","Dimitry Zarechnak","","Glyn T. Davies DECLASSIFIED","1.5(b) PER E.0.13526 ^ ^","6/19/08","Classified by: Glyn T. Davies DECLASSIFIED | Reason: 1.5(b) PER E.0.13526 ^ ^ | Declassify on: 6/19/08","407-409","407-408","359-360","https://therealjameswilson.github.io/Clinton-Russia-High-Level/public/documents/1998-06-16-telcon-59.pdf","https://www.clintonlibrary.gov/sites/default/files/finding_aids_a_z/2026-01/2015-0782-M-2.pdf"
"67","1998-07-10","Telcon","Needs source-note review","classification marking","Telephone call with President Boris Yeltsin of Russia, July 10, 1998, White House","Source: William J. Clinton Presidential Library, Clinton Presidential Records, Records of the National Security Council Records Management Office (Clinton Administration), NAID 7388808, Presidential Records Series (PRS) Files, NAID 7585721, NSC Records Management, [Yeltsin and Telcons], OA/Box Number 2048, Folder Title/Record ID 9804971, Mandatory Declassification Review 2015-0782-M-2, Declassified documents concerning Russian President Boris Yeltsin. [Classification marking to be verified against the source PDF]. The face page identifies Jim Smith, Jeff Rathke, Lyle Harrison, Doug Baylel, Andrew Weiss as notetaker. The face page identifies Dimitry Zarechnak as interpreter. The face page gives the date/time/place as: July 10, 1998, 1:19 p.m. - 1:38 p.m. EDT, Oval Office.","Source PDF pages 371-374. Source marker/provenance page 365. Compiler packet pages 410-414; actual conversation pages 410-413; provenance sheet page 414.","Source: William J. Clinton Presidential Library, Clinton Presidential Records, Records of the National Security Council Records Management Office (Clinton Administration), NAID 7388808, Presidential Records Series (PRS) Files, NAID 7585721, NSC Records Management, [Yeltsin and Telcons], OA/Box Number 2048, Folder Title/Record ID 9804971, Mandatory Declassification Review 2015-0782-M-2, Declassified documents concerning Russian President Boris Yeltsin.","Subject: Telephone Conversation with Russian President Boris Yeltsin | Date/time/place: July 10, 1998, 1:19 p.m. - 1:38 p.m. EDT, Oval Office | Classified by: Glyn T. Davies DECLASSIFIED | Reason: 1.5(d) PER E.0.13526. | Declassify on: 7/10/08 0.015--o73iL-Ph- | Notetaker: Jim Smith, Jeff Rathke, Lyle Harrison, Doug Baylel, Andrew Weiss | Interpreter: Dimitry Zarechnak | Participants block: The President President Boris Yeltsin Interpreter: Dimitry Zarechnak Notetakers: Jim Smith, Jeff Rathke, Lyle Harrison, Doug Baylel, Andrew Weiss","Telephone Conversation with Russian President Boris Yeltsin","July 10, 1998, 1:19 p.m. - 1:38 p.m. EDT, Oval Office","The President President Boris Yeltsin Interpreter: Dimitry Zarechnak Notetakers: Jim Smith, Jeff Rathke, Lyle Harrison, Doug Baylel, Andrew Weiss","Jim Smith, Jeff Rathke, Lyle Harrison, Doug Baylel, Andrew Weiss","Dimitry Zarechnak","","Glyn T. Davies DECLASSIFIED","1.5(d) PER E.0.13526.","7/10/08 0.015--o73iL-Ph-","Classified by: Glyn T. Davies DECLASSIFIED | Reason: 1.5(d) PER E.0.13526. | Declassify On: 7/10/08 0.015--o73iL-Ph-","410-414","410-413","371-374","https://therealjameswilson.github.io/Clinton-Russia-High-Level/public/documents/1998-07-10-telcon-60.pdf","https://www.clintonlibrary.gov/sites/default/files/finding_aids_a_z/2026-01/2015-0782-M-2.pdf"
"68","1998-08-14","Telcon","Needs source-note review","classification marking","Telephone call with President Boris Yeltsin of Russia, August 14, 1998, White House","Source: William J. Clinton Presidential Library, Clinton Presidential Records, Records of the National Security Council Records Management Office (Clinton Administration), NAID 7388808, Presidential Records Series (PRS) Files, NAID 7585721, NSC Records Management, [Yeltsin and Telcons], OA/Box Number 2055, Folder Title/Record ID 9805782, Mandatory Declassification Review 2015-0782-M-2, Declassified documents concerning Russian President Boris Yeltsin. [Classification marking to be verified against the source PDF]. The face page identifies Cindy Lawrence, Sean Tarver, Frank Jarosinski, Robert Ford, Daniel Kunin, Andrew Weiss as notetaker. The face page identifies Kyril Borissow as interpreter. The face page gives the date/time/place as: August 14, 1998, 10:30 a.m.- 11:06 a.m. EDT, Oval Office.","Source PDF pages 384-389. Source marker/provenance page 378. Compiler packet pages 415-421; actual conversation pages 415-420; provenance sheet page 421.","Source: William J. Clinton Presidential Library, Clinton Presidential Records, Records of the National Security Council Records Management Office (Clinton Administration), NAID 7388808, Presidential Records Series (PRS) Files, NAID 7585721, NSC Records Management, [Yeltsin and Telcons], OA/Box Number 2055, Folder Title/Record ID 9805782, Mandatory Declassification Review 2015-0782-M-2, Declassified documents concerning Russian President Boris Yeltsin.","Subject: Telephone Conversation with Russian President Yeltsin {^) | Date/time/place: August 14, 1998, 10:30 a.m.- 11:06 a.m. EDT, Oval Office | Classified by: Glyn T. Davies DECLASSmEB | Reason: 1.5 (d) PER E.0.13S26 | Declassify on: 08/17/08 ^15- n- X (i'll! | Notetaker: Cindy Lawrence, Sean Tarver, Frank Jarosinski, Robert Ford, Daniel Kunin, Andrew Weiss | Interpreter: Kyril Borissow | Participants block: President Clinton Russian President Boris Yeltsin Interpreter: Kyril Borissow Notetakers: Cindy Lawrence, Sean Tarver, Frank Jarosinski, Robert Ford, Daniel Kunin, Andrew Weiss","Telephone Conversation with Russian President Yeltsin {^)","August 14, 1998, 10:30 a.m.- 11:06 a.m. EDT, Oval Office","President Clinton Russian President Boris Yeltsin Interpreter: Kyril Borissow Notetakers: Cindy Lawrence, Sean Tarver, Frank Jarosinski, Robert Ford, Daniel Kunin, Andrew Weiss","Cindy Lawrence, Sean Tarver, Frank Jarosinski, Robert Ford, Daniel Kunin, Andrew Weiss","Kyril Borissow","","Glyn T. Davies DECLASSmEB","1.5 (d) PER E.0.13S26","08/17/08 ^15- n- X (i'll!","Classified by: Glyn T. Davies DECLASSmEB | Declassify on: 08/17/08 ^15- n- X (i'll!","415-421","415-420","384-389","https://therealjameswilson.github.io/Clinton-Russia-High-Level/public/documents/1998-08-14-telcon-61.pdf","https://www.clintonlibrary.gov/sites/default/files/finding_aids_a_z/2026-01/2015-0782-M-2.pdf"
"69","1998-08-25","Telcon","Needs source-note review","classification marking; notetaker","Telephone call with President Boris Yeltsin of Russia, August 25, 1998, Martha's Vineyard, Massachusetts","Source: William J. Clinton Presidential Library, Clinton Presidential Records, Records of the National Security Council Records Management Office (Clinton Administration), NAID 7388808, Presidential Records Series (PRS) Files, NAID 7585721, NSC Records Management, [Yeltsin and Telcons], OA/Box Number 2056, Folder Title/Record ID 9805956, Mandatory Declassification Review 2015-0782-M-2, Declassified documents concerning Russian President Boris Yeltsin. [Classification marking to be verified against the source PDF]. The face page identifies Dmitry Zarechnak Note Takers: Larry Wright, Matt Sibley, Jonathan Elkind, Andrew Weiss as interpreter. The face page gives the date/time/place as: August 25, 1998, 9:39 a.m. - 10:08 a.m. EDT Martha's Vineyard.","Source PDF pages 405-408. Source marker/provenance page 399. Compiler packet pages 422-426; actual conversation pages 422-425; provenance sheet page 426.","Source: William J. Clinton Presidential Library, Clinton Presidential Records, Records of the National Security Council Records Management Office (Clinton Administration), NAID 7388808, Presidential Records Series (PRS) Files, NAID 7585721, NSC Records Management, [Yeltsin and Telcons], OA/Box Number 2056, Folder Title/Record ID 9805956, Mandatory Declassification Review 2015-0782-M-2, Declassified documents concerning Russian President Boris Yeltsin.","Subject: Telephone Conversation with Russian President Yeltsin 0Zl | Date/time/place: August 25, 1998, 9:39 a.m. - 10:08 a.m. EDT Martha's Vineyard | Classified by: Glyn T. Davies | Reason: 1.5(d) PER E.0.13526 | Declassify on: 8/26/08 | Interpreter: Dmitry Zarechnak Note Takers: Larry Wright, Matt Sibley, Jonathan Elkind, Andrew Weiss | Participants block: The President Russian President Yeltsin Interpreter: Dmitry Zarechnak Note Takers: Larry Wright, Matt Sibley, Jonathan Elkind, Andrew Weiss","Telephone Conversation with Russian President Yeltsin 0Zl","August 25, 1998, 9:39 a.m. - 10:08 a.m. EDT Martha's Vineyard","The President Russian President Yeltsin Interpreter: Dmitry Zarechnak Note Takers: Larry Wright, Matt Sibley, Jonathan Elkind, Andrew Weiss","","Dmitry Zarechnak Note Takers: Larry Wright, Matt Sibley, Jonathan Elkind, Andrew Weiss","","Glyn T. Davies","1.5(d) PER E.0.13526","8/26/08","DECLASSIFIED | Reason: 1.5(d) PER E.0.13526 | Declassify on: 8/26/08","422-426","422-425","405-408","https://therealjameswilson.github.io/Clinton-Russia-High-Level/public/documents/1998-08-25-telcon-62.pdf","https://www.clintonlibrary.gov/sites/default/files/finding_aids_a_z/2026-01/2015-0782-M-2.pdf"
"70","1998-09-12","Telcon","Needs source-note review","classification marking; declassify-on line not parsed","Telephone call with President Boris Yeltsin of Russia, September 12, 1998, White House","Source: William J. Clinton Presidential Library, Clinton Presidential Records, Records of the National Security Council Records Management Office (Clinton Administration), NAID 7388808, Presidential Records Series (PRS) Files, NAID 7585721, NSC Records Management, [Yeltsin and Telcons], OA/Box Number 2058, Folder Title/Record ID 9806300, Mandatory Declassification Review 2015-0782-M-2, Declassified documents concerning Russian President Boris Yeltsin. [Classification marking to be verified against the source PDF]. The face page identifies Bonnie Click, Liz Rogers, Cindy Lawrence, Matt Sibley, Joel Schrader as notetaker. The face page identifies Dmitry Zarechnak as interpreter. The face page gives the date/time/place as: September 12, 1998, 11:32 - 11:59 a.m. EDT; Oval Office.","Source PDF pages 422-425. Source marker/provenance page 415. Compiler packet pages 427-431; actual conversation pages 427-430; provenance sheet page 431.","Source: William J. Clinton Presidential Library, Clinton Presidential Records, Records of the National Security Council Records Management Office (Clinton Administration), NAID 7388808, Presidential Records Series (PRS) Files, NAID 7585721, NSC Records Management, [Yeltsin and Telcons], OA/Box Number 2058, Folder Title/Record ID 9806300, Mandatory Declassification Review 2015-0782-M-2, Declassified documents concerning Russian President Boris Yeltsin.","Subject: Telephone Conversation with Russian President Boris Yeltsin on September 12 | Date/time/place: September 12, 1998, 11:32 - 11:59 a.m. EDT; Oval Office | Classified by: Glyn T. Davies DECLASSIFIED | Reason: 1.5b, i PER E.0.13526 | Notetaker: Bonnie Click, Liz Rogers, Cindy Lawrence, Matt Sibley, Joel Schrader | Interpreter: Dmitry Zarechnak | Participants block: The President Russian President Boris Yeltsin Interpreter: Dmitry Zarechnak Notetakers: Bonnie Click, Liz Rogers, Cindy Lawrence, Matt Sibley, Joel Schrader","Telephone Conversation with Russian President Boris Yeltsin on September 12","September 12, 1998, 11:32 - 11:59 a.m. EDT; Oval Office","The President Russian President Boris Yeltsin Interpreter: Dmitry Zarechnak Notetakers: Bonnie Click, Liz Rogers, Cindy Lawrence, Matt Sibley, Joel Schrader","Bonnie Click, Liz Rogers, Cindy Lawrence, Matt Sibley, Joel Schrader","Dmitry Zarechnak","","Glyn T. Davies DECLASSIFIED","1.5b, i PER E.0.13526","","Classified by: Glyn T. Davies DECLASSIFIED | Reason: 1.5b, i PER E.0.13526 | Declassify On:","427-431","427-430","422-425","https://therealjameswilson.github.io/Clinton-Russia-High-Level/public/documents/1998-09-12-telcon-64.pdf","https://www.clintonlibrary.gov/sites/default/files/finding_aids_a_z/2026-01/2015-0782-M-2.pdf"
"71","1998-10-05","Telcon","Parsed face-page fields available","","Telephone call with President Boris Yeltsin of Russia, October 5, 1998, White House","Source: William J. Clinton Presidential Library, Clinton Presidential Records: NSC Cable, Email, and Records Management System, Clinton Digital Library item 100503, Clinton Digital Library item 2016-0620-M, Declassified Documents Concerning Russian President Boris Yeltsin. [Classification marking to be verified against the source PDF]. The face page identifies Tony Campariella, Liz Rogers, Robin Rickard, Joel Schrader, Chris Bell as notetaker. The face page identifies Peter Afanasenko as interpreter. The face page gives the date/time/place as: October 5, 1998, 12:01 - 12:18 p.m. EDT, Oval Office.","Source PDF pages 3-5. Compiler packet pages 432-434; actual conversation pages 432-434.","Source: William J. Clinton Presidential Library, Clinton Presidential Records: NSC Cable, Email, and Records Management System, Clinton Digital Library item 100503, Clinton Digital Library item 2016-0620-M, Declassified Documents Concerning Russian President Boris Yeltsin.","Subject: Telephone Conversation with Russian President Boris Yeltsin | Date/time/place: October 5, 1998, 12:01 - 12:18 p.m. EDT, Oval Office | Face-page marking: CONFIDENTIAL- 6863 | Classified by: Glyn T. Davies | Reason: 1.5(d) | Declassify on: 10/7/08 | Notetaker: Tony Campariella, Liz Rogers, Robin Rickard, Joel Schrader, Chris Bell | Interpreter: Peter Afanasenko | Participants block: President Clinton Russian President Yeltsin Interpreter: Peter Afanasenko Notetakers: Tony Campariella, Liz Rogers, Robin Rickard, Joel Schrader, Chris Bell","Telephone Conversation with Russian President Boris Yeltsin","October 5, 1998, 12:01 - 12:18 p.m. EDT, Oval Office","President Clinton Russian President Yeltsin Interpreter: Peter Afanasenko Notetakers: Tony Campariella, Liz Rogers, Robin Rickard, Joel Schrader, Chris Bell","Tony Campariella, Liz Rogers, Robin Rickard, Joel Schrader, Chris Bell","Peter Afanasenko","CONFIDENTIAL- 6863","Glyn T. Davies","1.5(d)","10/7/08","DECLASSIFIED | PER E.0.13526 ^ | Declassify On: 10/7/08","432-434","432-434","3-5","https://therealjameswilson.github.io/Clinton-Russia-High-Level/public/documents/1998-10-05-clinton-yeltsin-telcon-actual-pages.pdf","https://clinton.presidentiallibraries.us/files/original/dac856cd6bbd10b93c2eb815862bce44.pdf"
"72","1998-12-30","Telcon","Needs source-note review","classification marking; declassify-on line not parsed","Telephone call with President Boris Yeltsin of Russia, December 30, 1998, White House","Source: William J. Clinton Presidential Library, Telcons - Memoranda of Telephone Conversation, Clinton Digital Library item 119190, Clinton Digital Library item clinton-item-119190, Memorandum of Telephone Conversation with Russian President Yeltsin. [Classification marking to be verified against the source PDF]. The face page identifies David Higgins, Matt Sibley, Doug Bayley, Jim Smith as notetaker. The face page identifies Dmitry Zarechnak as interpreter. The face page gives the date/time/place as: December 30, 1998, 10:00-10:33 a.m., Oval Of ce.","Source PDF pages 1-5. Compiler packet pages 435-439; actual conversation pages 435-439.","Source: William J. Clinton Presidential Library, Telcons - Memoranda of Telephone Conversation, Clinton Digital Library item 119190, Clinton Digital Library item clinton-item-119190, Memorandum of Telephone Conversation with Russian President Yeltsin.","Subject: Telephone Conversa~~ with Russian President Yeltsin~J | Date/time/place: December 30, 1998, 10:00-10:33 a.m., Oval Of ce | Classified by: Glyn T. Davies DECLASSIFIED | Reason: 1.S(b) PER E.O. 13526 | Notetaker: David Higgins, Matt Sibley, Doug Bayley, Jim Smith | Interpreter: Dmitry Zarechnak | Participants block: .President Clinton President Boris Yel in Interpreter: Dmitry Zarechnak Notetakers: David Higgins, Matt Sibley, Doug Bayley, Jim Smith","Telephone Conversa~~ with Russian President Yeltsin~J","December 30, 1998, 10:00-10:33 a.m., Oval Of ce",".President Clinton President Boris Yel in Interpreter: Dmitry Zarechnak Notetakers: David Higgins, Matt Sibley, Doug Bayley, Jim Smith","David Higgins, Matt Sibley, Doug Bayley, Jim Smith","Dmitry Zarechnak","","Glyn T. Davies DECLASSIFIED","1.S(b) PER E.O. 13526","","Classified by: Glyn T. Davies DECLASSIFIED | DeclassiOn:","435-439","435-439","1-5","https://therealjameswilson.github.io/Clinton-Russia-High-Level/public/documents/1998-12-30-clinton-yeltsin-telcon-actual-pages.pdf","https://clinton.presidentiallibraries.us/files/original/1ec29c3214c0ccb6c6ed30fd7e5b06af.pdf"
"73","1999-03-24","Telcon","Needs source-note review","classification reason not parsed; declassify-on line not parsed","Telephone call with President Boris Yeltsin of Russia, March 24, 1999, White House","Source: William J. Clinton Presidential Library, Clinton Presidential Records, Records of the National Security Council Records Management Office (Clinton Administration), NAID 7388808, Presidential Records Series (PRS) Files, NAID 7585721, Document ID 9902107, Original OA/ID 2719, Mandatory Declassification Review 2014-0546-M, Declassified documents concerning Russian President Boris Yeltsin and Kosovo. [Classification marking to be verified against the source PDF]. The face page identifies Jenny McGee, Miles Murphy, Joel Schrader, James Smith, Andrew Weiss as notetaker. The face page identifies Yuri Shkeyrov as interpreter. The face page gives the date/time/place as: March 24, 1998, 9:20 - 9:56 a.m. Oval Office.","Source PDF pages 432-436. Source marker/provenance page 431. Compiler packet pages 440-445; actual conversation pages 440-444; provenance sheet page 445.","Source: William J. Clinton Presidential Library, Clinton Presidential Records, Records of the National Security Council Records Management Office (Clinton Administration), NAID 7388808, Presidential Records Series (PRS) Files, NAID 7585721, Document ID 9902107, Original OA/ID 2719, Mandatory Declassification Review 2014-0546-M, Declassified documents concerning Russian President Boris Yeltsin and Kosovo.","Subject: Telephone Conversation with Russian President Yeltsin | Date/time/place: March 24, 1998, 9:20 - 9:56 a.m. Oval Office | Face-page marking: -SECRET 2107 | Classified by: Glyn T. Davies | Notetaker: Jenny McGee, Miles Murphy, Joel Schrader, James Smith, Andrew Weiss | Interpreter: Yuri Shkeyrov | Participants block: The President President Yeltsin Interpreter: Yuri Shkeyrov Notetakers: Jenny McGee, Miles Murphy, Joel Schrader, James Smith, Andrew Weiss","Telephone Conversation with Russian President Yeltsin","March 24, 1998, 9:20 - 9:56 a.m. Oval Office","The President President Yeltsin Interpreter: Yuri Shkeyrov Notetakers: Jenny McGee, Miles Murphy, Joel Schrader, James Smith, Andrew Weiss","Jenny McGee, Miles Murphy, Joel Schrader, James Smith, Andrew Weiss","Yuri Shkeyrov","-SECRET 2107","Glyn T. Davies","","","WASH I NGTON DECLASSIFIED | PER E.0.13526. | Declassify'on-’ 3/25/09 CLINTON UBRARY PHOTOCOPY","440-445","440-444","432-436","https://therealjameswilson.github.io/Clinton-Russia-High-Level/public/documents/1999-03-24-telcon-68.pdf","https://www.clintonlibrary.gov/sites/default/files/finding_aids_a_z/2026-01/2015-0782-M-2.pdf"
"74","1999-04-19","Telcon","Needs source-note review","classification marking","Telephone call with President Boris Yeltsin of Russia, April 19, 1999, White House","Source: William J. Clinton Presidential Library, Clinton Presidential Records, Records of the National Security Council Records Management Office (Clinton Administration), NAID 7388808, Presidential Records Series (PRS) Files, NAID 7585721, Document ID 9902901, Original OA/ID 2724, Mandatory Declassification Review 2015-0782-M-2, Declassified documents concerning Russian President Boris Yeltsin. [Classification marking to be verified against the source PDF]. The face page identifies Robert Ford, Michael T. Manning, Roger Merletti, Matt Sibley, Jim Smith, Andrew Weiss as notetaker. The face page identifies Nikolai Sorokin as interpreter. The face page gives the date/time/place as: April 19, 1999, 9:30 - 10:13 a.m. EDT, Oval Office.","Source PDF pages 438-443. Source marker/provenance page 437. Compiler packet pages 446-452; actual conversation pages 446-451; provenance sheet page 452.","Source: William J. Clinton Presidential Library, Clinton Presidential Records, Records of the National Security Council Records Management Office (Clinton Administration), NAID 7388808, Presidential Records Series (PRS) Files, NAID 7585721, Document ID 9902901, Original OA/ID 2724, Mandatory Declassification Review 2015-0782-M-2, Declassified documents concerning Russian President Boris Yeltsin.","Subject: Telephone Conversation with Russian President Yeltsin tsi | Date/time/place: April 19, 1999, 9:30 - 10:13 a.m. EDT, Oval Office | Classified by: Glyn T. Davies | Reason: 1.5(d) | Declassify on: 4/20/09 | Notetaker: Robert Ford, Michael T. Manning, Roger Merletti, Matt Sibley, Jim Smith, Andrew Weiss | Interpreter: Nikolai Sorokin | Participants block: President Clinton President Boris Yeltsin Notetakers: Robert Ford, Michael T. Manning, Roger Merletti, Matt Sibley, Jim Smith, Andrew Weiss Interpreter: Nikolai Sorokin","Telephone Conversation with Russian President Yeltsin tsi","April 19, 1999, 9:30 - 10:13 a.m. EDT, Oval Office","President Clinton President Boris Yeltsin Notetakers: Robert Ford, Michael T. Manning, Roger Merletti, Matt Sibley, Jim Smith, Andrew Weiss Interpreter: Nikolai Sorokin","Robert Ford, Michael T. Manning, Roger Merletti, Matt Sibley, Jim Smith, Andrew Weiss","Nikolai Sorokin","","Glyn T. Davies","1.5(d)","4/20/09","DECLASSIFIED | PER E.0.13526. | Declassify On: 4/20/09","446-452","446-451","438-443","https://therealjameswilson.github.io/Clinton-Russia-High-Level/public/documents/1999-04-19-telcon-69.pdf","https://www.clintonlibrary.gov/sites/default/files/finding_aids_a_z/2026-01/2015-0782-M-2.pdf"
"75","1999-04-25","Telcon","Parsed face-page fields available","","Telephone call with President Boris Yeltsin of Russia, April 25, 1999, Washington, D.C.","Source: William J. Clinton Presidential Library, Clinton Presidential Records, Records of the National Security Council Records Management Office (Clinton Administration), NAID 7388808, Presidential Records Series (PRS) Files, NAID 7585721, Document ID 9903106, Original OA/ID 2725, Mandatory Declassification Review 2014-0546-M, Declassified documents concerning Russian President Boris Yeltsin and Kosovo. [Classification marking to be verified against the source PDF]. The face page identifies George Chastain, Doug Bailey, Frank Jarosinski, Joel Schrader, Andrew Weiss as notetaker. The face page identifies Yuriy Shkeyrov, as interpreter. The face page gives the date/time/place as: April 25, 1999, 10:35 - 11:58 a.m. EDT, NATO Summit Trip Building.","Source PDF pages 445-456. Source marker/provenance page 444. Compiler packet pages 453-465; actual conversation pages 453-464; provenance sheet page 465.","Source: William J. Clinton Presidential Library, Clinton Presidential Records, Records of the National Security Council Records Management Office (Clinton Administration), NAID 7388808, Presidential Records Series (PRS) Files, NAID 7585721, Document ID 9903106, Original OA/ID 2725, Mandatory Declassification Review 2014-0546-M, Declassified documents concerning Russian President Boris Yeltsin and Kosovo.","Subject: Telephone Conversation with Russian President Yeltsin ^ | Date/time/place: April 25, 1999, 10:35 - 11:58 a.m. EDT, NATO Summit Trip Building | Face-page marking: ■■SEGR.ETL | Classified by: Glyn T. Davies | Reason: 1.5(d) CLINTON LIBRARY PHOTOCOPY | Declassify on: 4/26/09 | Notetaker: George Chastain, Doug Bailey, Frank Jarosinski, Joel Schrader, Andrew Weiss | Interpreter: Yuriy Shkeyrov, | Participants block: President Clinton President Boris Yeltsin Notetakers: George Chastain, Doug Bailey, Frank Jarosinski, Joel Schrader, Andrew Weiss Interpreter: Yuriy Shkeyrov,","Telephone Conversation with Russian President Yeltsin ^","April 25, 1999, 10:35 - 11:58 a.m. EDT, NATO Summit Trip Building","President Clinton President Boris Yeltsin Notetakers: George Chastain, Doug Bailey, Frank Jarosinski, Joel Schrader, Andrew Weiss Interpreter: Yuriy Shkeyrov,","George Chastain, Doug Bailey, Frank Jarosinski, Joel Schrader, Andrew Weiss","Yuriy Shkeyrov,","■■SEGR.ETL","Glyn T. Davies","1.5(d) CLINTON LIBRARY PHOTOCOPY","4/26/09","per E.0.13526 | Declassify On: 4/26/09","453-465","453-464","445-456","https://therealjameswilson.github.io/Clinton-Russia-High-Level/public/documents/1999-04-25-telcon-70.pdf","https://www.clintonlibrary.gov/sites/default/files/finding_aids_a_z/2026-01/2015-0782-M-2.pdf"
"76","1999-05-02","Telcon","Needs source-note review","classification marking","Telephone call with President Boris Yeltsin of Russia, May 2, 1999, White House","Source: William J. Clinton Presidential Library, Clinton Presidential Records, Records of the National Security Council Records Management Office (Clinton Administration), NAID 7388808, Presidential Records Series (PRS) Files, NAID 7585721, Document ID 9903364, Original OA/ID 2727, Mandatory Declassification Review 2014-0546-M, Declassified documents concerning Russian President Boris Yeltsin and Kosovo. [Classification marking to be verified against the source PDF]. The face page identifies Tony Campanella, Elizabeth Rogers, Michael Manning, Sean Tarver, Andrew Weiss as notetaker. The face page identifies Peter Afanasenko as interpreter. The face page gives the date/time/place as: May 2, 1999, 10:18 - 10:31 a.m. EDT, Residence.","Source PDF pages 470-473. Source marker/provenance page 469. Compiler packet pages 466-470; actual conversation pages 466-469; provenance sheet page 470.","Source: William J. Clinton Presidential Library, Clinton Presidential Records, Records of the National Security Council Records Management Office (Clinton Administration), NAID 7388808, Presidential Records Series (PRS) Files, NAID 7585721, Document ID 9903364, Original OA/ID 2727, Mandatory Declassification Review 2014-0546-M, Declassified documents concerning Russian President Boris Yeltsin and Kosovo.","Subject: Telephone Conversation with Russian President Yeltsin (X) | Date/time/place: May 2, 1999, 10:18 - 10:31 a.m. EDT, Residence | Classified by: Glyn T. Davies | Reason: 1.5(d) CLINTON LIBRARY PHOTOCOPY | Declassify on: 4/26/09 | Notetaker: Tony Campanella, Elizabeth Rogers, Michael Manning, Sean Tarver, Andrew Weiss | Interpreter: Peter Afanasenko | Participants block: The President Russian President Yeltsin Notetakers: Tony Campanella, Elizabeth Rogers, Michael Manning, Sean Tarver, Andrew Weiss Interpreter: Peter Afanasenko","Telephone Conversation with Russian President Yeltsin (X)","May 2, 1999, 10:18 - 10:31 a.m. EDT, Residence","The President Russian President Yeltsin Notetakers: Tony Campanella, Elizabeth Rogers, Michael Manning, Sean Tarver, Andrew Weiss Interpreter: Peter Afanasenko","Tony Campanella, Elizabeth Rogers, Michael Manning, Sean Tarver, Andrew Weiss","Peter Afanasenko","","Glyn T. Davies","1.5(d) CLINTON LIBRARY PHOTOCOPY","4/26/09","WASH I NGTON declassified | PER E.0.13526 | Declassify On: 4/26/09","466-470","466-469","470-473","https://therealjameswilson.github.io/Clinton-Russia-High-Level/public/documents/1999-05-02-telcon-71.pdf","https://www.clintonlibrary.gov/sites/default/files/finding_aids_a_z/2026-01/2015-0782-M-2.pdf"
"77","1999-06-07","Telcon","Needs source-note review","classification marking","Telephone call with President Boris Yeltsin of Russia, June 7, 1999, White House","Source: William J. Clinton Presidential Library, Clinton Presidential Records, Records of the National Security Council Records Management Office (Clinton Administration), NAID 7388808, Presidential Records Series (PRS) Files, NAID 7585721, Document ID 9904358, Original OA/ID 2733, Mandatory Declassification Review 2014-0546-M, Declassified documents concerning Russian President Boris Yeltsin and Kosovo. [Classification marking to be verified against the source PDF]. The face page identifies Robin Rickard, James Smith Michael Manning, Roger Merletti, Stuart Kaufman as notetaker. The face page identifies Kyrill Borissow as interpreter. The face page gives the date/time/place as: 7 June 1999, 11:07 - 11:14 a.m. EST, Oval Office.","Source PDF pages 479-480. Source marker/provenance page 478. Compiler packet pages 471-473; actual conversation pages 471-472; provenance sheet page 473.","Source: William J. Clinton Presidential Library, Clinton Presidential Records, Records of the National Security Council Records Management Office (Clinton Administration), NAID 7388808, Presidential Records Series (PRS) Files, NAID 7585721, Document ID 9904358, Original OA/ID 2733, Mandatory Declassification Review 2014-0546-M, Declassified documents concerning Russian President Boris Yeltsin and Kosovo.","Subject: Telcon with President Yeltsin of Russia (U) | Date/time/place: 7 June 1999, 11:07 - 11:14 a.m. EST, Oval Office | Classified by: Glyn T. Davies | Reason: 1.5(d) | Declassify on: 06/08/09 CLINTON LIBRARY PHOTOCOPY | Notetaker: Robin Rickard, James Smith Michael Manning, Roger Merletti, Stuart Kaufman | Interpreter: Kyrill Borissow | Participants block: The President Russian President Yeltsin Notetakers: Robin Rickard, James Smith Michael Manning, Roger Merletti, Stuart Kaufman Interpreter: Kyrill Borissow","Telcon with President Yeltsin of Russia (U)","7 June 1999, 11:07 - 11:14 a.m. EST, Oval Office","The President Russian President Yeltsin Notetakers: Robin Rickard, James Smith Michael Manning, Roger Merletti, Stuart Kaufman Interpreter: Kyrill Borissow","Robin Rickard, James Smith Michael Manning, Roger Merletti, Stuart Kaufman","Kyrill Borissow","","Glyn T. Davies","1.5(d)","06/08/09 CLINTON LIBRARY PHOTOCOPY","DECLASSIFIED | PER E.0.13526. | Declassify On: 06/08/09 CLINTON LIBRARY PHOTOCOPY","471-473","471-472","479-480","https://therealjameswilson.github.io/Clinton-Russia-High-Level/public/documents/1999-06-07-telcon-72.pdf","https://www.clintonlibrary.gov/sites/default/files/finding_aids_a_z/2026-01/2015-0782-M-2.pdf"
"78","1999-06-08","Telcon","Parsed face-page fields available","","Telephone call with President Boris Yeltsin of Russia, June 8, 1999, White House","Source: William J. Clinton Presidential Library, Clinton Presidential Records, Records of the National Security Council Records Management Office (Clinton Administration), NAID 7388808, Presidential Records Series (PRS) Files, NAID 7585721, Document ID 9904397, Original OA/ID 2733, Mandatory Declassification Review 2014-0546-M, Declassified documents concerning Russian President Boris Yeltsin and Kosovo. Secret. The face page identifies Bonnie Click, Sean Tarver, Roger Merletti, Don Cheramie as notetaker. The face page identifies Nikolai Sorokin as interpreter. The face page gives the date/time/place as: June 8, 1999, 8:58 - 9:13 a.m., EST Oval Office.","Source PDF pages 482-484. Source marker/provenance page 481. Compiler packet pages 474-477; actual conversation pages 474-476; provenance sheet page 477.","Source: William J. Clinton Presidential Library, Clinton Presidential Records, Records of the National Security Council Records Management Office (Clinton Administration), NAID 7388808, Presidential Records Series (PRS) Files, NAID 7585721, Document ID 9904397, Original OA/ID 2733, Mandatory Declassification Review 2014-0546-M, Declassified documents concerning Russian President Boris Yeltsin and Kosovo.","Subject: Telephone Conversation with President Yeltsin of Russia | Date/time/place: June 8, 1999, 8:58 - 9:13 a.m., EST Oval Office | Face-page marking: SECRET | Classified by: Glyn T. Davies | Reason: 1.5(d) | Declassify on: 06/09/09 CLINTON LIBRARY PHOTOCOPY | Notetaker: Bonnie Click, Sean Tarver, Roger Merletti, Don Cheramie | Interpreter: Nikolai Sorokin | Participants block: The President Russian President Yeltsin Interpreter: Nikolai Sorokin Notetakers: Bonnie Click, Sean Tarver, Roger Merletti, Don Cheramie","Telephone Conversation with President Yeltsin of Russia","June 8, 1999, 8:58 - 9:13 a.m., EST Oval Office","The President Russian President Yeltsin Interpreter: Nikolai Sorokin Notetakers: Bonnie Click, Sean Tarver, Roger Merletti, Don Cheramie","Bonnie Click, Sean Tarver, Roger Merletti, Don Cheramie","Nikolai Sorokin","SECRET","Glyn T. Davies","1.5(d)","06/09/09 CLINTON LIBRARY PHOTOCOPY","DECLASSIFIED | June 9, 1999 PER E.0.13526. | Declassify On: 06/09/09 CLINTON LIBRARY PHOTOCOPY","474-477","474-476","482-484","https://therealjameswilson.github.io/Clinton-Russia-High-Level/public/documents/1999-06-08-telcon-73.pdf","https://www.clintonlibrary.gov/sites/default/files/finding_aids_a_z/2026-01/2015-0782-M-2.pdf"
"79","1999-06-10","Telcon","Parsed face-page fields available","","Telephone call with President Boris Yeltsin of Russia, June 10, 1999, White House","Source: William J. Clinton Presidential Library, Clinton Presidential Records, Records of the National Security Council Records Management Office (Clinton Administration), NAID 7388808, Presidential Records Series (PRS) Files, NAID 7585721, Document ID 9904501, Original OA/ID 2734, Mandatory Declassification Review 2014-0546-M, Declassified documents concerning Russian President Boris Yeltsin and Kosovo. [Classification marking to be verified against the source PDF]. The face page identifies George Chastain, Matt Sibley, Sean Tarver, Robert Ford, Roger Merletti, James Smith as notetaker. The face page identifies Peter Afansenko as interpreter. The face page gives the date/time/place as: June 10, 1999, 10:40 - 10:50 a.m. EST Oval Office.","Source PDF pages 488-489. Source marker/provenance page 487. Compiler packet pages 478-480; actual conversation pages 478-479; provenance sheet page 480.","Source: William J. Clinton Presidential Library, Clinton Presidential Records, Records of the National Security Council Records Management Office (Clinton Administration), NAID 7388808, Presidential Records Series (PRS) Files, NAID 7585721, Document ID 9904501, Original OA/ID 2734, Mandatory Declassification Review 2014-0546-M, Declassified documents concerning Russian President Boris Yeltsin and Kosovo.","Subject: Telcon with President Yeltsin of Russia • (U) | Date/time/place: June 10, 1999, 10:40 - 10:50 a.m. EST Oval Office | Face-page marking: -CONFIDENTIAL 4501 | Classified by: Glyn T. Davies | Reason: 1.5(d) CLINTON LIBRARY PHOTOCOPY | Declassify on: 06/11/09 | Notetaker: George Chastain, Matt Sibley, Sean Tarver, Robert Ford, Roger Merletti, James Smith | Interpreter: Peter Afansenko | Participants block: The President Russian President Yeltsin Interpreter: Peter Afansenko Notetakers: George Chastain, Matt Sibley, Sean Tarver, Robert Ford, Roger Merletti, James Smith","Telcon with President Yeltsin of Russia • (U)","June 10, 1999, 10:40 - 10:50 a.m. EST Oval Office","The President Russian President Yeltsin Interpreter: Peter Afansenko Notetakers: George Chastain, Matt Sibley, Sean Tarver, Robert Ford, Roger Merletti, James Smith","George Chastain, Matt Sibley, Sean Tarver, Robert Ford, Roger Merletti, James Smith","Peter Afansenko","-CONFIDENTIAL 4501","Glyn T. Davies","1.5(d) CLINTON LIBRARY PHOTOCOPY","06/11/09","DECLASSIFIED | PER E.0.13526 | Declassify on: 06/11/09","478-480","478-479","488-489","https://therealjameswilson.github.io/Clinton-Russia-High-Level/public/documents/1999-06-10-telcon-74.pdf","https://www.clintonlibrary.gov/sites/default/files/finding_aids_a_z/2026-01/2015-0782-M-2.pdf"
"80","1999-06-13","Telcon","Needs source-note review","classified-by line not parsed","Telephone call with President Boris Yeltsin of Russia, June 13, 1999, White House","Source: William J. Clinton Presidential Library, Clinton Presidential Records, Records of the National Security Council Records Management Office (Clinton Administration), NAID 7388808, Presidential Records Series (PRS) Files, NAID 7585721, NSC Records Management, [Yeltsin], OA/Box Number 2739, Folder Title/Record ID 9905271, Freedom of Information Act request 2006-1185-F, Records on Telephone Calls between William J. Clinton and Boris Yeltsin, June 13 and 14, 1999. [Classification marking to be verified against the source PDF]. The face page identifies Joel Schrader, Jenny McGee, Miles Murphy, and Doug Bayley as notetaker. The face page identifies Nikolai Sorokin as interpreter. The face page gives the date/time/place as: June 13, 1999, 9:07 - 10:05 a.m. Oval Office.","Source PDF pages 531-537. Source marker/provenance page 530. Compiler packet pages 481-488; actual conversation pages 481-487; provenance sheet page 488.","Source: William J. Clinton Presidential Library, Clinton Presidential Records, Records of the National Security Council Records Management Office (Clinton Administration), NAID 7388808, Presidential Records Series (PRS) Files, NAID 7585721, NSC Records Management, [Yeltsin], OA/Box Number 2739, Folder Title/Record ID 9905271, Freedom of Information Act request 2006-1185-F, Records on Telephone Calls between William J. Clinton and Boris Yeltsin, June 13 and 14, 1999.","Subject: Telephone Conversation with Russian President Yeltsin | Date/time/place: June 13, 1999, 9:07 - 10:05 a.m. Oval Office | Face-page marking: ■SECRET"" 5271 | Reason: 1.5 (d) PERE.0.13526 | Declassify on: 7/12/09 073X- r^-'X | Notetaker: Joel Schrader, Jenny McGee, Miles Murphy, and Doug Bayley | Interpreter: Nikolai Sorokin | Participants block: The President President Yeltsin INTERPRETER; Nikolai Sorokin Notetakers: Joel Schrader, Jenny McGee, Miles Murphy, and Doug Bayley","Telephone Conversation with Russian President Yeltsin","June 13, 1999, 9:07 - 10:05 a.m. Oval Office","The President President Yeltsin INTERPRETER; Nikolai Sorokin Notetakers: Joel Schrader, Jenny McGee, Miles Murphy, and Doug Bayley","Joel Schrader, Jenny McGee, Miles Murphy, and Doug Bayley","Nikolai Sorokin","■SECRET"" 5271","","1.5 (d) PERE.0.13526","7/12/09 073X- r^-'X","DECLASSIFIED | Reason: 1.5 (d) PERE.0.13526 | Declassify On: 7/12/09 073X- r^-'X","481-488","481-487","531-537","https://therealjameswilson.github.io/Clinton-Russia-High-Level/public/documents/1999-06-13-telcon-75.pdf","https://www.clintonlibrary.gov/sites/default/files/finding_aids_a_z/2026-01/2015-0782-M-2.pdf"
"81","1999-06-14","Telcon","Needs source-note review","classification marking; classified-by line not parsed","Telephone call with President Boris Yeltsin of Russia, June 14, 1999, White House","Source: William J. Clinton Presidential Library, Clinton Presidential Records, Records of the National Security Council Records Management Office (Clinton Administration), NAID 7388808, Presidential Records Series (PRS) Files, NAID 7585721, NSC Records Management, [Yeltsin], OA/Box Number 2739, Folder Title/Record ID 9905128, Freedom of Information Act request 2006-1185-F, Records on Telephone Calls between William J. Clinton and Boris Yeltsin, June 13 and 14, 1999. [Classification marking to be verified against the source PDF]. The face page identifies Joel Schrader, Miles Murphy, Matt Sibley, Joel Ehrendreich, Roger Merletti, Doug Bayley, and Andrew Weiss as notetaker. The face page identifies Nikolai Sorokin as interpreter. The face page gives the date/time/place as: June 14, 1999, 10:06 - 10:32 a.m. Oval Office.","Source PDF pages 521-524. Source marker/provenance page 519. Compiler packet pages 489-493; actual conversation pages 489-492; provenance sheet page 493.","Source: William J. Clinton Presidential Library, Clinton Presidential Records, Records of the National Security Council Records Management Office (Clinton Administration), NAID 7388808, Presidential Records Series (PRS) Files, NAID 7585721, NSC Records Management, [Yeltsin], OA/Box Number 2739, Folder Title/Record ID 9905128, Freedom of Information Act request 2006-1185-F, Records on Telephone Calls between William J. Clinton and Boris Yeltsin, June 13 and 14, 1999.","Subject: Telephone Conversation with Russian President Yeltsin i^) | Date/time/place: June 14, 1999, 10:06 - 10:32 a.m. Oval Office | Reason: 1.5(b) ois%.r^-x(i.zn^ | Declassify on: 7/7/09 3/15/:u>v3 K8h | Notetaker: Joel Schrader, Miles Murphy, Matt Sibley, Joel Ehrendreich, Roger Merletti, Doug Bayley, and Andrew Weiss | Interpreter: Nikolai Sorokin | Participants block: The President President Yeltsin INTERPRETER; Nikolai Sorokin Notetakers: Joel Schrader, Miles Murphy, Matt Sibley, Joel Ehrendreich, Roger Merletti, Doug Bayley, and Andrew Weiss","Telephone Conversation with Russian President Yeltsin i^)","June 14, 1999, 10:06 - 10:32 a.m. Oval Office","The President President Yeltsin INTERPRETER; Nikolai Sorokin Notetakers: Joel Schrader, Miles Murphy, Matt Sibley, Joel Ehrendreich, Roger Merletti, Doug Bayley, and Andrew Weiss","Joel Schrader, Miles Murphy, Matt Sibley, Joel Ehrendreich, Roger Merletti, Doug Bayley, and Andrew Weiss","Nikolai Sorokin","","","1.5(b) ois%.r^-x(i.zn^","7/7/09 3/15/:u>v3 K8h","DECLASSIFIED | ■ 5-E6RET PER E.0.13526 | Declassify On: 7/7/09 3/15/:u>v3 K8h","489-493","489-492","521-524","https://therealjameswilson.github.io/Clinton-Russia-High-Level/public/documents/1999-06-14-telcon-76.pdf","https://www.clintonlibrary.gov/sites/default/files/finding_aids_a_z/2026-01/2015-0782-M-2.pdf"
"82","1999-06-20","Memcon","Needs source-note review","classification marking","Meeting with President Boris Yeltsin of Russia, June 20, 1999, Cologne, Germany","Source: William J. Clinton Presidential Library, Clinton Presidential Records, Records of the National Security Council Records Management Office (Clinton Administration), NAID 7388808, Presidential Records Series (PRS) Files, NAID 7585721, NSC Records Management, [Yeltsin and Telcons], OA/Box Number 2736, Folder Title/Record ID 9904842, Mandatory Declassification Review 2015-0782-M-2, Declassified documents concerning Russian President Boris Yeltsin. [Classification marking to be verified against the source PDF]. The face page identifies Carlos Pascual as notetaker. The face page identifies Peter Afanasenko as interpreter. The face page gives the date/time/place as: June 20, 1999, 1:00 - 2:00 p.m. Renaissance Hotel (Russians Host), Cologne, Germany.","Source PDF pages 497-505. Source marker/provenance page 491. Compiler packet pages 494-503; actual conversation pages 494-502; provenance sheet page 503.","Source: William J. Clinton Presidential Library, Clinton Presidential Records, Records of the National Security Council Records Management Office (Clinton Administration), NAID 7388808, Presidential Records Series (PRS) Files, NAID 7585721, NSC Records Management, [Yeltsin and Telcons], OA/Box Number 2736, Folder Title/Record ID 9904842, Mandatory Declassification Review 2015-0782-M-2, Declassified documents concerning Russian President Boris Yeltsin.","Subject: MEMORANDUM OF CONVERSATION | Date/time/place: June 20, 1999, 1:00 - 2:00 p.m. Renaissance Hotel (Russians Host), Cologne, Germany | Classified by: Glyn T. Davies ■ PER E.0.13526 | Reason: 1.5 (b,d) 'Xo\5-o-rsx-(^-\ ftn') | Declassify on: 6/25/09 3/\2/ 3LO\8 KSH | Notetaker: Carlos Pascual | Interpreter: Peter Afanasenko | Participants block: The President Secretary Albright Samuel Berger Deputy Secretary Talbott President Yeltsin Minister Ivanov Minister Shapovalyants Foreign Policy Advisor Prikhodko Deputy Minister Mamedov Russian Interpreter Interpreter: Peter Afanasenko Notetaker: Carlos Pascual","MEMORANDUM OF CONVERSATION","June 20, 1999, 1:00 - 2:00 p.m. Renaissance Hotel (Russians Host), Cologne, Germany","The President Secretary Albright Samuel Berger Deputy Secretary Talbott President Yeltsin Minister Ivanov Minister Shapovalyants Foreign Policy Advisor Prikhodko Deputy Minister Mamedov Russian Interpreter Interpreter: Peter Afanasenko Notetaker: Carlos Pascual","Carlos Pascual","Peter Afanasenko","","Glyn T. Davies ■ PER E.0.13526","1.5 (b,d) 'Xo\5-o-rsx-(^-\ ftn')","6/25/09 3/\2/ 3LO\8 KSH","Classified by: Glyn T. Davies ■ PER E.0.13526 | Declassify On: 6/25/09 3/\2/ 3LO\8 KSH","494-503","494-502","497-505","https://therealjameswilson.github.io/Clinton-Russia-High-Level/public/documents/1999-06-20-memcon-77.pdf","https://www.clintonlibrary.gov/sites/default/files/finding_aids_a_z/2026-01/2015-0782-M-2.pdf"
"83","1999-09-08","Telcon","Needs source-note review","participants; notetaker; interpreter","Telephone call with President Boris Yeltsin of Russia, September 8, 1999, White House","Source: William J. Clinton Presidential Library, Clinton Presidential Records, Records of the National Security Council Records Management Office (Clinton Administration), NAID 7388808, Presidential Records Series (PRS) Files, NAID 7585721, NSC Records Management, [Yeltsin and Telcons], OA/Box Number 2748, Folder Title/Record ID 9906603, Mandatory Declassification Review 2015-0782-M-2, Declassified documents concerning Russian President Boris Yeltsin. [Classification marking to be verified against the source PDF]. The face page gives the date/time/place as: September 8, 1999, 11:42 a.m. - 12:21 p.m., OEOB.","Source PDF pages 548-552. Source marker/provenance page 541. Compiler packet pages 504-509; actual conversation pages 504-508; provenance sheet page 509.","Source: William J. Clinton Presidential Library, Clinton Presidential Records, Records of the National Security Council Records Management Office (Clinton Administration), NAID 7388808, Presidential Records Series (PRS) Files, NAID 7585721, NSC Records Management, [Yeltsin and Telcons], OA/Box Number 2748, Folder Title/Record ID 9906603, Mandatory Declassification Review 2015-0782-M-2, Declassified documents concerning Russian President Boris Yeltsin.","Subject: Telephone Conversation with Russian President Yeltsin PARTICIP7\NTS The President President Yeltsin NOTETAKERS: Jenny McGee, Robert Ford, Michael T. Manning, Roger Merletti, Jim Smith, Andrew Weiss INTERPRETER: Kyrill Borissow | Date/time/place: September 8, 1999, 11:42 a.m. - 12:21 p.m., OEOB | Face-page marking: -SEGRE'^ | Classified by: Robert A. Bradtke DECLASSIFIED | Reason: 1.5(d) | Declassify on: t>78X-n-i 0","Telephone Conversation with Russian President Yeltsin PARTICIP7\NTS The President President Yeltsin NOTETAKERS: Jenny McGee, Robert Ford, Michael T. Manning, Roger Merletti, Jim Smith, Andrew Weiss INTERPRETER: Kyrill Borissow","September 8, 1999, 11:42 a.m. - 12:21 p.m., OEOB","","","","-SEGRE'^","Robert A. Bradtke DECLASSIFIED","1.5(d)","t>78X-n-i 0","Classified by: Robert A. Bradtke DECLASSIFIED | PER E.0.13526 | Declassify On: t>78X-n-i 0","504-509","504-508","548-552","https://therealjameswilson.github.io/Clinton-Russia-High-Level/public/documents/1999-09-08-telcon-78.pdf","https://www.clintonlibrary.gov/sites/default/files/finding_aids_a_z/2026-01/2015-0782-M-2.pdf"
"84","1999-11-19","Memcon","Needs source-note review","classification marking","Meeting with President Boris Yeltsin of Russia, November 19, 1999, Istanbul, Turkey","Source: William J. Clinton Presidential Library, Clinton Presidential Records, Records of the National Security Council Records Management Office (Clinton Administration), NAID 7388808, Presidential Records Series (PRS) Files, NAID 7585721, Document ID 9908997, Original OA/ID 2764, Mandatory Declassification Review 2014-0974-M, Declassified documents concerning Russian President Boris Yeltsin. [Classification marking to be verified against the source PDF]. The face page identifies Carlos Pascual DATE,. TIME November 19, 1999, 10:45 a.m.-ll:40 a.m. as notetaker. The face page identifies Peter Afansenko as interpreter. The face page gives the date/time/place as: DATE,. TIME November 19, 1999, 10:45 a.m.-ll:40 a.m..","Source PDF pages 560-566. Source marker/provenance page 559. Compiler packet pages 510-517; actual conversation pages 510-516; provenance sheet page 517.","Source: William J. Clinton Presidential Library, Clinton Presidential Records, Records of the National Security Council Records Management Office (Clinton Administration), NAID 7388808, Presidential Records Series (PRS) Files, NAID 7585721, Document ID 9908997, Original OA/ID 2764, Mandatory Declassification Review 2014-0974-M, Declassified documents concerning Russian President Boris Yeltsin.","Subject: Meeting with Russian President Yeltsin | Date/time/place: DATE,. TIME November 19, 1999, 10:45 a.m.-ll:40 a.m. | Classified by: Robert A. Bradtke | Reason: 1.5 (d) | Declassify on: 12/11/09 CLINTON LIBRARY PHOTOCOPY | Notetaker: Carlos Pascual DATE,. TIME November 19, 1999, 10:45 a.m.-ll:40 a.m. | Interpreter: Peter Afansenko | Participants block: U.S..President Clinton Secretary Albright National Security Advisor Berger Deputy National Security Advisor Steinberg Ambassador Sestanovich Carlos Pascual Russia Russian President Yeltsin Foreign Minister Ivanov Kremlin Foreign Policy Advisor Prihodko Defense Minister Sergeyev Interpreter: Peter Afansenko Notetaker: Carlos Pascual DATE,. TIME November 19...","Meeting with Russian President Yeltsin","DATE,. TIME November 19, 1999, 10:45 a.m.-ll:40 a.m.","U.S..President Clinton Secretary Albright National Security Advisor Berger Deputy National Security Advisor Steinberg Ambassador Sestanovich Carlos Pascual Russia Russian President Yeltsin Foreign Minister Ivanov Kremlin Foreign Policy Advisor Prihodko Defense Minister Sergeyev Interpreter: Peter Afansenko Notetaker: Carlos Pascual DATE,. TIME November 19, 1999, 10:45 a.m.-ll:40 a.m. AND PLACE: Istanbul, Turkey","Carlos Pascual DATE,. TIME November 19, 1999, 10:45 a.m.-ll:40 a.m.","Peter Afansenko","","Robert A. Bradtke","1.5 (d)","12/11/09 CLINTON LIBRARY PHOTOCOPY","DECLASSIFIED | Declassify On: 12/11/09 CLINTON LIBRARY PHOTOCOPY","510-517","510-516","560-566","https://therealjameswilson.github.io/Clinton-Russia-High-Level/public/documents/1999-11-18-memcon-79.pdf","https://www.clintonlibrary.gov/sites/default/files/finding_aids_a_z/2026-01/2015-0782-M-2.pdf"
"85","1999-12-31","Telcon","Needs source-note review","classification marking; interpreter","Telephone call with President Boris Yeltsin of Russia, December 31, 1999, White House","Source: William J. Clinton Presidential Library, Clinton Presidential Records, Records of the National Security Council Records Management Office (Clinton Administration), NAID 7388808, Presidential Records Series (PRS) Files, NAID 7585721, NSC Records Management, [Yeltsin and Telcons], Folder Title/Record ID 9909338, Mandatory Declassification Review 2015-0782-M-2, Declassified documents concerning Russian President Boris Yeltsin. [Classification marking to be verified against the source PDF]. The face page identifies Jenny McGee, Robert Ford, Joel Ehrendreich, and Sean Tarver as notetaker. The face page gives the date/time/place as: December 31, 1999, 09:02-09:22 p.m. EST Oval Office.","Source PDF pages 582-584. Source marker/provenance page 576. Compiler packet pages 518-521; actual conversation pages 518-520; provenance sheet page 521.","Source: William J. Clinton Presidential Library, Clinton Presidential Records, Records of the National Security Council Records Management Office (Clinton Administration), NAID 7388808, Presidential Records Series (PRS) Files, NAID 7585721, NSC Records Management, [Yeltsin and Telcons], Folder Title/Record ID 9909338, Mandatory Declassification Review 2015-0782-M-2, Declassified documents concerning Russian President Boris Yeltsin.","Subject: Telcon with Russian President Boris Yelstin | Date/time/place: December 31, 1999, 09:02-09:22 p.m. EST Oval Office | Classified by: Robert A. Bradtke DECLASSIFIED | Reason: 1.5d PER E.0.13526 | Declassify on: 12/31/09 ^cis-o-nx- n-% ) | Notetaker: Jenny McGee, Robert Ford, Joel Ehrendreich, and Sean Tarver | Participants block: The President Russian President Yeltsin NOTETAKERS: Jenny McGee, Robert Ford, Joel Ehrendreich, and Sean Tarver","Telcon with Russian President Boris Yelstin","December 31, 1999, 09:02-09:22 p.m. EST Oval Office","The President Russian President Yeltsin NOTETAKERS: Jenny McGee, Robert Ford, Joel Ehrendreich, and Sean Tarver","Jenny McGee, Robert Ford, Joel Ehrendreich, and Sean Tarver","","","Robert A. Bradtke DECLASSIFIED","1.5d PER E.0.13526","12/31/09 ^cis-o-nx- n-% )","Classified by: Robert A. Bradtke DECLASSIFIED | Reason: 1.5d PER E.0.13526 | Declassify on: 12/31/09 ^cis-o-nx- n-% )","518-521","518-520","582-584","https://therealjameswilson.github.io/Clinton-Russia-High-Level/public/documents/1999-12-31-telcon-80.pdf","https://www.clintonlibrary.gov/sites/default/files/finding_aids_a_z/2026-01/2015-0782-M-2.pdf"
