topic,sequence,date,type,packetPages,actualConversationPacketPages,hits,terms,title,pdf
"NATO / European Security","31","1995-05-10","Memcon","171-187","171-186","67","nato:41; partnership for peace:1; pfp:13; european security:12","Meeting with President Boris Yeltsin of Russia, May 10, 1995, The Kremlin, Moscow, Russia","https://therealjameswilson.github.io/Clinton-Russia-High-Level/public/documents/1995-05-10-memcon-28.pdf"
"NATO / European Security","49","1997-03-21","Memcon","292-303","292-302","46","nato:38; partnership for peace:1; pfp:1; european security:3; helsinki:3","Helsinki Morning Meeting with President Boris Yeltsin","https://therealjameswilson.github.io/Clinton-Russia-High-Level/public/documents/1997-03-21-memcon-helsinki-morning.pdf"
"NATO / European Security","53","1997-05-27","Memcon","325-333","325-332","29","nato:10; partnership for peace:1; helsinki:2; paris:2; denver:14","Meeting with President Boris Yeltsin of Russia, May 27, 1997, Paris, France","https://therealjameswilson.github.io/Clinton-Russia-High-Level/public/documents/1997-05-27-memcon-45.pdf"
"NATO / European Security","35","1995-10-23","Memcon","206-218","206-217","21","nato:18; paris:3","Clinton-Yeltsin One-on-One","https://therealjameswilson.github.io/Clinton-Russia-High-Level/public/documents/1995-10-23-clinton-yeltsin-hyde-park-one-on-one.pdf"
"NATO / European Security","32","1995-06-17","Memcon","188-195","188-195","18","nato:13; pfp:4; european security:1","Meeting with President Boris Yeltsin of Russia, June 17, 1995, Halifax, Nova Scotia, Canada","https://therealjameswilson.github.io/Clinton-Russia-High-Level/public/documents/1995-06-17-memcon-29.pdf"
"NATO / European Security","30","1995-04-27","Telcon","166-170","166-169","16","nato:14; partnership for peace:1; european security:1","Telephone call with President Boris Yeltsin of Russia, April 27, 1995, White House","https://therealjameswilson.github.io/Clinton-Russia-High-Level/public/documents/1995-04-27-telcon-27.pdf"
"NATO / European Security","48","1997-02-27","Telcon","288-291","288-290","16","nato:3; european security:1; helsinki:10; denver:2","Telephone call with President Boris Yeltsin of Russia, February 27, 1997, White House","https://therealjameswilson.github.io/Clinton-Russia-High-Level/public/documents/1997-02-27-telcon-43.pdf"
"NATO / European Security","51","1997-03-21","Memcon","313-317","313-316","14","nato:9; european security:1; helsinki:2; paris:2","Helsinki Afternoon Meeting with President Boris Yeltsin","https://therealjameswilson.github.io/Clinton-Russia-High-Level/public/documents/1997-03-21-memcon-helsinki-afternoon.pdf"
"NATO / European Security","54","1997-06-20","Memcon","334-342","334-341","14","nato:4; european security:1; helsinki:4; paris:3; denver:2","Meeting with President Boris Yeltsin of Russia, June 20, 1997, Denver, Colorado","https://therealjameswilson.github.io/Clinton-Russia-High-Level/public/documents/1997-06-20-memcon-46.pdf"
"NATO / European Security","26","1994-09-28","Memcon","145-150","145-150","12","nato:11; european security:1","Second Clinton/Yeltsin One-on-One","https://therealjameswilson.github.io/Clinton-Russia-High-Level/public/documents/clinton-standalone-1994-09-28-second-one-on-one.pdf"
"NATO / European Security","38","1996-02-21","Telcon","231-235","231-234","12","nato:9; partnership for peace:1; pfp:1; european security:1","Telephone call with President Boris Yeltsin of Russia, February 21, 1996, White House","https://therealjameswilson.github.io/Clinton-Russia-High-Level/public/documents/1996-02-21-telcon-34.pdf"
"NATO / European Security","75","1999-04-25","Telcon","453-465","453-464","12","nato:12","Telephone call with President Boris Yeltsin of Russia, April 25, 1999, Washington, D.C.","https://therealjameswilson.github.io/Clinton-Russia-High-Level/public/documents/1999-04-25-telcon-70.pdf"
"NATO / European Security","74","1999-04-19","Telcon","446-452","446-451","11","nato:11","Telephone call with President Boris Yeltsin of Russia, April 19, 1999, White House","https://therealjameswilson.github.io/Clinton-Russia-High-Level/public/documents/1999-04-19-telcon-69.pdf"
"NATO / European Security","50","1997-03-21","Memcon","304-312","304-311","10","helsinki:1; paris:7; denver:2","Helsinki Working Lunch with President Boris Yeltsin","https://therealjameswilson.github.io/Clinton-Russia-High-Level/public/documents/1997-03-21-memcon-helsinki-working-lunch.pdf"
"NATO / European Security","15","1994-01-13","Memcon","80-90","80-90","9","nato:6; partnership for peace:3","President's dinner with President Yeltsin, January 13/14, 1994","https://therealjameswilson.github.io/Clinton-Russia-High-Level/public/documents/clinton-standalone-1994-01-13-yeltsin-dinner-cable.pdf"
"NATO / European Security","34","1995-09-27","Telcon","202-205","202-204","8","nato:6; european security:2","Telephone call with President Boris Yeltsin of Russia, September 27, 1995, White House","https://therealjameswilson.github.io/Clinton-Russia-High-Level/public/documents/1995-09-27-telcon-31.pdf"
"NATO / European Security","65","1998-06-15","Telcon","401-406","401-405","7","nato:7","Telephone call with President Boris Yeltsin of Russia, June 15, 1998, White House","https://therealjameswilson.github.io/Clinton-Russia-High-Level/public/documents/1998-06-15-telcon-57.pdf"
"NATO / European Security","13","1993-12-22","Telcon","69-73","69-72","6","nato:5; partnership for peace:1","Telephone call with President Boris Yeltsin of Russia, December 22, 1993, White House","https://therealjameswilson.github.io/Clinton-Russia-High-Level/public/documents/1993-12-22-telcon-13.pdf"
"NATO / European Security","21","1994-04-20","Telcon","112-116","112-115","6","nato:6","Telephone call with President Boris Yeltsin of Russia, April 20, 1994, White House","https://therealjameswilson.github.io/Clinton-Russia-High-Level/public/documents/1994-04-20-telcon-18.pdf"
"NATO / European Security","33","1995-07-28","Telcon","196-201","196-200","6","nato:6","Telephone call with President Boris Yeltsin of Russia, July 28, 1995, White House","https://therealjameswilson.github.io/Clinton-Russia-High-Level/public/documents/1995-07-28-telcon-30.pdf"
"NATO / European Security","37","1996-01-26","Telcon","225-230","225-229","6","nato:6","Telephone call with President Boris Yeltsin of Russia, January 26, 1996, White House","https://therealjameswilson.github.io/Clinton-Russia-High-Level/public/documents/1996-01-26-telcon-33.pdf"
"NATO / European Security","52","1997-03-21","Memcon","318-324","318-323","6","nato:2; helsinki:4","Helsinki Private Dinner with President Boris Yeltsin","https://therealjameswilson.github.io/Clinton-Russia-High-Level/public/documents/1997-03-21-memcon-helsinki-private-dinner.pdf"
"NATO / European Security","72","1998-12-30","Telcon","435-439","435-439","6","nato:5; european security:1","Telephone call with President Boris Yeltsin of Russia, December 30, 1998, White House","https://therealjameswilson.github.io/Clinton-Russia-High-Level/public/documents/1998-12-30-clinton-yeltsin-telcon-actual-pages.pdf"
"NATO / European Security","20","1994-04-10","Telcon","108-111","108-110","5","nato:5","Telephone call with President Boris Yeltsin of Russia, April 10, 1994, White House","https://therealjameswilson.github.io/Clinton-Russia-High-Level/public/documents/1994-04-10-telcon-17.pdf"
"NATO / European Security","62","1998-05-17","Memcon","383-391","383-390","5","nato:2; helsinki:1; paris:1; denver:1","Meeting with President Boris Yeltsin of Russia, May 17, 1998, Birmingham, England","https://therealjameswilson.github.io/Clinton-Russia-High-Level/public/documents/1998-05-17-memcon-54.pdf"
"NATO / European Security","23","1994-07-05","Telcon","122-125","122-124","4","nato:2; partnership for peace:2","Telephone call with President Boris Yeltsin of Russia, July 5, 1994, White House","https://therealjameswilson.github.io/Clinton-Russia-High-Level/public/documents/1994-07-05-telcon-21.pdf"
"NATO / European Security","82","1999-06-20","Memcon","494-503","494-502","4","nato:1; helsinki:2; paris:1","Meeting with President Boris Yeltsin of Russia, June 20, 1999, Cologne, Germany","https://therealjameswilson.github.io/Clinton-Russia-High-Level/public/documents/1999-06-20-memcon-77.pdf"
"NATO / European Security","2","1993-02-10","Telcon","5-8","5-7","3","nato:3","Telephone call with President Boris Yeltsin of Russia, February 10, 1993, White House","https://therealjameswilson.github.io/Clinton-Russia-High-Level/public/documents/1993-02-10-telcon-02.pdf"
"NATO / European Security","14","1994-01-13","Memcon","74-79","74-79","3","nato:2; partnership for peace:1","One-on-One Meeting with President Boris Yeltsin of Russia","https://therealjameswilson.github.io/Clinton-Russia-High-Level/public/documents/clinton-standalone-1994-01-13-memcon-one-on-one.pdf"
"NATO / European Security","41","1996-04-21","Memcon","247-260","247-259","3","nato:3","POTUS-Yeltsin One-on-One","https://therealjameswilson.github.io/Clinton-Russia-High-Level/public/documents/1996-04-21-memcon-moscow-one-on-one.pdf"
"NATO / European Security","4","1993-04-04","Memcon","19-31","19-30","2","paris:2","Meeting with Russian President Boris Yeltsin on Security Issues","https://therealjameswilson.github.io/Clinton-Russia-High-Level/public/documents/1993-04-04-clinton-yeltsin-vancouver-security-issues.pdf"
"NATO / European Security","17","1994-01-14","Memcon","94-101","94-101","2","partnership for peace:2","Second Expanded Bilateral Session with President Boris Yeltsin of Russia","https://therealjameswilson.github.io/Clinton-Russia-High-Level/public/documents/1994-01-14-memcon-second-expanded-bilateral-session.pdf"
"NATO / European Security","1","1993-01-23","Telcon","1-4","1-3","1","paris:1","Telephone call with President Boris Yeltsin of Russia, January 23, 1993, White House","https://therealjameswilson.github.io/Clinton-Russia-High-Level/public/documents/1993-01-23-telcon-01.pdf"
"NATO / European Security","19","1994-02-20","Telcon","104-107","104-106","1","nato:1","Telephone call with President Boris Yeltsin of Russia, February 20, 1994, White House White House","https://therealjameswilson.github.io/Clinton-Russia-High-Level/public/documents/1994-02-20-telcon-16.pdf"
"NATO / European Security","22","1994-06-13","Telcon","117-121","117-120","1","partnership for peace:1","Telephone Call with President Boris Yeltsin of Russia, June 13, 1994, White House","https://therealjameswilson.github.io/Clinton-Russia-High-Level/public/documents/1994-06-13-telcon-20.pdf"
"NATO / European Security","36","1995-10-23","Memcon","219-224","219-223","1","nato:1","Lunch with Boris Yeltsin, President of Russian Federation","https://therealjameswilson.github.io/Clinton-Russia-High-Level/public/documents/1995-10-23-clinton-yeltsin-hyde-park-lunch.pdf"
"NATO / European Security","43","1996-05-07","Telcon","269-273","269-272","1","paris:1","Telephone call with President Boris Yeltsin of Russia, May 7, 1996, White House","https://therealjameswilson.github.io/Clinton-Russia-High-Level/public/documents/1996-05-07-telcon-38.pdf"
"NATO / European Security","44","1996-06-18","Telcon","274-276","274-275","1","nato:1","Telephone call with President Boris Yeltsin of Russia, June 18, 1996, White House","https://therealjameswilson.github.io/Clinton-Russia-High-Level/public/documents/1996-06-18-telcon-39.pdf"
"NATO / European Security","45","1996-07-05","Telcon","277-280","277-279","1","nato:1","Telephone call with President Boris Yeltsin of Russia, July 5, 1996, White House","https://therealjameswilson.github.io/Clinton-Russia-High-Level/public/documents/1996-07-05-telcon-40.pdf"
"NATO / European Security","55","1997-10-30","Telcon","343-349","343-348","1","helsinki:1","Telephone call with President Boris Yeltsin of Russia, October 30, 1997, White House","https://therealjameswilson.github.io/Clinton-Russia-High-Level/public/documents/1997-10-30-telcon-47.pdf"
"NATO / European Security","71","1998-10-05","Telcon","432-434","432-434","1","nato:1","Telephone call with President Boris Yeltsin of Russia, October 5, 1998, White House","https://therealjameswilson.github.io/Clinton-Russia-High-Level/public/documents/1998-10-05-clinton-yeltsin-telcon-actual-pages.pdf"
"NATO / European Security","73","1999-03-24","Telcon","440-445","440-444","1","nato:1","Telephone call with President Boris Yeltsin of Russia, March 24, 1999, White House","https://therealjameswilson.github.io/Clinton-Russia-High-Level/public/documents/1999-03-24-telcon-68.pdf"
"NATO / European Security","78","1999-06-08","Telcon","474-477","474-476","1","nato:1","Telephone call with President Boris Yeltsin of Russia, June 8, 1999, White House","https://therealjameswilson.github.io/Clinton-Russia-High-Level/public/documents/1999-06-08-telcon-73.pdf"
"NATO / European Security","81","1999-06-14","Telcon","489-493","489-492","1","helsinki:1","Telephone call with President Boris Yeltsin of Russia, June 14, 1999, White House","https://therealjameswilson.github.io/Clinton-Russia-High-Level/public/documents/1999-06-14-telcon-76.pdf"
"Kosovo / Balkans","75","1999-04-25","Telcon","453-465","453-464","48","kosovo:9; yugoslavia:11; milosevic:27; balkans:1","Telephone call with President Boris Yeltsin of Russia, April 25, 1999, Washington, D.C.","https://therealjameswilson.github.io/Clinton-Russia-High-Level/public/documents/1999-04-25-telcon-70.pdf"
"Kosovo / Balkans","74","1999-04-19","Telcon","446-452","446-451","33","kosovo:11; yugoslavia:10; serbia:1; milosevic:10; balkans:1","Telephone call with President Boris Yeltsin of Russia, April 19, 1999, White House","https://therealjameswilson.github.io/Clinton-Russia-High-Level/public/documents/1999-04-19-telcon-69.pdf"
"Kosovo / Balkans","65","1998-06-15","Telcon","401-406","401-405","25","kosovo:6; yugoslavia:3; milosevic:12; contact group:4","Telephone call with President Boris Yeltsin of Russia, June 15, 1998, White House","https://therealjameswilson.github.io/Clinton-Russia-High-Level/public/documents/1998-06-15-telcon-57.pdf"
"Kosovo / Balkans","80","1999-06-13","Telcon","481-488","481-487","24","kosovo:19; kfor:5","Telephone call with President Boris Yeltsin of Russia, June 13, 1999, White House","https://therealjameswilson.github.io/Clinton-Russia-High-Level/public/documents/1999-06-13-telcon-75.pdf"
"Kosovo / Balkans","71","1998-10-05","Telcon","432-434","432-434","22","kosovo:8; yugoslavia:7; milosevic:5; balkans:2","Telephone call with President Boris Yeltsin of Russia, October 5, 1998, White House","https://therealjameswilson.github.io/Clinton-Russia-High-Level/public/documents/1998-10-05-clinton-yeltsin-telcon-actual-pages.pdf"
"Kosovo / Balkans","73","1999-03-24","Telcon","440-445","440-444","18","kosovo:5; serbia:2; milosevic:9; balkans:1; contact group:1","Telephone call with President Boris Yeltsin of Russia, March 24, 1999, White House","https://therealjameswilson.github.io/Clinton-Russia-High-Level/public/documents/1999-03-24-telcon-68.pdf"
"Kosovo / Balkans","24","1994-09-27","Memcon","126-133","126-132","16","milosevic:13; contact group:3","Clinton-Yeltsin one-on-one memcon, September 27, 1994","https://therealjameswilson.github.io/Clinton-Russia-High-Level/public/documents/1994-09-27-clinton-yeltsin-white-house-one-on-one.pdf"
"Kosovo / Balkans","33","1995-07-28","Telcon","196-201","196-200","13","serbia:2; milosevic:7; contact group:4","Telephone call with President Boris Yeltsin of Russia, July 28, 1995, White House","https://therealjameswilson.github.io/Clinton-Russia-High-Level/public/documents/1995-07-28-telcon-30.pdf"
"Kosovo / Balkans","82","1999-06-20","Memcon","494-503","494-502","13","kosovo:11; yugoslavia:1; kfor:1","Meeting with President Boris Yeltsin of Russia, June 20, 1999, Cologne, Germany","https://therealjameswilson.github.io/Clinton-Russia-High-Level/public/documents/1999-06-20-memcon-77.pdf"
"Kosovo / Balkans","62","1998-05-17","Memcon","383-391","383-390","9","kosovo:3; yugoslavia:2; milosevic:3; contact group:1","Meeting with President Boris Yeltsin of Russia, May 17, 1998, Birmingham, England","https://therealjameswilson.github.io/Clinton-Russia-High-Level/public/documents/1998-05-17-memcon-54.pdf"
"Kosovo / Balkans","68","1998-08-14","Telcon","415-421","415-420","9","kosovo:4; milosevic:5","Telephone call with President Boris Yeltsin of Russia, August 14, 1998, White House","https://therealjameswilson.github.io/Clinton-Russia-High-Level/public/documents/1998-08-14-telcon-61.pdf"
"Kosovo / Balkans","78","1999-06-08","Telcon","474-477","474-476","9","kosovo:1; yugoslavia:1; serbia:2; milosevic:5","Telephone call with President Boris Yeltsin of Russia, June 8, 1999, White House","https://therealjameswilson.github.io/Clinton-Russia-High-Level/public/documents/1999-06-08-telcon-73.pdf"
"Kosovo / Balkans","81","1999-06-14","Telcon","489-493","489-492","9","kosovo:8; kfor:1","Telephone call with President Boris Yeltsin of Russia, June 14, 1999, White House","https://therealjameswilson.github.io/Clinton-Russia-High-Level/public/documents/1999-06-14-telcon-76.pdf"
"Kosovo / Balkans","60","1998-04-06","Telcon","371-376","371-375","8","kosovo:3; milosevic:3; contact group:2","Telephone call with President Boris Yeltsin of Russia, April 6, 1998, White House","https://therealjameswilson.github.io/Clinton-Russia-High-Level/public/documents/1998-04-06-telcon-52.pdf"
"Kosovo / Balkans","2","1993-02-10","Telcon","5-8","5-7","7","kosovo:1; yugoslavia:2; serbia:2; milosevic:2","Telephone call with President Boris Yeltsin of Russia, February 10, 1993, White House","https://therealjameswilson.github.io/Clinton-Russia-High-Level/public/documents/1993-02-10-telcon-02.pdf"
"Kosovo / Balkans","19","1994-02-20","Telcon","104-107","104-106","6","yugoslavia:3; milosevic:3","Telephone call with President Boris Yeltsin of Russia, February 20, 1994, White House White House","https://therealjameswilson.github.io/Clinton-Russia-High-Level/public/documents/1994-02-20-telcon-16.pdf"
"Kosovo / Balkans","21","1994-04-20","Telcon","112-116","112-115","6","yugoslavia:3; serbia:2; milosevic:1","Telephone call with President Boris Yeltsin of Russia, April 20, 1994, White House","https://therealjameswilson.github.io/Clinton-Russia-High-Level/public/documents/1994-04-20-telcon-18.pdf"
"Kosovo / Balkans","61","1998-05-12","Telcon","377-382","377-381","5","kosovo:2; balkans:2; contact group:1","Telephone call with President Boris Yeltsin of Russia, May 12, 1998, White House","https://therealjameswilson.github.io/Clinton-Russia-High-Level/public/documents/1998-05-12-telcon-53.pdf"
"Kosovo / Balkans","76","1999-05-02","Telcon","466-470","466-469","5","kosovo:1; yugoslavia:1; milosevic:1; balkans:2","Telephone call with President Boris Yeltsin of Russia, May 2, 1999, White House","https://therealjameswilson.github.io/Clinton-Russia-High-Level/public/documents/1999-05-02-telcon-71.pdf"
"Kosovo / Balkans","35","1995-10-23","Memcon","206-218","206-217","4","yugoslavia:1; milosevic:2; balkans:1","Clinton-Yeltsin One-on-One","https://therealjameswilson.github.io/Clinton-Russia-High-Level/public/documents/1995-10-23-clinton-yeltsin-hyde-park-one-on-one.pdf"
"Kosovo / Balkans","69","1998-08-25","Telcon","422-426","422-425","4","kosovo:3; milosevic:1","Telephone call with President Boris Yeltsin of Russia, August 25, 1998, Martha's Vineyard, Massachusetts","https://therealjameswilson.github.io/Clinton-Russia-High-Level/public/documents/1998-08-25-telcon-62.pdf"
"Kosovo / Balkans","66","1998-06-16","Telcon","407-409","407-408","3","milosevic:2; contact group:1","Telephone call with President Boris Yeltsin of Russia, June 16, 1998, White House","https://therealjameswilson.github.io/Clinton-Russia-High-Level/public/documents/1998-06-16-telcon-59.pdf"
"Kosovo / Balkans","20","1994-04-10","Telcon","108-111","108-110","2","milosevic:2","Telephone call with President Boris Yeltsin of Russia, April 10, 1994, White House","https://therealjameswilson.github.io/Clinton-Russia-High-Level/public/documents/1994-04-10-telcon-17.pdf"
"Kosovo / Balkans","77","1999-06-07","Telcon","471-473","471-472","2","milosevic:2","Telephone call with President Boris Yeltsin of Russia, June 7, 1999, White House","https://therealjameswilson.github.io/Clinton-Russia-High-Level/public/documents/1999-06-07-telcon-72.pdf"
"Kosovo / Balkans","1","1993-01-23","Telcon","1-4","1-3","1","yugoslavia:1","Telephone call with President Boris Yeltsin of Russia, January 23, 1993, White House","https://therealjameswilson.github.io/Clinton-Russia-High-Level/public/documents/1993-01-23-telcon-01.pdf"
"Kosovo / Balkans","3","1993-04-03","Memcon","9-18","9-17","1","serbia:1","Working Dinner with President Boris Yeltsin","https://therealjameswilson.github.io/Clinton-Russia-High-Level/public/documents/1993-04-03-clinton-yeltsin-vancouver-working-dinner.pdf"
"Kosovo / Balkans","4","1993-04-04","Memcon","19-31","19-30","1","yugoslavia:1","Meeting with Russian President Boris Yeltsin on Security Issues","https://therealjameswilson.github.io/Clinton-Russia-High-Level/public/documents/1993-04-04-clinton-yeltsin-vancouver-security-issues.pdf"
"Kosovo / Balkans","10","1993-09-07","Telcon","56-60","56-59","1","yugoslavia:1","Telephone call with President Boris Yeltsin of Russia, September 7, 1993, White House","https://therealjameswilson.github.io/Clinton-Russia-High-Level/public/documents/1993-09-07-telcon-10.pdf"
"Kosovo / Balkans","25","1994-09-27","Memcon","134-144","134-143","1","milosevic:1","Meeting with President Boris Yeltsin of Russia, September 27, 1994, White House","https://therealjameswilson.github.io/Clinton-Russia-High-Level/public/documents/1994-09-27-clinton-yeltsin-expanded-security-session.pdf"
"Kosovo / Balkans","29","1995-02-13","Telcon","161-165","161-164","1","yugoslavia:1","Telephone call with President Boris Yeltsin of Russia, February 13, 1995, White House","https://therealjameswilson.github.io/Clinton-Russia-High-Level/public/documents/1995-02-13-telcon-26.pdf"
"Kosovo / Balkans","34","1995-09-27","Telcon","202-205","202-204","1","contact group:1","Telephone call with President Boris Yeltsin of Russia, September 27, 1995, White House","https://therealjameswilson.github.io/Clinton-Russia-High-Level/public/documents/1995-09-27-telcon-31.pdf"
"Kosovo / Balkans","79","1999-06-10","Telcon","478-480","478-479","1","kosovo:1","Telephone call with President Boris Yeltsin of Russia, June 10, 1999, White House","https://therealjameswilson.github.io/Clinton-Russia-High-Level/public/documents/1999-06-10-telcon-74.pdf"
"Kosovo / Balkans","83","1999-09-08","Telcon","504-509","504-508","1","kosovo:1","Telephone call with President Boris Yeltsin of Russia, September 8, 1999, White House","https://therealjameswilson.github.io/Clinton-Russia-High-Level/public/documents/1999-09-08-telcon-78.pdf"
"Ukraine / Nuclear Security","25","1994-09-27","Memcon","134-144","134-143","43","ukraine:7; trilateral:2; nuclear weapons:6; nuclear:27; budapest:1","Meeting with President Boris Yeltsin of Russia, September 27, 1994, White House","https://therealjameswilson.github.io/Clinton-Russia-High-Level/public/documents/1994-09-27-clinton-yeltsin-expanded-security-session.pdf"
"Ukraine / Nuclear Security","16","1994-01-14","Memcon","91-93","91-93","29","ukraine:12; kravchuk:4; trilateral:3; nuclear weapons:4; nuclear:6","Trilateral Meeting with President Boris Yeltsin of Russia on Security Issues","https://therealjameswilson.github.io/Clinton-Russia-High-Level/public/documents/1994-01-14-memcon-trilateral-yeltsin-kravchuk.pdf"
"Ukraine / Nuclear Security","4","1993-04-04","Memcon","19-31","19-30","18","ukraine:4; nuclear weapons:2; nuclear:12","Meeting with Russian President Boris Yeltsin on Security Issues","https://therealjameswilson.github.io/Clinton-Russia-High-Level/public/documents/1993-04-04-clinton-yeltsin-vancouver-security-issues.pdf"
"Ukraine / Nuclear Security","9","1993-07-10","Memcon","46-55","46-54","17","ukraine:9; nuclear weapons:1; nuclear:7","Meeting with President Boris Yeltsin of Russia, July 10, 1993, Tokyo, Japan","https://therealjameswilson.github.io/Clinton-Russia-High-Level/public/documents/1993-07-10-memcon-09.pdf"
"Ukraine / Nuclear Security","17","1994-01-14","Memcon","94-101","94-101","16","ukraine:3; trilateral:1; nuclear weapons:2; nuclear:10","Second Expanded Bilateral Session with President Boris Yeltsin of Russia","https://therealjameswilson.github.io/Clinton-Russia-High-Level/public/documents/1994-01-14-memcon-second-expanded-bilateral-session.pdf"
"Ukraine / Nuclear Security","31","1995-05-10","Memcon","171-187","171-186","16","ukraine:3; nuclear weapons:1; nuclear:12","Meeting with President Boris Yeltsin of Russia, May 10, 1995, The Kremlin, Moscow, Russia","https://therealjameswilson.github.io/Clinton-Russia-High-Level/public/documents/1995-05-10-memcon-28.pdf"
"Ukraine / Nuclear Security","13","1993-12-22","Telcon","69-73","69-72","14","ukraine:5; kravchuk:4; trilateral:1; nuclear:4","Telephone call with President Boris Yeltsin of Russia, December 22, 1993, White House","https://therealjameswilson.github.io/Clinton-Russia-High-Level/public/documents/1993-12-22-telcon-13.pdf"
"Ukraine / Nuclear Security","10","1993-09-07","Telcon","56-60","56-59","12","ukraine:5; kravchuk:3; nuclear weapons:1; nuclear:3","Telephone call with President Boris Yeltsin of Russia, September 7, 1993, White House","https://therealjameswilson.github.io/Clinton-Russia-High-Level/public/documents/1993-09-07-telcon-10.pdf"
"Ukraine / Nuclear Security","49","1997-03-21","Memcon","292-303","292-302","12","ukraine:5; nuclear weapons:3; nuclear:4","Helsinki Morning Meeting with President Boris Yeltsin","https://therealjameswilson.github.io/Clinton-Russia-High-Level/public/documents/1997-03-21-memcon-helsinki-morning.pdf"
"Ukraine / Nuclear Security","52","1997-03-21","Memcon","318-324","318-323","12","nuclear weapons:3; nuclear:9","Helsinki Private Dinner with President Boris Yeltsin","https://therealjameswilson.github.io/Clinton-Russia-High-Level/public/documents/1997-03-21-memcon-helsinki-private-dinner.pdf"
"Ukraine / Nuclear Security","15","1994-01-13","Memcon","80-90","80-90","9","ukraine:6; kravchuk:1; trilateral:1; nuclear:1","President's dinner with President Yeltsin, January 13/14, 1994","https://therealjameswilson.github.io/Clinton-Russia-High-Level/public/documents/clinton-standalone-1994-01-13-yeltsin-dinner-cable.pdf"
"Ukraine / Nuclear Security","32","1995-06-17","Memcon","188-195","188-195","9","nuclear weapons:2; nuclear:7","Meeting with President Boris Yeltsin of Russia, June 17, 1995, Halifax, Nova Scotia, Canada","https://therealjameswilson.github.io/Clinton-Russia-High-Level/public/documents/1995-06-17-memcon-29.pdf"
"Ukraine / Nuclear Security","40","1996-04-09","Telcon","241-246","241-245","8","ukraine:1; nuclear weapons:1; nuclear:6","Telephone call with President Boris Yeltsin of Russia, April 9, 1996, White House","https://therealjameswilson.github.io/Clinton-Russia-High-Level/public/documents/1996-04-09-telcon-36.pdf"
"Ukraine / Nuclear Security","35","1995-10-23","Memcon","206-218","206-217","7","nuclear weapons:1; nuclear:6","Clinton-Yeltsin One-on-One","https://therealjameswilson.github.io/Clinton-Russia-High-Level/public/documents/1995-10-23-clinton-yeltsin-hyde-park-one-on-one.pdf"
"Ukraine / Nuclear Security","84","1999-11-19","Memcon","510-517","510-516","7","nuclear weapons:2; nuclear:5","Meeting with President Boris Yeltsin of Russia, November 19, 1999, Istanbul, Turkey","https://therealjameswilson.github.io/Clinton-Russia-High-Level/public/documents/1999-11-18-memcon-79.pdf"
"Ukraine / Nuclear Security","7","1993-05-10","Telcon","38-40","38-39","6","nuclear weapons:3; nuclear:3","Telephone call with President Boris Yeltsin of Russia, May 10, 1993, White House","https://therealjameswilson.github.io/Clinton-Russia-High-Level/public/documents/1993-05-10-telcon-07.pdf"
"Ukraine / Nuclear Security","26","1994-09-28","Memcon","145-150","145-150","6","ukraine:2; trilateral:2; nuclear:1; budapest:1","Second Clinton/Yeltsin One-on-One","https://therealjameswilson.github.io/Clinton-Russia-High-Level/public/documents/clinton-standalone-1994-09-28-second-one-on-one.pdf"
"Ukraine / Nuclear Security","61","1998-05-12","Telcon","377-382","377-381","6","nuclear weapons:1; nuclear:5","Telephone call with President Boris Yeltsin of Russia, May 12, 1998, White House","https://therealjameswilson.github.io/Clinton-Russia-High-Level/public/documents/1998-05-12-telcon-53.pdf"
"Ukraine / Nuclear Security","14","1994-01-13","Memcon","74-79","74-79","5","ukraine:2; kravchuk:1; nuclear weapons:1; nuclear:1","One-on-One Meeting with President Boris Yeltsin of Russia","https://therealjameswilson.github.io/Clinton-Russia-High-Level/public/documents/clinton-standalone-1994-01-13-memcon-one-on-one.pdf"
"Ukraine / Nuclear Security","34","1995-09-27","Telcon","202-205","202-204","5","nuclear:5","Telephone call with President Boris Yeltsin of Russia, September 27, 1995, White House","https://therealjameswilson.github.io/Clinton-Russia-High-Level/public/documents/1995-09-27-telcon-31.pdf"
"Ukraine / Nuclear Security","37","1996-01-26","Telcon","225-230","225-229","5","ukraine:1; nuclear weapons:1; nuclear:3","Telephone call with President Boris Yeltsin of Russia, January 26, 1996, White House","https://therealjameswilson.github.io/Clinton-Russia-High-Level/public/documents/1996-01-26-telcon-33.pdf"
"Ukraine / Nuclear Security","38","1996-02-21","Telcon","231-235","231-234","5","ukraine:3; nuclear:2","Telephone call with President Boris Yeltsin of Russia, February 21, 1996, White House","https://therealjameswilson.github.io/Clinton-Russia-High-Level/public/documents/1996-02-21-telcon-34.pdf"
"Ukraine / Nuclear Security","41","1996-04-21","Memcon","247-260","247-259","3","nuclear:3","POTUS-Yeltsin One-on-One","https://therealjameswilson.github.io/Clinton-Russia-High-Level/public/documents/1996-04-21-memcon-moscow-one-on-one.pdf"
"Ukraine / Nuclear Security","42","1996-04-21","Memcon","261-268","261-267","3","nuclear:3","Luncheon Meeting with Russian President Boris Yeltsin","https://therealjameswilson.github.io/Clinton-Russia-High-Level/public/documents/1996-04-21-memcon-moscow-luncheon.pdf"
"Ukraine / Nuclear Security","53","1997-05-27","Memcon","325-333","325-332","3","ukraine:1; nuclear weapons:1; nuclear:1","Meeting with President Boris Yeltsin of Russia, May 27, 1997, Paris, France","https://therealjameswilson.github.io/Clinton-Russia-High-Level/public/documents/1997-05-27-memcon-45.pdf"
"Ukraine / Nuclear Security","57","1997-11-22","Telcon","354-360","354-359","3","nuclear:3","Telephone call with President Boris Yeltsin of Russia, November 22, 1997, White House","https://therealjameswilson.github.io/Clinton-Russia-High-Level/public/documents/1997-11-22-telcon-49.pdf"
"Ukraine / Nuclear Security","62","1998-05-17","Memcon","383-391","383-390","3","nuclear:3","Meeting with President Boris Yeltsin of Russia, May 17, 1998, Birmingham, England","https://therealjameswilson.github.io/Clinton-Russia-High-Level/public/documents/1998-05-17-memcon-54.pdf"
"Ukraine / Nuclear Security","73","1999-03-24","Telcon","440-445","440-444","3","nuclear weapons:1; nuclear:2","Telephone call with President Boris Yeltsin of Russia, March 24, 1999, White House","https://therealjameswilson.github.io/Clinton-Russia-High-Level/public/documents/1999-03-24-telcon-68.pdf"
"Ukraine / Nuclear Security","24","1994-09-27","Memcon","126-133","126-132","2","trilateral:1; nuclear:1","Clinton-Yeltsin one-on-one memcon, September 27, 1994","https://therealjameswilson.github.io/Clinton-Russia-High-Level/public/documents/1994-09-27-clinton-yeltsin-white-house-one-on-one.pdf"
"Ukraine / Nuclear Security","28","1994-10-10","Telcon","156-160","156-159","2","ukraine:2","Telephone call with President Boris Yeltsin of Russia, October 10, 1994, White House","https://therealjameswilson.github.io/Clinton-Russia-High-Level/public/documents/1994-10-10-clinton-yeltsin-iraq-telcon.pdf"
"Ukraine / Nuclear Security","69","1998-08-25","Telcon","422-426","422-425","2","nuclear weapons:1; nuclear:1","Telephone call with President Boris Yeltsin of Russia, August 25, 1998, Martha's Vineyard, Massachusetts","https://therealjameswilson.github.io/Clinton-Russia-High-Level/public/documents/1998-08-25-telcon-62.pdf"
"Ukraine / Nuclear Security","75","1999-04-25","Telcon","453-465","453-464","2","nuclear weapons:1; nuclear:1","Telephone call with President Boris Yeltsin of Russia, April 25, 1999, Washington, D.C.","https://therealjameswilson.github.io/Clinton-Russia-High-Level/public/documents/1999-04-25-telcon-70.pdf"
"Ukraine / Nuclear Security","1","1993-01-23","Telcon","1-4","1-3","1","ukraine:1","Telephone call with President Boris Yeltsin of Russia, January 23, 1993, White House","https://therealjameswilson.github.io/Clinton-Russia-High-Level/public/documents/1993-01-23-telcon-01.pdf"
"Ukraine / Nuclear Security","3","1993-04-03","Memcon","9-18","9-17","1","nuclear:1","Working Dinner with President Boris Yeltsin","https://therealjameswilson.github.io/Clinton-Russia-High-Level/public/documents/1993-04-03-clinton-yeltsin-vancouver-working-dinner.pdf"
"Ukraine / Nuclear Security","8","1993-06-28","Telcon","41-45","41-44","1","nuclear:1","Telephone call with President Boris Yeltsin of Russia, June 28, 1993, White House","https://therealjameswilson.github.io/Clinton-Russia-High-Level/public/documents/1993-06-28-telcon-08.pdf"
"Ukraine / Nuclear Security","36","1995-10-23","Memcon","219-224","219-223","1","ukraine:1","Lunch with Boris Yeltsin, President of Russian Federation","https://therealjameswilson.github.io/Clinton-Russia-High-Level/public/documents/1995-10-23-clinton-yeltsin-hyde-park-lunch.pdf"
"Ukraine / Nuclear Security","50","1997-03-21","Memcon","304-312","304-311","1","nuclear:1","Helsinki Working Lunch with President Boris Yeltsin","https://therealjameswilson.github.io/Clinton-Russia-High-Level/public/documents/1997-03-21-memcon-helsinki-working-lunch.pdf"
"Ukraine / Nuclear Security","54","1997-06-20","Memcon","334-342","334-341","1","ukraine:1","Meeting with President Boris Yeltsin of Russia, June 20, 1997, Denver, Colorado","https://therealjameswilson.github.io/Clinton-Russia-High-Level/public/documents/1997-06-20-memcon-46.pdf"
"Ukraine / Nuclear Security","55","1997-10-30","Telcon","343-349","343-348","1","nuclear:1","Telephone call with President Boris Yeltsin of Russia, October 30, 1997, White House","https://therealjameswilson.github.io/Clinton-Russia-High-Level/public/documents/1997-10-30-telcon-47.pdf"
"Ukraine / Nuclear Security","56","1997-11-16","Telcon","350-353","350-352","1","nuclear:1","Telephone call with President Boris Yeltsin of Russia, November 16, 1997, Malibu, California","https://therealjameswilson.github.io/Clinton-Russia-High-Level/public/documents/1997-11-16-telcon-48.pdf"
"Ukraine / Nuclear Security","63","1998-05-21","Telcon","392-395","392-394","1","nuclear:1","Telephone call with President Boris Yeltsin of Russia, May 21, 1998, White House","https://therealjameswilson.github.io/Clinton-Russia-High-Level/public/documents/1998-05-21-telcon-55.pdf"
"Ukraine / Nuclear Security","64","1998-05-28","Telcon","396-400","396-399","1","nuclear:1","Telephone call with President Boris Yeltsin of Russia, May 28, 1998, White House","https://therealjameswilson.github.io/Clinton-Russia-High-Level/public/documents/1998-05-28-telcon-56.pdf"
"Arms Control / Nonproliferation","49","1997-03-21","Memcon","292-303","292-302","43","abm:20; start:17; missile:6","Helsinki Morning Meeting with President Boris Yeltsin","https://therealjameswilson.github.io/Clinton-Russia-High-Level/public/documents/1997-03-21-memcon-helsinki-morning.pdf"
"Arms Control / Nonproliferation","25","1994-09-27","Memcon","134-144","134-143","42","start:37; missile:2; biological weapons:3","Meeting with President Boris Yeltsin of Russia, September 27, 1994, White House","https://therealjameswilson.github.io/Clinton-Russia-High-Level/public/documents/1994-09-27-clinton-yeltsin-expanded-security-session.pdf"
"Arms Control / Nonproliferation","82","1999-06-20","Memcon","494-503","494-502","38","abm:10; start:22; missile:4; nonproliferation:2","Meeting with President Boris Yeltsin of Russia, June 20, 1999, Cologne, Germany","https://therealjameswilson.github.io/Clinton-Russia-High-Level/public/documents/1999-06-20-memcon-77.pdf"
"Arms Control / Nonproliferation","17","1994-01-14","Memcon","94-101","94-101","30","abm:6; start:11; missile:4; nonproliferation:2; chemical weapons:5; biological weapons:2","Second Expanded Bilateral Session with President Boris Yeltsin of Russia","https://therealjameswilson.github.io/Clinton-Russia-High-Level/public/documents/1994-01-14-memcon-second-expanded-bilateral-session.pdf"
"Arms Control / Nonproliferation","55","1997-10-30","Telcon","343-349","343-348","21","abm:1; start:20","Telephone call with President Boris Yeltsin of Russia, October 30, 1997, White House","https://therealjameswilson.github.io/Clinton-Russia-High-Level/public/documents/1997-10-30-telcon-47.pdf"
"Arms Control / Nonproliferation","83","1999-09-08","Telcon","504-509","504-508","19","abm:6; start:8; missile:3; cfe:2","Telephone call with President Boris Yeltsin of Russia, September 8, 1999, White House","https://therealjameswilson.github.io/Clinton-Russia-High-Level/public/documents/1999-09-08-telcon-78.pdf"
"Arms Control / Nonproliferation","61","1998-05-12","Telcon","377-382","377-381","13","start:7; missile:2; nonproliferation:1; chemical weapons:3","Telephone call with President Boris Yeltsin of Russia, May 12, 1998, White House","https://therealjameswilson.github.io/Clinton-Russia-High-Level/public/documents/1998-05-12-telcon-53.pdf"
"Arms Control / Nonproliferation","31","1995-05-10","Memcon","171-187","171-186","12","start:11; cfe:1","Meeting with President Boris Yeltsin of Russia, May 10, 1995, The Kremlin, Moscow, Russia","https://therealjameswilson.github.io/Clinton-Russia-High-Level/public/documents/1995-05-10-memcon-28.pdf"
"Arms Control / Nonproliferation","84","1999-11-19","Memcon","510-517","510-516","12","abm:5; start:1; missile:3; cfe:3","Meeting with President Boris Yeltsin of Russia, November 19, 1999, Istanbul, Turkey","https://therealjameswilson.github.io/Clinton-Russia-High-Level/public/documents/1999-11-18-memcon-79.pdf"
"Arms Control / Nonproliferation","41","1996-04-21","Memcon","247-260","247-259","11","abm:2; start:5; missile:1; cfe:3","POTUS-Yeltsin One-on-One","https://therealjameswilson.github.io/Clinton-Russia-High-Level/public/documents/1996-04-21-memcon-moscow-one-on-one.pdf"
"Arms Control / Nonproliferation","48","1997-02-27","Telcon","288-291","288-290","11","abm:3; start:8","Telephone call with President Boris Yeltsin of Russia, February 27, 1997, White House","https://therealjameswilson.github.io/Clinton-Russia-High-Level/public/documents/1997-02-27-telcon-43.pdf"
"Arms Control / Nonproliferation","54","1997-06-20","Memcon","334-342","334-341","11","abm:2; start:8; missile:1","Meeting with President Boris Yeltsin of Russia, June 20, 1997, Denver, Colorado","https://therealjameswilson.github.io/Clinton-Russia-High-Level/public/documents/1997-06-20-memcon-46.pdf"
"Arms Control / Nonproliferation","53","1997-05-27","Memcon","325-333","325-332","10","abm:1; start:7; cfe:2","Meeting with President Boris Yeltsin of Russia, May 27, 1997, Paris, France","https://therealjameswilson.github.io/Clinton-Russia-High-Level/public/documents/1997-05-27-memcon-45.pdf"
"Arms Control / Nonproliferation","62","1998-05-17","Memcon","383-391","383-390","10","start:9; nonproliferation:1","Meeting with President Boris Yeltsin of Russia, May 17, 1998, Birmingham, England","https://therealjameswilson.github.io/Clinton-Russia-High-Level/public/documents/1998-05-17-memcon-54.pdf"
"Arms Control / Nonproliferation","38","1996-02-21","Telcon","231-235","231-234","9","abm:4; start:5","Telephone call with President Boris Yeltsin of Russia, February 21, 1996, White House","https://therealjameswilson.github.io/Clinton-Russia-High-Level/public/documents/1996-02-21-telcon-34.pdf"
"Arms Control / Nonproliferation","72","1998-12-30","Telcon","435-439","435-439","9","start:6; cfe:3","Telephone call with President Boris Yeltsin of Russia, December 30, 1998, White House","https://therealjameswilson.github.io/Clinton-Russia-High-Level/public/documents/1998-12-30-clinton-yeltsin-telcon-actual-pages.pdf"
"Arms Control / Nonproliferation","4","1993-04-04","Memcon","19-31","19-30","8","abm:1; start:4; nonproliferation:1; chemical weapons:1; biological weapons:1","Meeting with Russian President Boris Yeltsin on Security Issues","https://therealjameswilson.github.io/Clinton-Russia-High-Level/public/documents/1993-04-04-clinton-yeltsin-vancouver-security-issues.pdf"
"Arms Control / Nonproliferation","60","1998-04-06","Telcon","371-376","371-375","8","start:5; missile:3","Telephone call with President Boris Yeltsin of Russia, April 6, 1998, White House","https://therealjameswilson.github.io/Clinton-Russia-High-Level/public/documents/1998-04-06-telcon-52.pdf"
"Arms Control / Nonproliferation","32","1995-06-17","Memcon","188-195","188-195","7","abm:1; start:4; cfe:2","Meeting with President Boris Yeltsin of Russia, June 17, 1995, Halifax, Nova Scotia, Canada","https://therealjameswilson.github.io/Clinton-Russia-High-Level/public/documents/1995-06-17-memcon-29.pdf"
"Arms Control / Nonproliferation","57","1997-11-22","Telcon","354-360","354-359","7","start:3; missile:4","Telephone call with President Boris Yeltsin of Russia, November 22, 1997, White House","https://therealjameswilson.github.io/Clinton-Russia-High-Level/public/documents/1997-11-22-telcon-49.pdf"
"Arms Control / Nonproliferation","8","1993-06-28","Telcon","41-45","41-44","6","missile:6","Telephone call with President Boris Yeltsin of Russia, June 28, 1993, White House","https://therealjameswilson.github.io/Clinton-Russia-High-Level/public/documents/1993-06-28-telcon-08.pdf"
"Arms Control / Nonproliferation","29","1995-02-13","Telcon","161-165","161-164","6","start:6","Telephone call with President Boris Yeltsin of Russia, February 13, 1995, White House","https://therealjameswilson.github.io/Clinton-Russia-High-Level/public/documents/1995-02-13-telcon-26.pdf"
"Arms Control / Nonproliferation","59","1998-02-23","Telcon","366-370","366-369","6","start:6","Telephone call with President Boris Yeltsin of Russia, February 23, 1998, White House","https://therealjameswilson.github.io/Clinton-Russia-High-Level/public/documents/1998-02-23-telcon-51.pdf"
"Arms Control / Nonproliferation","35","1995-10-23","Memcon","206-218","206-217","5","start:3; cfe:2","Clinton-Yeltsin One-on-One","https://therealjameswilson.github.io/Clinton-Russia-High-Level/public/documents/1995-10-23-clinton-yeltsin-hyde-park-one-on-one.pdf"
"Arms Control / Nonproliferation","40","1996-04-09","Telcon","241-246","241-245","5","abm:3; cfe:2","Telephone call with President Boris Yeltsin of Russia, April 9, 1996, White House","https://therealjameswilson.github.io/Clinton-Russia-High-Level/public/documents/1996-04-09-telcon-36.pdf"
"Arms Control / Nonproliferation","3","1993-04-03","Memcon","9-18","9-17","4","start:4","Working Dinner with President Boris Yeltsin","https://therealjameswilson.github.io/Clinton-Russia-High-Level/public/documents/1993-04-03-clinton-yeltsin-vancouver-working-dinner.pdf"
"Arms Control / Nonproliferation","30","1995-04-27","Telcon","166-170","166-169","4","abm:1; start:2; missile:1","Telephone call with President Boris Yeltsin of Russia, April 27, 1995, White House","https://therealjameswilson.github.io/Clinton-Russia-High-Level/public/documents/1995-04-27-telcon-27.pdf"
"Arms Control / Nonproliferation","34","1995-09-27","Telcon","202-205","202-204","4","cfe:4","Telephone call with President Boris Yeltsin of Russia, September 27, 1995, White House","https://therealjameswilson.github.io/Clinton-Russia-High-Level/public/documents/1995-09-27-telcon-31.pdf"
"Arms Control / Nonproliferation","37","1996-01-26","Telcon","225-230","225-229","4","start:4","Telephone call with President Boris Yeltsin of Russia, January 26, 1996, White House","https://therealjameswilson.github.io/Clinton-Russia-High-Level/public/documents/1996-01-26-telcon-33.pdf"
"Arms Control / Nonproliferation","43","1996-05-07","Telcon","269-273","269-272","4","cfe:4","Telephone call with President Boris Yeltsin of Russia, May 7, 1996, White House","https://therealjameswilson.github.io/Clinton-Russia-High-Level/public/documents/1996-05-07-telcon-38.pdf"
"Arms Control / Nonproliferation","51","1997-03-21","Memcon","313-317","313-316","4","start:4","Helsinki Afternoon Meeting with President Boris Yeltsin","https://therealjameswilson.github.io/Clinton-Russia-High-Level/public/documents/1997-03-21-memcon-helsinki-afternoon.pdf"
"Arms Control / Nonproliferation","65","1998-06-15","Telcon","401-406","401-405","4","start:4","Telephone call with President Boris Yeltsin of Russia, June 15, 1998, White House","https://therealjameswilson.github.io/Clinton-Russia-High-Level/public/documents/1998-06-15-telcon-57.pdf"
"Arms Control / Nonproliferation","1","1993-01-23","Telcon","1-4","1-3","3","start:3","Telephone call with President Boris Yeltsin of Russia, January 23, 1993, White House","https://therealjameswilson.github.io/Clinton-Russia-High-Level/public/documents/1993-01-23-telcon-01.pdf"
"Arms Control / Nonproliferation","9","1993-07-10","Memcon","46-55","46-54","3","start:1; missile:1; biological weapons:1","Meeting with President Boris Yeltsin of Russia, July 10, 1993, Tokyo, Japan","https://therealjameswilson.github.io/Clinton-Russia-High-Level/public/documents/1993-07-10-memcon-09.pdf"
"Arms Control / Nonproliferation","16","1994-01-14","Memcon","91-93","91-93","3","start:2; nonproliferation:1","Trilateral Meeting with President Boris Yeltsin of Russia on Security Issues","https://therealjameswilson.github.io/Clinton-Russia-High-Level/public/documents/1994-01-14-memcon-trilateral-yeltsin-kravchuk.pdf"
"Arms Control / Nonproliferation","22","1994-06-13","Telcon","117-121","117-120","3","start:2; nonproliferation:1","Telephone Call with President Boris Yeltsin of Russia, June 13, 1994, White House","https://therealjameswilson.github.io/Clinton-Russia-High-Level/public/documents/1994-06-13-telcon-20.pdf"
"Arms Control / Nonproliferation","24","1994-09-27","Memcon","126-133","126-132","3","start:1; cfe:2","Clinton-Yeltsin one-on-one memcon, September 27, 1994","https://therealjameswilson.github.io/Clinton-Russia-High-Level/public/documents/1994-09-27-clinton-yeltsin-white-house-one-on-one.pdf"
"Arms Control / Nonproliferation","42","1996-04-21","Memcon","261-268","261-267","3","abm:1; start:1; cfe:1","Luncheon Meeting with Russian President Boris Yeltsin","https://therealjameswilson.github.io/Clinton-Russia-High-Level/public/documents/1996-04-21-memcon-moscow-luncheon.pdf"
"Arms Control / Nonproliferation","52","1997-03-21","Memcon","318-324","318-323","3","missile:3","Helsinki Private Dinner with President Boris Yeltsin","https://therealjameswilson.github.io/Clinton-Russia-High-Level/public/documents/1997-03-21-memcon-helsinki-private-dinner.pdf"
"Arms Control / Nonproliferation","69","1998-08-25","Telcon","422-426","422-425","3","missile:2; chemical weapons:1","Telephone call with President Boris Yeltsin of Russia, August 25, 1998, Martha's Vineyard, Massachusetts","https://therealjameswilson.github.io/Clinton-Russia-High-Level/public/documents/1998-08-25-telcon-62.pdf"
"Arms Control / Nonproliferation","10","1993-09-07","Telcon","56-60","56-59","2","start:2","Telephone call with President Boris Yeltsin of Russia, September 7, 1993, White House","https://therealjameswilson.github.io/Clinton-Russia-High-Level/public/documents/1993-09-07-telcon-10.pdf"
"Arms Control / Nonproliferation","45","1996-07-05","Telcon","277-280","277-279","2","start:2","Telephone call with President Boris Yeltsin of Russia, July 5, 1996, White House","https://therealjameswilson.github.io/Clinton-Russia-High-Level/public/documents/1996-07-05-telcon-40.pdf"
"Arms Control / Nonproliferation","56","1997-11-16","Telcon","350-353","350-352","2","chemical weapons:1; biological weapons:1","Telephone call with President Boris Yeltsin of Russia, November 16, 1997, Malibu, California","https://therealjameswilson.github.io/Clinton-Russia-High-Level/public/documents/1997-11-16-telcon-48.pdf"
"Arms Control / Nonproliferation","63","1998-05-21","Telcon","392-395","392-394","2","start:1; missile:1","Telephone call with President Boris Yeltsin of Russia, May 21, 1998, White House","https://therealjameswilson.github.io/Clinton-Russia-High-Level/public/documents/1998-05-21-telcon-55.pdf"
"Arms Control / Nonproliferation","67","1998-07-10","Telcon","410-414","410-413","2","missile:2","Telephone call with President Boris Yeltsin of Russia, July 10, 1998, White House","https://therealjameswilson.github.io/Clinton-Russia-High-Level/public/documents/1998-07-10-telcon-60.pdf"
"Arms Control / Nonproliferation","14","1994-01-13","Memcon","74-79","74-79","1","start:1","One-on-One Meeting with President Boris Yeltsin of Russia","https://therealjameswilson.github.io/Clinton-Russia-High-Level/public/documents/clinton-standalone-1994-01-13-memcon-one-on-one.pdf"
"Arms Control / Nonproliferation","15","1994-01-13","Memcon","80-90","80-90","1","start:1","President's dinner with President Yeltsin, January 13/14, 1994","https://therealjameswilson.github.io/Clinton-Russia-High-Level/public/documents/clinton-standalone-1994-01-13-yeltsin-dinner-cable.pdf"
"Arms Control / Nonproliferation","26","1994-09-28","Memcon","145-150","145-150","1","start:1","Second Clinton/Yeltsin One-on-One","https://therealjameswilson.github.io/Clinton-Russia-High-Level/public/documents/clinton-standalone-1994-09-28-second-one-on-one.pdf"
"Arms Control / Nonproliferation","58","1998-02-02","Telcon","361-365","361-364","1","missile:1","Telephone call with President Boris Yeltsin of Russia, February 2, 1998, White House","https://therealjameswilson.github.io/Clinton-Russia-High-Level/public/documents/1998-02-02-telcon-50.pdf"
"Arms Control / Nonproliferation","73","1999-03-24","Telcon","440-445","440-444","1","start:1","Telephone call with President Boris Yeltsin of Russia, March 24, 1999, White House","https://therealjameswilson.github.io/Clinton-Russia-High-Level/public/documents/1999-03-24-telcon-68.pdf"
"Arms Control / Nonproliferation","75","1999-04-25","Telcon","453-465","453-464","1","start:1","Telephone call with President Boris Yeltsin of Russia, April 25, 1999, Washington, D.C.","https://therealjameswilson.github.io/Clinton-Russia-High-Level/public/documents/1999-04-25-telcon-70.pdf"
"Arms Control / Nonproliferation","85","1999-12-31","Telcon","518-521","518-520","1","chemical weapons:1","Telephone call with President Boris Yeltsin of Russia, December 31, 1999, White House","https://therealjameswilson.github.io/Clinton-Russia-High-Level/public/documents/1999-12-31-telcon-80.pdf"
"Economic Reform / Assistance","14","1994-01-13","Memcon","74-79","74-79","28","economic:4; reform:11; imf:1; assistance:4; aid:3; privatization:2; g-7:3","One-on-One Meeting with President Boris Yeltsin of Russia","https://therealjameswilson.github.io/Clinton-Russia-High-Level/public/documents/clinton-standalone-1994-01-13-memcon-one-on-one.pdf"
"Economic Reform / Assistance","13","1993-12-22","Telcon","69-73","69-72","19","economic:6; reform:6; imf:1; assistance:4; g-7:2","Telephone call with President Boris Yeltsin of Russia, December 22, 1993, White House","https://therealjameswilson.github.io/Clinton-Russia-High-Level/public/documents/1993-12-22-telcon-13.pdf"
"Economic Reform / Assistance","3","1993-04-03","Memcon","9-18","9-17","18","economic:5; reform:3; loan:1; assistance:2; ruble:2; privatization:1; g-7:4","Working Dinner with President Boris Yeltsin","https://therealjameswilson.github.io/Clinton-Russia-High-Level/public/documents/1993-04-03-clinton-yeltsin-vancouver-working-dinner.pdf"
"Economic Reform / Assistance","4","1993-04-04","Memcon","19-31","19-30","17","economic:8; assistance:2; aid:2; g-7:5","Meeting with Russian President Boris Yeltsin on Security Issues","https://therealjameswilson.github.io/Clinton-Russia-High-Level/public/documents/1993-04-04-clinton-yeltsin-vancouver-security-issues.pdf"
"Economic Reform / Assistance","8","1993-06-28","Telcon","41-45","41-44","17","economic:1; imf:2; assistance:2; aid:2; privatization:1; g-7:9","Telephone call with President Boris Yeltsin of Russia, June 28, 1993, White House","https://therealjameswilson.github.io/Clinton-Russia-High-Level/public/documents/1993-06-28-telcon-08.pdf"
"Economic Reform / Assistance","42","1996-04-21","Memcon","261-268","261-267","17","economic:2; reform:2; ruble:1; privatization:1; g-7:11","Luncheon Meeting with Russian President Boris Yeltsin","https://therealjameswilson.github.io/Clinton-Russia-High-Level/public/documents/1996-04-21-memcon-moscow-luncheon.pdf"
"Economic Reform / Assistance","64","1998-05-28","Telcon","396-400","396-399","15","economic:4; reform:5; imf:6","Telephone call with President Boris Yeltsin of Russia, May 28, 1998, White House","https://therealjameswilson.github.io/Clinton-Russia-High-Level/public/documents/1998-05-28-telcon-56.pdf"
"Economic Reform / Assistance","72","1998-12-30","Telcon","435-439","435-439","15","economic:5; reform:4; imf:6","Telephone call with President Boris Yeltsin of Russia, December 30, 1998, White House","https://therealjameswilson.github.io/Clinton-Russia-High-Level/public/documents/1998-12-30-clinton-yeltsin-telcon-actual-pages.pdf"
"Economic Reform / Assistance","29","1995-02-13","Telcon","161-165","161-164","12","economic:1; reform:9; assistance:1; privatization:1","Telephone call with President Boris Yeltsin of Russia, February 13, 1995, White House","https://therealjameswilson.github.io/Clinton-Russia-High-Level/public/documents/1995-02-13-telcon-26.pdf"
"Economic Reform / Assistance","68","1998-08-14","Telcon","415-421","415-420","11","economic:5; imf:5; loan:1","Telephone call with President Boris Yeltsin of Russia, August 14, 1998, White House","https://therealjameswilson.github.io/Clinton-Russia-High-Level/public/documents/1998-08-14-telcon-61.pdf"
"Economic Reform / Assistance","31","1995-05-10","Memcon","171-187","171-186","10","economic:4; reform:1; assistance:1; aid:2; g-7:2","Meeting with President Boris Yeltsin of Russia, May 10, 1995, The Kremlin, Moscow, Russia","https://therealjameswilson.github.io/Clinton-Russia-High-Level/public/documents/1995-05-10-memcon-28.pdf"
"Economic Reform / Assistance","50","1997-03-21","Memcon","304-312","304-311","9","economic:5; imf:2; assistance:1; aid:1","Helsinki Working Lunch with President Boris Yeltsin","https://therealjameswilson.github.io/Clinton-Russia-High-Level/public/documents/1997-03-21-memcon-helsinki-working-lunch.pdf"
"Economic Reform / Assistance","70","1998-09-12","Telcon","427-431","427-430","8","economic:4; reform:2; imf:1; ruble:1","Telephone call with President Boris Yeltsin of Russia, September 12, 1998, White House","https://therealjameswilson.github.io/Clinton-Russia-High-Level/public/documents/1998-09-12-telcon-64.pdf"
"Economic Reform / Assistance","10","1993-09-07","Telcon","56-60","56-59","7","economic:2; reform:2; assistance:1; aid:1; g-7:1","Telephone call with President Boris Yeltsin of Russia, September 7, 1993, White House","https://therealjameswilson.github.io/Clinton-Russia-High-Level/public/documents/1993-09-07-telcon-10.pdf"
"Economic Reform / Assistance","11","1993-09-21","Telcon","61-64","61-63","7","reform:5; assistance:1; aid:1","Telephone call with President Boris Yeltsin of Russia, September 21, 1993, White House","https://therealjameswilson.github.io/Clinton-Russia-High-Level/public/documents/1993-09-21-telcon-11.pdf"
"Economic Reform / Assistance","18","1994-01-15","Memcon","102-103","102-103","7","economic:2; imf:1; aid:1; g-7:3","One-on-One Meeting with President Boris Yeltsin of Russia","https://therealjameswilson.github.io/Clinton-Russia-High-Level/public/documents/clinton-standalone-1994-01-15-memcon-one-on-one.pdf"
"Economic Reform / Assistance","37","1996-01-26","Telcon","225-230","225-229","7","reform:5; imf:2","Telephone call with President Boris Yeltsin of Russia, January 26, 1996, White House","https://therealjameswilson.github.io/Clinton-Russia-High-Level/public/documents/1996-01-26-telcon-33.pdf"
"Economic Reform / Assistance","67","1998-07-10","Telcon","410-414","410-413","7","economic:1; reform:1; imf:5","Telephone call with President Boris Yeltsin of Russia, July 10, 1998, White House","https://therealjameswilson.github.io/Clinton-Russia-High-Level/public/documents/1998-07-10-telcon-60.pdf"
"Economic Reform / Assistance","75","1999-04-25","Telcon","453-465","453-464","7","economic:1; assistance:5; aid:1","Telephone call with President Boris Yeltsin of Russia, April 25, 1999, Washington, D.C.","https://therealjameswilson.github.io/Clinton-Russia-High-Level/public/documents/1999-04-25-telcon-70.pdf"
"Economic Reform / Assistance","82","1999-06-20","Memcon","494-503","494-502","7","economic:4; reform:1; imf:2","Meeting with President Boris Yeltsin of Russia, June 20, 1999, Cologne, Germany","https://therealjameswilson.github.io/Clinton-Russia-High-Level/public/documents/1999-06-20-memcon-77.pdf"
"Economic Reform / Assistance","54","1997-06-20","Memcon","334-342","334-341","6","economic:5; reform:1","Meeting with President Boris Yeltsin of Russia, June 20, 1997, Denver, Colorado","https://therealjameswilson.github.io/Clinton-Russia-High-Level/public/documents/1997-06-20-memcon-46.pdf"
"Economic Reform / Assistance","15","1994-01-13","Memcon","80-90","80-90","5","economic:3; ruble:1; g-7:1","President's dinner with President Yeltsin, January 13/14, 1994","https://therealjameswilson.github.io/Clinton-Russia-High-Level/public/documents/clinton-standalone-1994-01-13-yeltsin-dinner-cable.pdf"
"Economic Reform / Assistance","24","1994-09-27","Memcon","126-133","126-132","5","economic:3; privatization:1; g-7:1","Clinton-Yeltsin one-on-one memcon, September 27, 1994","https://therealjameswilson.github.io/Clinton-Russia-High-Level/public/documents/1994-09-27-clinton-yeltsin-white-house-one-on-one.pdf"
"Economic Reform / Assistance","28","1994-10-10","Telcon","156-160","156-159","5","g7:5","Telephone call with President Boris Yeltsin of Russia, October 10, 1994, White House","https://therealjameswilson.github.io/Clinton-Russia-High-Level/public/documents/1994-10-10-clinton-yeltsin-iraq-telcon.pdf"
"Economic Reform / Assistance","43","1996-05-07","Telcon","269-273","269-272","5","economic:1; imf:3; loan:1","Telephone call with President Boris Yeltsin of Russia, May 7, 1996, White House","https://therealjameswilson.github.io/Clinton-Russia-High-Level/public/documents/1996-05-07-telcon-38.pdf"
"Economic Reform / Assistance","51","1997-03-21","Memcon","313-317","313-316","5","economic:2; reform:1; g-7:2","Helsinki Afternoon Meeting with President Boris Yeltsin","https://therealjameswilson.github.io/Clinton-Russia-High-Level/public/documents/1997-03-21-memcon-helsinki-afternoon.pdf"
"Economic Reform / Assistance","1","1993-01-23","Telcon","1-4","1-3","4","economic:2; assistance:1; aid:1","Telephone call with President Boris Yeltsin of Russia, January 23, 1993, White House","https://therealjameswilson.github.io/Clinton-Russia-High-Level/public/documents/1993-01-23-telcon-01.pdf"
"Economic Reform / Assistance","9","1993-07-10","Memcon","46-55","46-54","4","economic:2; aid:1; g-7:1","Meeting with President Boris Yeltsin of Russia, July 10, 1993, Tokyo, Japan","https://therealjameswilson.github.io/Clinton-Russia-High-Level/public/documents/1993-07-10-memcon-09.pdf"
"Economic Reform / Assistance","17","1994-01-14","Memcon","94-101","94-101","4","economic:2; reform:1; assistance:1","Second Expanded Bilateral Session with President Boris Yeltsin of Russia","https://therealjameswilson.github.io/Clinton-Russia-High-Level/public/documents/1994-01-14-memcon-second-expanded-bilateral-session.pdf"
"Economic Reform / Assistance","21","1994-04-20","Telcon","112-116","112-115","4","economic:4","Telephone call with President Boris Yeltsin of Russia, April 20, 1994, White House","https://therealjameswilson.github.io/Clinton-Russia-High-Level/public/documents/1994-04-20-telcon-18.pdf"
"Economic Reform / Assistance","27","1994-10-05","Telcon","151-155","151-154","4","economic:3; aid:1","Telephone call with President Boris Yeltsin, October 5, 1994, White House","https://therealjameswilson.github.io/Clinton-Russia-High-Level/public/documents/1994-10-05-telcon-24.pdf"
"Economic Reform / Assistance","40","1996-04-09","Telcon","241-246","241-245","4","reform:1; g-7:3","Telephone call with President Boris Yeltsin of Russia, April 9, 1996, White House","https://therealjameswilson.github.io/Clinton-Russia-High-Level/public/documents/1996-04-09-telcon-36.pdf"
"Economic Reform / Assistance","61","1998-05-12","Telcon","377-382","377-381","4","economic:2; assistance:2","Telephone call with President Boris Yeltsin of Russia, May 12, 1998, White House","https://therealjameswilson.github.io/Clinton-Russia-High-Level/public/documents/1998-05-12-telcon-53.pdf"
"Economic Reform / Assistance","65","1998-06-15","Telcon","401-406","401-405","4","imf:2; aid:1; g7:1","Telephone call with President Boris Yeltsin of Russia, June 15, 1998, White House","https://therealjameswilson.github.io/Clinton-Russia-High-Level/public/documents/1998-06-15-telcon-57.pdf"
"Economic Reform / Assistance","30","1995-04-27","Telcon","166-170","166-169","3","economic:2; g-7:1","Telephone call with President Boris Yeltsin of Russia, April 27, 1995, White House","https://therealjameswilson.github.io/Clinton-Russia-High-Level/public/documents/1995-04-27-telcon-27.pdf"
"Economic Reform / Assistance","33","1995-07-28","Telcon","196-201","196-200","3","economic:1; aid:2","Telephone call with President Boris Yeltsin of Russia, July 28, 1995, White House","https://therealjameswilson.github.io/Clinton-Russia-High-Level/public/documents/1995-07-28-telcon-30.pdf"
"Economic Reform / Assistance","38","1996-02-21","Telcon","231-235","231-234","3","reform:1; imf:1; loan:1","Telephone call with President Boris Yeltsin of Russia, February 21, 1996, White House","https://therealjameswilson.github.io/Clinton-Russia-High-Level/public/documents/1996-02-21-telcon-34.pdf"
"Economic Reform / Assistance","48","1997-02-27","Telcon","288-291","288-290","3","economic:3","Telephone call with President Boris Yeltsin of Russia, February 27, 1997, White House","https://therealjameswilson.github.io/Clinton-Russia-High-Level/public/documents/1997-02-27-telcon-43.pdf"
"Economic Reform / Assistance","53","1997-05-27","Memcon","325-333","325-332","3","economic:1; reform:1; aid:1","Meeting with President Boris Yeltsin of Russia, May 27, 1997, Paris, France","https://therealjameswilson.github.io/Clinton-Russia-High-Level/public/documents/1997-05-27-memcon-45.pdf"
"Economic Reform / Assistance","69","1998-08-25","Telcon","422-426","422-425","3","economic:2; reform:1","Telephone call with President Boris Yeltsin of Russia, August 25, 1998, Martha's Vineyard, Massachusetts","https://therealjameswilson.github.io/Clinton-Russia-High-Level/public/documents/1998-08-25-telcon-62.pdf"
"Economic Reform / Assistance","22","1994-06-13","Telcon","117-121","117-120","2","g-7:2","Telephone Call with President Boris Yeltsin of Russia, June 13, 1994, White House","https://therealjameswilson.github.io/Clinton-Russia-High-Level/public/documents/1994-06-13-telcon-20.pdf"
"Economic Reform / Assistance","34","1995-09-27","Telcon","202-205","202-204","2","assistance:2","Telephone call with President Boris Yeltsin of Russia, September 27, 1995, White House","https://therealjameswilson.github.io/Clinton-Russia-High-Level/public/documents/1995-09-27-telcon-31.pdf"
"Economic Reform / Assistance","35","1995-10-23","Memcon","206-218","206-217","2","economic:1; reform:1","Clinton-Yeltsin One-on-One","https://therealjameswilson.github.io/Clinton-Russia-High-Level/public/documents/1995-10-23-clinton-yeltsin-hyde-park-one-on-one.pdf"
"Economic Reform / Assistance","39","1996-03-13","Memcon","236-240","236-239","2","reform:1; privatization:1","Meeting with President Boris Yeltsin of Russia, March 13, 1996, Sharm El-Sheikh, Egypt","https://therealjameswilson.github.io/Clinton-Russia-High-Level/public/documents/1996-03-13-clinton-yeltsin-sharm-el-sheikh-memcon-cable.pdf"
"Economic Reform / Assistance","44","1996-06-18","Telcon","274-276","274-275","2","reform:2","Telephone call with President Boris Yeltsin of Russia, June 18, 1996, White House","https://therealjameswilson.github.io/Clinton-Russia-High-Level/public/documents/1996-06-18-telcon-39.pdf"
"Economic Reform / Assistance","74","1999-04-19","Telcon","446-452","446-451","2","aid:2","Telephone call with President Boris Yeltsin of Russia, April 19, 1999, White House","https://therealjameswilson.github.io/Clinton-Russia-High-Level/public/documents/1999-04-19-telcon-69.pdf"
"Economic Reform / Assistance","5","1993-04-26","Telcon","32-34","32-33","1","reform:1","Telephone call with President Boris Yeltsin of Russia, April 26, 1993, White House","https://therealjameswilson.github.io/Clinton-Russia-High-Level/public/documents/1993-04-26-telcon-05.pdf"
"Economic Reform / Assistance","12","1993-10-05","Telcon","65-68","65-67","1","aid:1","Telephone call with President Boris Yeltsin of Russia, October 5, 1993, Air Force One","https://therealjameswilson.github.io/Clinton-Russia-High-Level/public/documents/1993-10-05-telcon-12.pdf"
"Economic Reform / Assistance","16","1994-01-14","Memcon","91-93","91-93","1","assistance:1","Trilateral Meeting with President Boris Yeltsin of Russia on Security Issues","https://therealjameswilson.github.io/Clinton-Russia-High-Level/public/documents/1994-01-14-memcon-trilateral-yeltsin-kravchuk.pdf"
"Economic Reform / Assistance","25","1994-09-27","Memcon","134-144","134-143","1","assistance:1","Meeting with President Boris Yeltsin of Russia, September 27, 1994, White House","https://therealjameswilson.github.io/Clinton-Russia-High-Level/public/documents/1994-09-27-clinton-yeltsin-expanded-security-session.pdf"
"Economic Reform / Assistance","32","1995-06-17","Memcon","188-195","188-195","1","economic:1","Meeting with President Boris Yeltsin of Russia, June 17, 1995, Halifax, Nova Scotia, Canada","https://therealjameswilson.github.io/Clinton-Russia-High-Level/public/documents/1995-06-17-memcon-29.pdf"
"Economic Reform / Assistance","47","1996-12-05","Telcon","284-287","284-286","1","economic:1","Telephone call with President Boris Yeltsin of Russia, December 5, 1996, White House","https://therealjameswilson.github.io/Clinton-Russia-High-Level/public/documents/1996-12-05-telcon-42.pdf"
"Economic Reform / Assistance","49","1997-03-21","Memcon","292-303","292-302","1","economic:1","Helsinki Morning Meeting with President Boris Yeltsin","https://therealjameswilson.github.io/Clinton-Russia-High-Level/public/documents/1997-03-21-memcon-helsinki-morning.pdf"
"Economic Reform / Assistance","52","1997-03-21","Memcon","318-324","318-323","1","reform:1","Helsinki Private Dinner with President Boris Yeltsin","https://therealjameswilson.github.io/Clinton-Russia-High-Level/public/documents/1997-03-21-memcon-helsinki-private-dinner.pdf"
"Economic Reform / Assistance","55","1997-10-30","Telcon","343-349","343-348","1","reform:1","Telephone call with President Boris Yeltsin of Russia, October 30, 1997, White House","https://therealjameswilson.github.io/Clinton-Russia-High-Level/public/documents/1997-10-30-telcon-47.pdf"
"Economic Reform / Assistance","57","1997-11-22","Telcon","354-360","354-359","1","aid:1","Telephone call with President Boris Yeltsin of Russia, November 22, 1997, White House","https://therealjameswilson.github.io/Clinton-Russia-High-Level/public/documents/1997-11-22-telcon-49.pdf"
"Economic Reform / Assistance","59","1998-02-23","Telcon","366-370","366-369","1","economic:1","Telephone call with President Boris Yeltsin of Russia, February 23, 1998, White House","https://therealjameswilson.github.io/Clinton-Russia-High-Level/public/documents/1998-02-23-telcon-51.pdf"
"Economic Reform / Assistance","62","1998-05-17","Memcon","383-391","383-390","1","economic:1","Meeting with President Boris Yeltsin of Russia, May 17, 1998, Birmingham, England","https://therealjameswilson.github.io/Clinton-Russia-High-Level/public/documents/1998-05-17-memcon-54.pdf"
"Economic Reform / Assistance","73","1999-03-24","Telcon","440-445","440-444","1","economic:1","Telephone call with President Boris Yeltsin of Russia, March 24, 1999, White House","https://therealjameswilson.github.io/Clinton-Russia-High-Level/public/documents/1999-03-24-telcon-68.pdf"
"Economic Reform / Assistance","79","1999-06-10","Telcon","478-480","478-479","1","reform:1","Telephone call with President Boris Yeltsin of Russia, June 10, 1999, White House","https://therealjameswilson.github.io/Clinton-Russia-High-Level/public/documents/1999-06-10-telcon-74.pdf"
"Russian Politics / Elections","37","1996-01-26","Telcon","225-230","225-229","15","election:6; duma:6; communist:1; democracy:1; opposition:1","Telephone call with President Boris Yeltsin of Russia, January 26, 1996, White House","https://therealjameswilson.github.io/Clinton-Russia-High-Level/public/documents/1996-01-26-telcon-33.pdf"
"Russian Politics / Elections","14","1994-01-13","Memcon","74-79","74-79","11","election:1; duma:7; constitution:3","One-on-One Meeting with President Boris Yeltsin of Russia","https://therealjameswilson.github.io/Clinton-Russia-High-Level/public/documents/clinton-standalone-1994-01-13-memcon-one-on-one.pdf"
"Russian Politics / Elections","42","1996-04-21","Memcon","261-268","261-267","11","election:8; zyuganov:3","Luncheon Meeting with Russian President Boris Yeltsin","https://therealjameswilson.github.io/Clinton-Russia-High-Level/public/documents/1996-04-21-memcon-moscow-luncheon.pdf"
"Russian Politics / Elections","38","1996-02-21","Telcon","231-235","231-234","10","election:6; duma:3; democracy:1","Telephone call with President Boris Yeltsin of Russia, February 21, 1996, White House","https://therealjameswilson.github.io/Clinton-Russia-High-Level/public/documents/1996-02-21-telcon-34.pdf"
"Russian Politics / Elections","43","1996-05-07","Telcon","269-273","269-272","10","election:7; democracy:1; constitution:2","Telephone call with President Boris Yeltsin of Russia, May 7, 1996, White House","https://therealjameswilson.github.io/Clinton-Russia-High-Level/public/documents/1996-05-07-telcon-38.pdf"
"Russian Politics / Elections","67","1998-07-10","Telcon","410-414","410-413","10","duma:9; constitution:1","Telephone call with President Boris Yeltsin of Russia, July 10, 1998, White House","https://therealjameswilson.github.io/Clinton-Russia-High-Level/public/documents/1998-07-10-telcon-60.pdf"
"Russian Politics / Elections","39","1996-03-13","Memcon","236-240","236-239","9","election:4; zyuganov:1; communist:3; democracy:1","Meeting with President Boris Yeltsin of Russia, March 13, 1996, Sharm El-Sheikh, Egypt","https://therealjameswilson.github.io/Clinton-Russia-High-Level/public/documents/1996-03-13-clinton-yeltsin-sharm-el-sheikh-memcon-cable.pdf"
"Russian Politics / Elections","68","1998-08-14","Telcon","415-421","415-420","9","duma:9","Telephone call with President Boris Yeltsin of Russia, August 14, 1998, White House","https://therealjameswilson.github.io/Clinton-Russia-High-Level/public/documents/1998-08-14-telcon-61.pdf"
"Russian Politics / Elections","13","1993-12-22","Telcon","69-73","69-72","7","election:2; duma:1; constitution:4","Telephone call with President Boris Yeltsin of Russia, December 22, 1993, White House","https://therealjameswilson.github.io/Clinton-Russia-High-Level/public/documents/1993-12-22-telcon-13.pdf"
"Russian Politics / Elections","29","1995-02-13","Telcon","161-165","161-164","7","duma:1; democracy:4; constitution:2","Telephone call with President Boris Yeltsin of Russia, February 13, 1995, White House","https://therealjameswilson.github.io/Clinton-Russia-High-Level/public/documents/1995-02-13-telcon-26.pdf"
"Russian Politics / Elections","50","1997-03-21","Memcon","304-312","304-311","7","duma:5; democracy:1; opposition:1","Helsinki Working Lunch with President Boris Yeltsin","https://therealjameswilson.github.io/Clinton-Russia-High-Level/public/documents/1997-03-21-memcon-helsinki-working-lunch.pdf"
"Russian Politics / Elections","53","1997-05-27","Memcon","325-333","325-332","7","election:3; duma:4","Meeting with President Boris Yeltsin of Russia, May 27, 1997, Paris, France","https://therealjameswilson.github.io/Clinton-Russia-High-Level/public/documents/1997-05-27-memcon-45.pdf"
"Russian Politics / Elections","40","1996-04-09","Telcon","241-246","241-245","6","election:4; zyuganov:1; democracy:1","Telephone call with President Boris Yeltsin of Russia, April 9, 1996, White House","https://therealjameswilson.github.io/Clinton-Russia-High-Level/public/documents/1996-04-09-telcon-36.pdf"
"Russian Politics / Elections","41","1996-04-21","Memcon","247-260","247-259","6","election:3; duma:3","POTUS-Yeltsin One-on-One","https://therealjameswilson.github.io/Clinton-Russia-High-Level/public/documents/1996-04-21-memcon-moscow-one-on-one.pdf"
"Russian Politics / Elections","82","1999-06-20","Memcon","494-503","494-502","6","duma:6","Meeting with President Boris Yeltsin of Russia, June 20, 1999, Cologne, Germany","https://therealjameswilson.github.io/Clinton-Russia-High-Level/public/documents/1999-06-20-memcon-77.pdf"
"Russian Politics / Elections","33","1995-07-28","Telcon","196-201","196-200","5","duma:2; opposition:1; constitution:2","Telephone call with President Boris Yeltsin of Russia, July 28, 1995, White House","https://therealjameswilson.github.io/Clinton-Russia-High-Level/public/documents/1995-07-28-telcon-30.pdf"
"Russian Politics / Elections","45","1996-07-05","Telcon","277-280","277-279","5","election:3; democracy:2","Telephone call with President Boris Yeltsin of Russia, July 5, 1996, White House","https://therealjameswilson.github.io/Clinton-Russia-High-Level/public/documents/1996-07-05-telcon-40.pdf"
"Russian Politics / Elections","49","1997-03-21","Memcon","292-303","292-302","5","duma:5","Helsinki Morning Meeting with President Boris Yeltsin","https://therealjameswilson.github.io/Clinton-Russia-High-Level/public/documents/1997-03-21-memcon-helsinki-morning.pdf"
"Russian Politics / Elections","55","1997-10-30","Telcon","343-349","343-348","5","duma:5","Telephone call with President Boris Yeltsin of Russia, October 30, 1997, White House","https://therealjameswilson.github.io/Clinton-Russia-High-Level/public/documents/1997-10-30-telcon-47.pdf"
"Russian Politics / Elections","57","1997-11-22","Telcon","354-360","354-359","5","duma:5","Telephone call with President Boris Yeltsin of Russia, November 22, 1997, White House","https://therealjameswilson.github.io/Clinton-Russia-High-Level/public/documents/1997-11-22-telcon-49.pdf"
"Russian Politics / Elections","62","1998-05-17","Memcon","383-391","383-390","5","duma:4; democracy:1","Meeting with President Boris Yeltsin of Russia, May 17, 1998, Birmingham, England","https://therealjameswilson.github.io/Clinton-Russia-High-Level/public/documents/1998-05-17-memcon-54.pdf"
"Russian Politics / Elections","85","1999-12-31","Telcon","518-521","518-520","5","democracy:3; constitution:2","Telephone call with President Boris Yeltsin of Russia, December 31, 1999, White House","https://therealjameswilson.github.io/Clinton-Russia-High-Level/public/documents/1999-12-31-telcon-80.pdf"
"Russian Politics / Elections","11","1993-09-21","Telcon","61-64","61-63","4","election:1; communist:1; opposition:2","Telephone call with President Boris Yeltsin of Russia, September 21, 1993, White House","https://therealjameswilson.github.io/Clinton-Russia-High-Level/public/documents/1993-09-21-telcon-11.pdf"
"Russian Politics / Elections","12","1993-10-05","Telcon","65-68","65-67","4","election:2; democracy:1; opposition:1","Telephone call with President Boris Yeltsin of Russia, October 5, 1993, Air Force One","https://therealjameswilson.github.io/Clinton-Russia-High-Level/public/documents/1993-10-05-telcon-12.pdf"
"Russian Politics / Elections","15","1994-01-13","Memcon","80-90","80-90","4","duma:2; communist:1; democracy:1","President's dinner with President Yeltsin, January 13/14, 1994","https://therealjameswilson.github.io/Clinton-Russia-High-Level/public/documents/clinton-standalone-1994-01-13-yeltsin-dinner-cable.pdf"
"Russian Politics / Elections","31","1995-05-10","Memcon","171-187","171-186","4","duma:1; opposition:3","Meeting with President Boris Yeltsin of Russia, May 10, 1995, The Kremlin, Moscow, Russia","https://therealjameswilson.github.io/Clinton-Russia-High-Level/public/documents/1995-05-10-memcon-28.pdf"
"Russian Politics / Elections","44","1996-06-18","Telcon","274-276","274-275","4","election:3; democracy:1","Telephone call with President Boris Yeltsin of Russia, June 18, 1996, White House","https://therealjameswilson.github.io/Clinton-Russia-High-Level/public/documents/1996-06-18-telcon-39.pdf"
"Russian Politics / Elections","52","1997-03-21","Memcon","318-324","318-323","4","duma:4","Helsinki Private Dinner with President Boris Yeltsin","https://therealjameswilson.github.io/Clinton-Russia-High-Level/public/documents/1997-03-21-memcon-helsinki-private-dinner.pdf"
"Russian Politics / Elections","70","1998-09-12","Telcon","427-431","427-430","4","duma:3; democracy:1","Telephone call with President Boris Yeltsin of Russia, September 12, 1998, White House","https://therealjameswilson.github.io/Clinton-Russia-High-Level/public/documents/1998-09-12-telcon-64.pdf"
"Russian Politics / Elections","73","1999-03-24","Telcon","440-445","440-444","4","duma:1; communist:1; democracy:1; constitution:1","Telephone call with President Boris Yeltsin of Russia, March 24, 1999, White House","https://therealjameswilson.github.io/Clinton-Russia-High-Level/public/documents/1999-03-24-telcon-68.pdf"
"Russian Politics / Elections","3","1993-04-03","Memcon","9-18","9-17","3","communist:1; democracy:2","Working Dinner with President Boris Yeltsin","https://therealjameswilson.github.io/Clinton-Russia-High-Level/public/documents/1993-04-03-clinton-yeltsin-vancouver-working-dinner.pdf"
"Russian Politics / Elections","18","1994-01-15","Memcon","102-103","102-103","3","duma:2; democracy:1","One-on-One Meeting with President Boris Yeltsin of Russia","https://therealjameswilson.github.io/Clinton-Russia-High-Level/public/documents/clinton-standalone-1994-01-15-memcon-one-on-one.pdf"
"Russian Politics / Elections","47","1996-12-05","Telcon","284-287","284-286","3","election:3","Telephone call with President Boris Yeltsin of Russia, December 5, 1996, White House","https://therealjameswilson.github.io/Clinton-Russia-High-Level/public/documents/1996-12-05-telcon-42.pdf"
"Russian Politics / Elections","59","1998-02-23","Telcon","366-370","366-369","3","duma:3","Telephone call with President Boris Yeltsin of Russia, February 23, 1998, White House","https://therealjameswilson.github.io/Clinton-Russia-High-Level/public/documents/1998-02-23-telcon-51.pdf"
"Russian Politics / Elections","65","1998-06-15","Telcon","401-406","401-405","3","duma:3","Telephone call with President Boris Yeltsin of Russia, June 15, 1998, White House","https://therealjameswilson.github.io/Clinton-Russia-High-Level/public/documents/1998-06-15-telcon-57.pdf"
"Russian Politics / Elections","83","1999-09-08","Telcon","504-509","504-508","3","election:1; duma:1; constitution:1","Telephone call with President Boris Yeltsin of Russia, September 8, 1999, White House","https://therealjameswilson.github.io/Clinton-Russia-High-Level/public/documents/1999-09-08-telcon-78.pdf"
"Russian Politics / Elections","84","1999-11-19","Memcon","510-517","510-516","3","election:1; duma:1; democracy:1","Meeting with President Boris Yeltsin of Russia, November 19, 1999, Istanbul, Turkey","https://therealjameswilson.github.io/Clinton-Russia-High-Level/public/documents/1999-11-18-memcon-79.pdf"
"Russian Politics / Elections","4","1993-04-04","Memcon","19-31","19-30","2","communist:2","Meeting with Russian President Boris Yeltsin on Security Issues","https://therealjameswilson.github.io/Clinton-Russia-High-Level/public/documents/1993-04-04-clinton-yeltsin-vancouver-security-issues.pdf"
"Russian Politics / Elections","32","1995-06-17","Memcon","188-195","188-195","2","election:1; opposition:1","Meeting with President Boris Yeltsin of Russia, June 17, 1995, Halifax, Nova Scotia, Canada","https://therealjameswilson.github.io/Clinton-Russia-High-Level/public/documents/1995-06-17-memcon-29.pdf"
"Russian Politics / Elections","35","1995-10-23","Memcon","206-218","206-217","2","duma:1; democracy:1","Clinton-Yeltsin One-on-One","https://therealjameswilson.github.io/Clinton-Russia-High-Level/public/documents/1995-10-23-clinton-yeltsin-hyde-park-one-on-one.pdf"
"Russian Politics / Elections","60","1998-04-06","Telcon","371-376","371-375","2","duma:2","Telephone call with President Boris Yeltsin of Russia, April 6, 1998, White House","https://therealjameswilson.github.io/Clinton-Russia-High-Level/public/documents/1998-04-06-telcon-52.pdf"
"Russian Politics / Elections","74","1999-04-19","Telcon","446-452","446-451","2","communist:1; opposition:1","Telephone call with President Boris Yeltsin of Russia, April 19, 1999, White House","https://therealjameswilson.github.io/Clinton-Russia-High-Level/public/documents/1999-04-19-telcon-69.pdf"
"Russian Politics / Elections","8","1993-06-28","Telcon","41-45","41-44","1","constitution:1","Telephone call with President Boris Yeltsin of Russia, June 28, 1993, White House","https://therealjameswilson.github.io/Clinton-Russia-High-Level/public/documents/1993-06-28-telcon-08.pdf"
"Russian Politics / Elections","10","1993-09-07","Telcon","56-60","56-59","1","opposition:1","Telephone call with President Boris Yeltsin of Russia, September 7, 1993, White House","https://therealjameswilson.github.io/Clinton-Russia-High-Level/public/documents/1993-09-07-telcon-10.pdf"
"Russian Politics / Elections","24","1994-09-27","Memcon","126-133","126-132","1","communist:1","Clinton-Yeltsin one-on-one memcon, September 27, 1994","https://therealjameswilson.github.io/Clinton-Russia-High-Level/public/documents/1994-09-27-clinton-yeltsin-white-house-one-on-one.pdf"
"Russian Politics / Elections","25","1994-09-27","Memcon","134-144","134-143","1","duma:1","Meeting with President Boris Yeltsin of Russia, September 27, 1994, White House","https://therealjameswilson.github.io/Clinton-Russia-High-Level/public/documents/1994-09-27-clinton-yeltsin-expanded-security-session.pdf"
"Russian Politics / Elections","27","1994-10-05","Telcon","151-155","151-154","1","opposition:1","Telephone call with President Boris Yeltsin, October 5, 1994, White House","https://therealjameswilson.github.io/Clinton-Russia-High-Level/public/documents/1994-10-05-telcon-24.pdf"
"Russian Politics / Elections","30","1995-04-27","Telcon","166-170","166-169","1","duma:1","Telephone call with President Boris Yeltsin of Russia, April 27, 1995, White House","https://therealjameswilson.github.io/Clinton-Russia-High-Level/public/documents/1995-04-27-telcon-27.pdf"
"Russian Politics / Elections","46","1996-09-15","Telcon","281-283","281-282","1","election:1","Telephone call with President Boris Yeltsin of Russia, September 15, 1996, White House","https://therealjameswilson.github.io/Clinton-Russia-High-Level/public/documents/1996-09-15-telcon-41.pdf"
"Russian Politics / Elections","51","1997-03-21","Memcon","313-317","313-316","1","duma:1","Helsinki Afternoon Meeting with President Boris Yeltsin","https://therealjameswilson.github.io/Clinton-Russia-High-Level/public/documents/1997-03-21-memcon-helsinki-afternoon.pdf"
"Russian Politics / Elections","54","1997-06-20","Memcon","334-342","334-341","1","democracy:1","Meeting with President Boris Yeltsin of Russia, June 20, 1997, Denver, Colorado","https://therealjameswilson.github.io/Clinton-Russia-High-Level/public/documents/1997-06-20-memcon-46.pdf"
"Russian Politics / Elections","58","1998-02-02","Telcon","361-365","361-364","1","duma:1","Telephone call with President Boris Yeltsin of Russia, February 2, 1998, White House","https://therealjameswilson.github.io/Clinton-Russia-High-Level/public/documents/1998-02-02-telcon-50.pdf"
"Russian Politics / Elections","61","1998-05-12","Telcon","377-382","377-381","1","duma:1","Telephone call with President Boris Yeltsin of Russia, May 12, 1998, White House","https://therealjameswilson.github.io/Clinton-Russia-High-Level/public/documents/1998-05-12-telcon-53.pdf"
"Russian Politics / Elections","63","1998-05-21","Telcon","392-395","392-394","1","duma:1","Telephone call with President Boris Yeltsin of Russia, May 21, 1998, White House","https://therealjameswilson.github.io/Clinton-Russia-High-Level/public/documents/1998-05-21-telcon-55.pdf"
"Russian Politics / Elections","64","1998-05-28","Telcon","396-400","396-399","1","duma:1","Telephone call with President Boris Yeltsin of Russia, May 28, 1998, White House","https://therealjameswilson.github.io/Clinton-Russia-High-Level/public/documents/1998-05-28-telcon-56.pdf"
"Russian Politics / Elections","72","1998-12-30","Telcon","435-439","435-439","1","duma:1","Telephone call with President Boris Yeltsin of Russia, December 30, 1998, White House","https://therealjameswilson.github.io/Clinton-Russia-High-Level/public/documents/1998-12-30-clinton-yeltsin-telcon-actual-pages.pdf"
"Russian Politics / Elections","75","1999-04-25","Telcon","453-465","453-464","1","election:1","Telephone call with President Boris Yeltsin of Russia, April 25, 1999, Washington, D.C.","https://therealjameswilson.github.io/Clinton-Russia-High-Level/public/documents/1999-04-25-telcon-70.pdf"
"Chechnya / Caucasus","29","1995-02-13","Telcon","161-165","161-164","15","chechnya:14; chechen:1","Telephone call with President Boris Yeltsin of Russia, February 13, 1995, White House","https://therealjameswilson.github.io/Clinton-Russia-High-Level/public/documents/1995-02-13-telcon-26.pdf"
"Chechnya / Caucasus","32","1995-06-17","Memcon","188-195","188-195","8","chechnya:3; caucasus:2; dudayev:3","Meeting with President Boris Yeltsin of Russia, June 17, 1995, Halifax, Nova Scotia, Canada","https://therealjameswilson.github.io/Clinton-Russia-High-Level/public/documents/1995-06-17-memcon-29.pdf"
"Chechnya / Caucasus","84","1999-11-19","Memcon","510-517","510-516","8","chechnya:6; chechen:2","Meeting with President Boris Yeltsin of Russia, November 19, 1999, Istanbul, Turkey","https://therealjameswilson.github.io/Clinton-Russia-High-Level/public/documents/1999-11-18-memcon-79.pdf"
"Chechnya / Caucasus","41","1996-04-21","Memcon","247-260","247-259","7","chechnya:3; dudayev:4","POTUS-Yeltsin One-on-One","https://therealjameswilson.github.io/Clinton-Russia-High-Level/public/documents/1996-04-21-memcon-moscow-one-on-one.pdf"
"Chechnya / Caucasus","7","1993-05-10","Telcon","38-40","38-39","6","dudayev:6","Telephone call with President Boris Yeltsin of Russia, May 10, 1993, White House","https://therealjameswilson.github.io/Clinton-Russia-High-Level/public/documents/1993-05-10-telcon-07.pdf"
"Chechnya / Caucasus","37","1996-01-26","Telcon","225-230","225-229","6","chechnya:2; chechen:2; caucasus:1; dudayev:1","Telephone call with President Boris Yeltsin of Russia, January 26, 1996, White House","https://therealjameswilson.github.io/Clinton-Russia-High-Level/public/documents/1996-01-26-telcon-33.pdf"
"Chechnya / Caucasus","31","1995-05-10","Memcon","171-187","171-186","5","chechnya:3; caucasus:1; dudayev:1","Meeting with President Boris Yeltsin of Russia, May 10, 1995, The Kremlin, Moscow, Russia","https://therealjameswilson.github.io/Clinton-Russia-High-Level/public/documents/1995-05-10-memcon-28.pdf"
"Chechnya / Caucasus","33","1995-07-28","Telcon","196-201","196-200","5","chechnya:4; chechen:1","Telephone call with President Boris Yeltsin of Russia, July 28, 1995, White House","https://therealjameswilson.github.io/Clinton-Russia-High-Level/public/documents/1995-07-28-telcon-30.pdf"
"Chechnya / Caucasus","43","1996-05-07","Telcon","269-273","269-272","5","chechnya:3; chechen:1; dudayev:1","Telephone call with President Boris Yeltsin of Russia, May 7, 1996, White House","https://therealjameswilson.github.io/Clinton-Russia-High-Level/public/documents/1996-05-07-telcon-38.pdf"
"Chechnya / Caucasus","40","1996-04-09","Telcon","241-246","241-245","4","chechnya:4","Telephone call with President Boris Yeltsin of Russia, April 9, 1996, White House","https://therealjameswilson.github.io/Clinton-Russia-High-Level/public/documents/1996-04-09-telcon-36.pdf"
"Chechnya / Caucasus","30","1995-04-27","Telcon","166-170","166-169","3","chechnya:3","Telephone call with President Boris Yeltsin of Russia, April 27, 1995, White House","https://therealjameswilson.github.io/Clinton-Russia-High-Level/public/documents/1995-04-27-telcon-27.pdf"
"Chechnya / Caucasus","83","1999-09-08","Telcon","504-509","504-508","3","chechnya:2; chechen:1","Telephone call with President Boris Yeltsin of Russia, September 8, 1999, White House","https://therealjameswilson.github.io/Clinton-Russia-High-Level/public/documents/1999-09-08-telcon-78.pdf"
"Chechnya / Caucasus","38","1996-02-21","Telcon","231-235","231-234","2","chechnya:2","Telephone call with President Boris Yeltsin of Russia, February 21, 1996, White House","https://therealjameswilson.github.io/Clinton-Russia-High-Level/public/documents/1996-02-21-telcon-34.pdf"
"Chechnya / Caucasus","82","1999-06-20","Memcon","494-503","494-502","2","chechnya:2","Meeting with President Boris Yeltsin of Russia, June 20, 1999, Cologne, Germany","https://therealjameswilson.github.io/Clinton-Russia-High-Level/public/documents/1999-06-20-memcon-77.pdf"
"Chechnya / Caucasus","34","1995-09-27","Telcon","202-205","202-204","1","chechnya:1","Telephone call with President Boris Yeltsin of Russia, September 27, 1995, White House","https://therealjameswilson.github.io/Clinton-Russia-High-Level/public/documents/1995-09-27-telcon-31.pdf"
"Chechnya / Caucasus","42","1996-04-21","Memcon","261-268","261-267","1","chechnya:1","Luncheon Meeting with Russian President Boris Yeltsin","https://therealjameswilson.github.io/Clinton-Russia-High-Level/public/documents/1996-04-21-memcon-moscow-luncheon.pdf"
"Iraq / Middle East","28","1994-10-10","Telcon","156-160","156-159","22","iraq:8; saddam:7; sanctions:4; middle east:3","Telephone call with President Boris Yeltsin of Russia, October 10, 1994, White House","https://therealjameswilson.github.io/Clinton-Russia-High-Level/public/documents/1994-10-10-clinton-yeltsin-iraq-telcon.pdf"
"Iraq / Middle East","15","1994-01-13","Memcon","80-90","80-90","20","iraq:10; sanctions:4; middle east:1; iran:5","President's dinner with President Yeltsin, January 13/14, 1994","https://therealjameswilson.github.io/Clinton-Russia-High-Level/public/documents/clinton-standalone-1994-01-13-yeltsin-dinner-cable.pdf"
"Iraq / Middle East","17","1994-01-14","Memcon","94-101","94-101","17","iraq:4; middle east:1; iran:12","Second Expanded Bilateral Session with President Boris Yeltsin of Russia","https://therealjameswilson.github.io/Clinton-Russia-High-Level/public/documents/1994-01-14-memcon-second-expanded-bilateral-session.pdf"
"Iraq / Middle East","22","1994-06-13","Telcon","117-121","117-120","17","sanctions:17","Telephone Call with President Boris Yeltsin of Russia, June 13, 1994, White House","https://therealjameswilson.github.io/Clinton-Russia-High-Level/public/documents/1994-06-13-telcon-20.pdf"
"Iraq / Middle East","31","1995-05-10","Memcon","171-187","171-186","17","middle east:1; iran:16","Meeting with President Boris Yeltsin of Russia, May 10, 1995, The Kremlin, Moscow, Russia","https://therealjameswilson.github.io/Clinton-Russia-High-Level/public/documents/1995-05-10-memcon-28.pdf"
"Iraq / Middle East","4","1993-04-04","Memcon","19-31","19-30","15","iraq:4; sanctions:2; middle east:2; iran:7","Meeting with Russian President Boris Yeltsin on Security Issues","https://therealjameswilson.github.io/Clinton-Russia-High-Level/public/documents/1993-04-04-clinton-yeltsin-vancouver-security-issues.pdf"
"Iraq / Middle East","52","1997-03-21","Memcon","318-324","318-323","15","middle east:2; iran:13","Helsinki Private Dinner with President Boris Yeltsin","https://therealjameswilson.github.io/Clinton-Russia-High-Level/public/documents/1997-03-21-memcon-helsinki-private-dinner.pdf"
"Iraq / Middle East","58","1998-02-02","Telcon","361-365","361-364","15","iraq:7; saddam:3; sanctions:1; iran:4","Telephone call with President Boris Yeltsin of Russia, February 2, 1998, White House","https://therealjameswilson.github.io/Clinton-Russia-High-Level/public/documents/1998-02-02-telcon-50.pdf"
"Iraq / Middle East","41","1996-04-21","Memcon","247-260","247-259","13","middle east:6; iran:7","POTUS-Yeltsin One-on-One","https://therealjameswilson.github.io/Clinton-Russia-High-Level/public/documents/1996-04-21-memcon-moscow-one-on-one.pdf"
"Iraq / Middle East","54","1997-06-20","Memcon","334-342","334-341","13","iraq:3; saddam:1; sanctions:4; iran:5","Meeting with President Boris Yeltsin of Russia, June 20, 1997, Denver, Colorado","https://therealjameswilson.github.io/Clinton-Russia-High-Level/public/documents/1997-06-20-memcon-46.pdf"
"Iraq / Middle East","57","1997-11-22","Telcon","354-360","354-359","10","iraq:5; saddam:3; iran:2","Telephone call with President Boris Yeltsin of Russia, November 22, 1997, White House","https://therealjameswilson.github.io/Clinton-Russia-High-Level/public/documents/1997-11-22-telcon-49.pdf"
"Iraq / Middle East","56","1997-11-16","Telcon","350-353","350-352","9","iraq:3; saddam:6","Telephone call with President Boris Yeltsin of Russia, November 16, 1997, Malibu, California","https://therealjameswilson.github.io/Clinton-Russia-High-Level/public/documents/1997-11-16-telcon-48.pdf"
"Iraq / Middle East","72","1998-12-30","Telcon","435-439","435-439","8","iraq:5; saddam:3","Telephone call with President Boris Yeltsin of Russia, December 30, 1998, White House","https://therealjameswilson.github.io/Clinton-Russia-High-Level/public/documents/1998-12-30-clinton-yeltsin-telcon-actual-pages.pdf"
"Iraq / Middle East","9","1993-07-10","Memcon","46-55","46-54","7","sanctions:5; iran:2","Meeting with President Boris Yeltsin of Russia, July 10, 1993, Tokyo, Japan","https://therealjameswilson.github.io/Clinton-Russia-High-Level/public/documents/1993-07-10-memcon-09.pdf"
"Iraq / Middle East","53","1997-05-27","Memcon","325-333","325-332","7","middle east:1; iran:6","Meeting with President Boris Yeltsin of Russia, May 27, 1997, Paris, France","https://therealjameswilson.github.io/Clinton-Russia-High-Level/public/documents/1997-05-27-memcon-45.pdf"
"Iraq / Middle East","59","1998-02-23","Telcon","366-370","366-369","7","iraq:3; saddam:4","Telephone call with President Boris Yeltsin of Russia, February 23, 1998, White House","https://therealjameswilson.github.io/Clinton-Russia-High-Level/public/documents/1998-02-23-telcon-51.pdf"
"Iraq / Middle East","69","1998-08-25","Telcon","422-426","422-425","7","iraq:3; saddam:1; iran:3","Telephone call with President Boris Yeltsin of Russia, August 25, 1998, Martha's Vineyard, Massachusetts","https://therealjameswilson.github.io/Clinton-Russia-High-Level/public/documents/1998-08-25-telcon-62.pdf"
"Iraq / Middle East","27","1994-10-05","Telcon","151-155","151-154","6","iran:6","Telephone call with President Boris Yeltsin, October 5, 1994, White House","https://therealjameswilson.github.io/Clinton-Russia-High-Level/public/documents/1994-10-05-telcon-24.pdf"
"Iraq / Middle East","8","1993-06-28","Telcon","41-45","41-44","5","iraq:3; sanctions:1; iran:1","Telephone call with President Boris Yeltsin of Russia, June 28, 1993, White House","https://therealjameswilson.github.io/Clinton-Russia-High-Level/public/documents/1993-06-28-telcon-08.pdf"
"Iraq / Middle East","14","1994-01-13","Memcon","74-79","74-79","5","iraq:1; iran:4","One-on-One Meeting with President Boris Yeltsin of Russia","https://therealjameswilson.github.io/Clinton-Russia-High-Level/public/documents/clinton-standalone-1994-01-13-memcon-one-on-one.pdf"
"Iraq / Middle East","24","1994-09-27","Memcon","126-133","126-132","5","sanctions:2; iran:3","Clinton-Yeltsin one-on-one memcon, September 27, 1994","https://therealjameswilson.github.io/Clinton-Russia-High-Level/public/documents/1994-09-27-clinton-yeltsin-white-house-one-on-one.pdf"
"Iraq / Middle East","26","1994-09-28","Memcon","145-150","145-150","4","iraq:1; iran:3","Second Clinton/Yeltsin One-on-One","https://therealjameswilson.github.io/Clinton-Russia-High-Level/public/documents/clinton-standalone-1994-09-28-second-one-on-one.pdf"
"Iraq / Middle East","33","1995-07-28","Telcon","196-201","196-200","4","sanctions:4","Telephone call with President Boris Yeltsin of Russia, July 28, 1995, White House","https://therealjameswilson.github.io/Clinton-Russia-High-Level/public/documents/1995-07-28-telcon-30.pdf"
"Iraq / Middle East","60","1998-04-06","Telcon","371-376","371-375","4","iraq:1; iran:3","Telephone call with President Boris Yeltsin of Russia, April 6, 1998, White House","https://therealjameswilson.github.io/Clinton-Russia-High-Level/public/documents/1998-04-06-telcon-52.pdf"
"Iraq / Middle East","21","1994-04-20","Telcon","112-116","112-115","3","sanctions:3","Telephone call with President Boris Yeltsin of Russia, April 20, 1994, White House","https://therealjameswilson.github.io/Clinton-Russia-High-Level/public/documents/1994-04-20-telcon-18.pdf"
"Iraq / Middle East","25","1994-09-27","Memcon","134-144","134-143","3","sanctions:2; iran:1","Meeting with President Boris Yeltsin of Russia, September 27, 1994, White House","https://therealjameswilson.github.io/Clinton-Russia-High-Level/public/documents/1994-09-27-clinton-yeltsin-expanded-security-session.pdf"
"Iraq / Middle East","55","1997-10-30","Telcon","343-349","343-348","3","middle east:1; iran:2","Telephone call with President Boris Yeltsin of Russia, October 30, 1997, White House","https://therealjameswilson.github.io/Clinton-Russia-High-Level/public/documents/1997-10-30-telcon-47.pdf"
"Iraq / Middle East","67","1998-07-10","Telcon","410-414","410-413","3","sanctions:3","Telephone call with President Boris Yeltsin of Russia, July 10, 1998, White House","https://therealjameswilson.github.io/Clinton-Russia-High-Level/public/documents/1998-07-10-telcon-60.pdf"
"Iraq / Middle East","1","1993-01-23","Telcon","1-4","1-3","2","iraq:1; saddam:1","Telephone call with President Boris Yeltsin of Russia, January 23, 1993, White House","https://therealjameswilson.github.io/Clinton-Russia-High-Level/public/documents/1993-01-23-telcon-01.pdf"
"Iraq / Middle East","32","1995-06-17","Memcon","188-195","188-195","2","iran:2","Meeting with President Boris Yeltsin of Russia, June 17, 1995, Halifax, Nova Scotia, Canada","https://therealjameswilson.github.io/Clinton-Russia-High-Level/public/documents/1995-06-17-memcon-29.pdf"
"Iraq / Middle East","34","1995-09-27","Telcon","202-205","202-204","2","sanctions:1; iran:1","Telephone call with President Boris Yeltsin of Russia, September 27, 1995, White House","https://therealjameswilson.github.io/Clinton-Russia-High-Level/public/documents/1995-09-27-telcon-31.pdf"
"Iraq / Middle East","61","1998-05-12","Telcon","377-382","377-381","2","sanctions:1; iran:1","Telephone call with President Boris Yeltsin of Russia, May 12, 1998, White House","https://therealjameswilson.github.io/Clinton-Russia-High-Level/public/documents/1998-05-12-telcon-53.pdf"
"Iraq / Middle East","62","1998-05-17","Memcon","383-391","383-390","2","middle east:1; iran:1","Meeting with President Boris Yeltsin of Russia, May 17, 1998, Birmingham, England","https://therealjameswilson.github.io/Clinton-Russia-High-Level/public/documents/1998-05-17-memcon-54.pdf"
"Iraq / Middle East","2","1993-02-10","Telcon","5-8","5-7","1","sanctions:1","Telephone call with President Boris Yeltsin of Russia, February 10, 1993, White House","https://therealjameswilson.github.io/Clinton-Russia-High-Level/public/documents/1993-02-10-telcon-02.pdf"
"Iraq / Middle East","10","1993-09-07","Telcon","56-60","56-59","1","middle east:1","Telephone call with President Boris Yeltsin of Russia, September 7, 1993, White House","https://therealjameswilson.github.io/Clinton-Russia-High-Level/public/documents/1993-09-07-telcon-10.pdf"
"Iraq / Middle East","29","1995-02-13","Telcon","161-165","161-164","1","sanctions:1","Telephone call with President Boris Yeltsin of Russia, February 13, 1995, White House","https://therealjameswilson.github.io/Clinton-Russia-High-Level/public/documents/1995-02-13-telcon-26.pdf"
"Iraq / Middle East","30","1995-04-27","Telcon","166-170","166-169","1","iran:1","Telephone call with President Boris Yeltsin of Russia, April 27, 1995, White House","https://therealjameswilson.github.io/Clinton-Russia-High-Level/public/documents/1995-04-27-telcon-27.pdf"
"Iraq / Middle East","35","1995-10-23","Memcon","206-218","206-217","1","iran:1","Clinton-Yeltsin One-on-One","https://therealjameswilson.github.io/Clinton-Russia-High-Level/public/documents/1995-10-23-clinton-yeltsin-hyde-park-one-on-one.pdf"
"Iraq / Middle East","49","1997-03-21","Memcon","292-303","292-302","1","iraq:1","Helsinki Morning Meeting with President Boris Yeltsin","https://therealjameswilson.github.io/Clinton-Russia-High-Level/public/documents/1997-03-21-memcon-helsinki-morning.pdf"
"Iraq / Middle East","63","1998-05-21","Telcon","392-395","392-394","1","sanctions:1","Telephone call with President Boris Yeltsin of Russia, May 21, 1998, White House","https://therealjameswilson.github.io/Clinton-Russia-High-Level/public/documents/1998-05-21-telcon-55.pdf"
"Iraq / Middle East","70","1998-09-12","Telcon","427-431","427-430","1","iran:1","Telephone call with President Boris Yeltsin of Russia, September 12, 1998, White House","https://therealjameswilson.github.io/Clinton-Russia-High-Level/public/documents/1998-09-12-telcon-64.pdf"
"Iraq / Middle East","82","1999-06-20","Memcon","494-503","494-502","1","iran:1","Meeting with President Boris Yeltsin of Russia, June 20, 1999, Cologne, Germany","https://therealjameswilson.github.io/Clinton-Russia-High-Level/public/documents/1999-06-20-memcon-77.pdf"
"Iraq / Middle East","85","1999-12-31","Telcon","518-521","518-520","1","middle east:1","Telephone call with President Boris Yeltsin of Russia, December 31, 1999, White House","https://therealjameswilson.github.io/Clinton-Russia-High-Level/public/documents/1999-12-31-telcon-80.pdf"
